path,page,page_url,title_guess,text_preview
docs_core/calendrier_reforme.pdf,1,/docs_core/calendrier_reforme.pdf#page=1,Toutes les entreprises devront recevoir leurs factures au format électronique Les très petites entreprises/petites et mo,Toutes les entreprises devront recevoir leurs factures au format électronique Les très petites entreprises/petites et moyennes entreprises devront émettre les factures au format électronique* Les grandes entreprises et les entreprises de taille intermédiaire devront émettre les factures au format électronique *Même calendrier pour les transmissions des données de transaction « e-reporting » Calendrier de la réforme de la facturation électronique 01/09/2027
docs_core/circuit_transmission_factures_donnees.pdf,1,/docs_core/circuit_transmission_factures_donnees.pdf#page=1,- -,- -
docs_core/depliant_reforme_generique.pdf,1,/docs_core/depliant_reforme_generique.pdf#page=1,Plus juste Plus simple Plus efficace La Facturation électronique arrive en 2026 Les Finances publiques vous accompagnent,Plus juste Plus simple Plus efficace La Facturation électronique arrive en 2026 Les Finances publiques vous accompagnent Rendez-vous dans l’espace dédié à la facturation électronique sur le site impots.gouv.fr > Professionnel > Gérer mon entreprise/association > Je passe à la facturation électronique POUR EN SAVOIR PLUS Direction générale des Finances publiques Août 2025 6Calendrier du déploiement de la facturation électronique et du e-reporting. Les Finances publiques vous accompagnent mais aus
docs_core/depliant_reforme_generique.pdf,2,/docs_core/depliant_reforme_generique.pdf#page=2,1Quels sont les bénéfices de la facturation électronique ? 5Comment émettre et recevoir vos factures ou transmettre vos ,"1Quels sont les bénéfices de la facturation électronique ? 5Comment émettre et recevoir vos factures ou transmettre vos données sous format électronique ? 2 La facturation électronique, qu’est-ce-que c’est ? À partir du 1er septembre 2026, toutes les entreprises passent à la facturation électronique pour : À partir du 1er septembre 2026, vous devrez désormais transmettre vos factures par l’intermédiaire d’une plateforme agréée par l’État, directement ou au travers d’une solution compatible. Chaq"
docs_core/documentation_juridique.pdf,1,/docs_core/documentation_juridique.pdf#page=1,Réforme de la facturation électronique Documents de référence ➢ Article 123 de la loi de finances pour 2026 ➢ Évaluation,Réforme de la facturation électronique Documents de référence ➢ Article 123 de la loi de finances pour 2026 ➢ Évaluation préalable de l'article 28 (devenu article 123) du projet de loi de finances pour 2026 (pages 281 à 300) ➢ Décret n°2024-266 du 25 mars 2024 relatif à la généralisation de la facturation électronique dans les transactions entre assujettis à la taxe sur la valeur ajoutée et à la transmission des données de transaction ➢ Article 91 de la loi de finances pour 2024 prévoyant les no
docs_core/donnees_facture_intro.pdf,1,/docs_core/donnees_facture_intro.pdf#page=1,Données de facture listées à l’article 41 septies D de l’annexe IV au CGI à transmettre à l’administration en applicatio,"Données de facture listées à l’article 41 septies D de l’annexe IV au CGI à transmettre à l’administration en application de l’article 289 bis du même code Tableau récapitulatif des données de facture à transmettre à l'administration (pour les opérations dites « domestiques », entre deux entreprises assujetties à la TVA établies en France) Attendue à compter de Référence à l’article 41 septies D de l’annexe IV au CGI Donnée de la facture Données obligatoires présentes sur toutes les factures à t"
docs_core/donnees_facture_intro.pdf,2,/docs_core/donnees_facture_intro.pdf#page=2,1/09/2026 Date de l’acompte versé si elle est différente de la date d’émission de la facture Date de versement de l’acom,"1/09/2026 Date de l’acompte versé si elle est différente de la date d’émission de la facture Date de versement de l’acompte (si différente de la date de la facture) Attendue à compter de Référence à l’article 41 septies D de l’annexe IV au CGI Donnée de la facture Autres données obligatoires à transmettre à l’administration, présentes sur certaines factures uniquement (cela va dépendre de l’opération) 1/09/2027 Minoration de prix (rabais, remises, ristournes) Minoration du prix (rabais, remises,"
docs_core/dossier_presse_campagne_2026.pdf,1,/docs_core/dossier_presse_campagne_2026.pdf#page=1,dossier_presse_campagne_2026 page 1,
docs_core/dossier_presse_campagne_2026.pdf,2,/docs_core/dossier_presse_campagne_2026.pdf#page=2,dossier_presse_campagne_2026 page 2,
docs_core/dossier_presse_campagne_2026.pdf,3,/docs_core/dossier_presse_campagne_2026.pdf#page=3,dossier_presse_campagne_2026 page 3,
docs_core/dossier_presse_campagne_2026.pdf,4,/docs_core/dossier_presse_campagne_2026.pdf#page=4,dossier_presse_campagne_2026 page 4,
docs_core/dossier_presse_campagne_2026.pdf,5,/docs_core/dossier_presse_campagne_2026.pdf#page=5,dossier_presse_campagne_2026 page 5,
docs_core/dossier_presse_campagne_2026.pdf,6,/docs_core/dossier_presse_campagne_2026.pdf#page=6,dossier_presse_campagne_2026 page 6,
docs_core/dossier_presse_campagne_2026.pdf,7,/docs_core/dossier_presse_campagne_2026.pdf#page=7,dossier_presse_campagne_2026 page 7,
docs_core/dossier_presse_campagne_2026.pdf,8,/docs_core/dossier_presse_campagne_2026.pdf#page=8,dossier_presse_campagne_2026 page 8,
docs_core/dossier_presse_campagne_2026.pdf,9,/docs_core/dossier_presse_campagne_2026.pdf#page=9,• • • • • • •,• • • • • • •
docs_core/dossier_presse_campagne_2026.pdf,10,/docs_core/dossier_presse_campagne_2026.pdf#page=10,• •,• •
docs_core/dossier_presse_campagne_2026.pdf,11,/docs_core/dossier_presse_campagne_2026.pdf#page=11,• • • • • •,• • • • • •
docs_core/dossier_presse_campagne_2026.pdf,12,/docs_core/dossier_presse_campagne_2026.pdf#page=12,• • • • • o o o o o • o o o • o o o,• • • • • o o o o o • o o o • o o o
docs_core/dossier_presse_campagne_2026.pdf,13,/docs_core/dossier_presse_campagne_2026.pdf#page=13,➢ ➢ ➢ ➢,➢ ➢ ➢ ➢
docs_core/dossier_presse_campagne_2026.pdf,14,/docs_core/dossier_presse_campagne_2026.pdf#page=14,• • •,• • •
docs_core/dossier_presse_campagne_2026.pdf,15,/docs_core/dossier_presse_campagne_2026.pdf#page=15,• •,• •
docs_core/dossier_presse_campagne_2026.pdf,16,/docs_core/dossier_presse_campagne_2026.pdf#page=16,• • •,• • •
docs_core/dossier_presse_campagne_2026.pdf,17,/docs_core/dossier_presse_campagne_2026.pdf#page=17,• •,• •
docs_core/dossier_presse_campagne_2026.pdf,18,/docs_core/dossier_presse_campagne_2026.pdf#page=18,• • •,• • •
docs_core/dossier_presse_campagne_2026.pdf,19,/docs_core/dossier_presse_campagne_2026.pdf#page=19,dossier_presse_campagne_2026 page 19,
docs_core/dossier_presse_campagne_2026.pdf,20,/docs_core/dossier_presse_campagne_2026.pdf#page=20,dossier_presse_campagne_2026 page 20,
docs_core/dossier_presse_campagne_2026.pdf,21,/docs_core/dossier_presse_campagne_2026.pdf#page=21,• • •,• • •
docs_core/dossier_presse_campagne_2026.pdf,22,/docs_core/dossier_presse_campagne_2026.pdf#page=22,dossier_presse_campagne_2026 page 22,•
docs_core/dossier_presse_campagne_2026.pdf,23,/docs_core/dossier_presse_campagne_2026.pdf#page=23,dossier_presse_campagne_2026 page 23,
docs_core/dossier_presse_campagne_2026.pdf,24,/docs_core/dossier_presse_campagne_2026.pdf#page=24,dossier_presse_campagne_2026 page 24,
docs_core/faq_je_decouvre.pdf,1,/docs_core/faq_je_decouvre.pdf#page=1,Foire aux questions – Je découvre la facturation électronique 1. Questions communes à la facturation électronique et à l,Foire aux questions – Je découvre la facturation électronique 1. Questions communes à la facturation électronique et à la transmission de données de transaction et de paiement (e-reporting) 1.1 Comment déterminer si l’opération entre dans le champ de la facturation électronique ou de la transmission d’information à l’administration ( e-reporting ) ? 1.2 Les opérations en dehors du champ d'application de la TVA seront-elles soumises aux obligations de facturation électronique ou de e-reporting (p
docs_core/faq_je_decouvre.pdf,2,/docs_core/faq_je_decouvre.pdf#page=2,5.3 Si une facture est émise électroniquement conformément à l’article 289 bis du CGI par une entreprise non encore soum,"5.3 Si une facture est émise électroniquement conformément à l’article 289 bis du CGI par une entreprise non encore soumise à l’obligation d’émission, l’entreprise destinataire aura-t- elle l’obligation d’accepter cette facture électronique ? 6. Facturation électronique (e-invoicing) – données de factures 6.1 Est-ce que l’administration va récupérer toutes les mentions portées sur les factures ? 6.2 Qui se charge de l’extraction des données de la facture à destination de l’administration fiscale"
docs_core/faq_je_decouvre.pdf,3,/docs_core/faq_je_decouvre.pdf#page=3,1. Questions communes à la facturation électronique et au e-reporting 1.1 Comment déterminer si l’opération entre dans l,"1. Questions communes à la facturation électronique et au e-reporting 1.1 Comment déterminer si l’opération entre dans le champ de la facturation électronique ou de la transmission d’information à l’administration (e-reporting) ? Il convient tout d’abord de regarder la qualité de votre client. • Si votre client est un particulier ou une personne morale non assujettie, qu’ils soient en France ou à l’étranger , alors vous devez transmettre à l’administration des données concernant ces opérations d"
docs_core/faq_je_decouvre.pdf,4,/docs_core/faq_je_decouvre.pdf#page=4,"Par exemple, un médecin généraliste ou un ostéopathe devra avoir choisi une plateforme agréée, dès le 1 er septembre 202","Par exemple, un médecin généraliste ou un ostéopathe devra avoir choisi une plateforme agréée, dès le 1 er septembre 2026, afin de recevoir les factures de ses fournisseurs d’énergie ou d’accès internet, qui seront tenus d’émettre l’ensemble de leurs factures sous format électronique. 1.3. Les TPE/PME pourront-elles anticiper leur entrée dans la réforme ? Est-ce que l’entrée anticipée vaut pour la facturation électronique et la transmission des données de transactions (e-reporting) ? Les TPE/PME"
docs_core/faq_je_decouvre.pdf,5,/docs_core/faq_je_decouvre.pdf#page=5,3. Facturation électronique 3.1 Comment vais-je facturer demain ? Est-ce que je pourrai toujours envoyer directement une,3. Facturation électronique 3.1 Comment vais-je facturer demain ? Est-ce que je pourrai toujours envoyer directement une facture à un client ? Les entreprises soumises à l’obligation d’émission adresseront leurs factures à leurs clients professionnels par l’intermédiaire obligatoire d’une plateforme agréée qui se chargera de l’envoi effectif des factures au format électronique à la plateforme agréée choisie par le client. Les règles de facturation restent identiques. Il est rappelé qu'un PDF sim
docs_core/faq_je_decouvre.pdf,6,/docs_core/faq_je_decouvre.pdf#page=6,3.5 À quel rythme dois-je déposer une facture électronique ? Les modalités de facturation restent identiques : les factu,"3.5 À quel rythme dois-je déposer une facture électronique ? Les modalités de facturation restent identiques : les factures doivent, en principe, être émises dès la réalisation de la livraison de biens ou de la prestation de services (article 289-I.3 alinéa 1 du CGI). La facture doit être émise dès la réalisation du fait générateur retenu pour l’opération en matière de TVA. L’émission ou la transmission d’une facture électronique doit satisfaire à ces principes : les assujettis continueront donc"
docs_core/faq_je_decouvre.pdf,7,/docs_core/faq_je_decouvre.pdf#page=7,5.3 Si une facture est émise électroniquement conformément à l’article 289 bis du CGI par une entreprise non encore soum,"5.3 Si une facture est émise électroniquement conformément à l’article 289 bis du CGI par une entreprise non encore soumise à l’obligation d’émission, l’entreprise destinataire aura-t- elle l’obligation d’accepter cette facture électronique ? Au 1er septembre 2026, l’obligation de réception des factures sous format électronique sera applicable à toutes les entreprises quelle que soit leur taille ou leur forme juridique. Le destinataire d’une facture aura l'obligation et devra donc être en capaci"
docs_core/faq_je_decouvre.pdf,8,/docs_core/faq_je_decouvre.pdf#page=8,7.2 Les opérations hors champ de la TVA doivent-elles faire l’objet d’une transmission d’information à l’administration?,7.2 Les opérations hors champ de la TVA doivent-elles faire l’objet d’une transmission d’information à l’administration? Seules les opérations qui rentrent dans le champ d’application de la TVA et mentionnées à l’article 290 du CGI sont soumises au dispositif de transmission d’informations à l’administration. Les opérations hors du champ de la TVA sont donc exclues du e-reporting. 8. Transmission des données de transaction (e-reporting) – entrée en vigueur 8.1 Quel est le calendrier de l’obligat
docs_core/faq_je_decouvre.pdf,9,/docs_core/faq_je_decouvre.pdf#page=9,9.3 Sous quel délai dois-je envoyer les données de transactions ? Les données de transaction ne sont pas à transmettre a,"9.3 Sous quel délai dois-je envoyer les données de transactions ? Les données de transaction ne sont pas à transmettre au fil de l’eau comme les factures électroniques ou les données de facture. La fréquence de transmission est définie par le régime d’imposition de l’entreprise à la TVA. Par exemple si vous êtes franchisé en base, vous les transmettrez tous les deux mois. En revanche si votre entreprise est soumise au régime réel normal mensuel, la transmission des données se fera trois fois par"
docs_core/faq_je_decouvre.pdf,10,/docs_core/faq_je_decouvre.pdf#page=10,Un document annexe récapitule les fréquences et les échéances de transmission de ces données (Tableau – Fréquences et dé,"Un document annexe récapitule les fréquences et les échéances de transmission de ces données (Tableau – Fréquences et délais de transmission des données de transaction et de paiement). 11. Facturation électronique impliquant les entités publiques 11.1 Quelles règles sont applicables aux personnes publiques en matière de facturation électronique ? Depuis le 1er janvier 2017, l’État, les collectivités territoriales et les établissements publics sont tenus de recevoir les factures électroniques émi"
docs_core/faq_je_decouvre.pdf,11,/docs_core/faq_je_decouvre.pdf#page=11,11.2 Les personnes morales de droit public seront-elles dans l'obligation de recevoir des factures électroniques au sens,"11.2 Les personnes morales de droit public seront-elles dans l'obligation de recevoir des factures électroniques au sens de l'article 289 bis (un des trois formats du socle et un nombre de données structurées) ? Les dispositions du Code de la commande publique sont alignées sur le dispositif de facturation électronique prévu à l'article 289 bis du CGI. À compter du 1er septembre 2026, toutes les entités publiques seront en capacité de réceptionner les factures dans un format électronique avec un"
docs_international/webinaire_entreprises_etrangeres_2026_fr.pdf,1,/docs_international/webinaire_entreprises_etrangeres_2026_fr.pdf#page=1,12/02/2026 Présentation de la réforme aux entreprises étrangères sans établissement stable en France 10 février 2026,12/02/2026 Présentation de la réforme aux entreprises étrangères sans établissement stable en France 10 février 2026
docs_international/webinaire_entreprises_etrangeres_2026_fr.pdf,2,/docs_international/webinaire_entreprises_etrangeres_2026_fr.pdf#page=2,Direction générale des Finances publiques 2 Les grands principes de la réforme,Direction générale des Finances publiques 2 Les grands principes de la réforme
docs_international/webinaire_entreprises_etrangeres_2026_fr.pdf,3,/docs_international/webinaire_entreprises_etrangeres_2026_fr.pdf#page=3,Direction générale des Finances publiques 3 Une réforme structurante pour l’économie Cette réforme répond à une double a,Direction générale des Finances publiques 3 Une réforme structurante pour l’économie Cette réforme répond à une double attente exprimée par les acteurs économiques et institutionnels : améliorer la performance collective des entreprises françaises et alléger leurs charges administratives. => Elle représente une opportunité unique de repenser l’efficacité administrative et la compétitivité économique. ● renforcer la compétitivité des entreprises grâce aux gains de la dématérialisation ; ● amélior
docs_international/webinaire_entreprises_etrangeres_2026_fr.pdf,4,/docs_international/webinaire_entreprises_etrangeres_2026_fr.pdf#page=4,Quelles sont les entités concernées par la réforme ? Direction générale des Finances publiques 4 La réforme concerne l’e,"Quelles sont les entités concernées par la réforme ? Direction générale des Finances publiques 4 La réforme concerne l’ensemble des entités soumises à la TVA (les assujettis). Toutes les entreprises quel que soit le chiffre d’affaires réalisé et quelle que soit leur forme juridique :  Y compris les entreprises bénéficiant de la franchise en base ou du RFA (remboursement forfaitaire agricole).  Y compris les professions libérales, les indépendants et les micro-entrepreneurs.  Y compris les ent"
docs_international/webinaire_entreprises_etrangeres_2026_fr.pdf,5,/docs_international/webinaire_entreprises_etrangeres_2026_fr.pdf#page=5,La taille des entreprises Direction générale des Finances publiques 5 La taille de l’entreprise est appréciée selon troi,"La taille des entreprises Direction générale des Finances publiques 5 La taille de l’entreprise est appréciée selon trois critères : effectif, chiffre d’affaires et total du bilan - Microentreprise : effectif < 10 personnes et chiffre d'affaires ou total du bilan annuel < 2 M€ ; - PME : effectif < 250 personnes et chiffre d’affaires annuel < 50 M€ ou dont le total de bilan < 43 M€ ; - ETI : entreprise qui n'appartient pas à la catégorie des PME et effectif < 5000 personnes et chiffre d'affaires "
docs_international/webinaire_entreprises_etrangeres_2026_fr.pdf,6,/docs_international/webinaire_entreprises_etrangeres_2026_fr.pdf#page=6,Les trois volets de la réforme Direction générale des Finances publiques 6 La facturation électronique (e-invoicing) S’a,"Les trois volets de la réforme Direction générale des Finances publiques 6 La facturation électronique (e-invoicing) S’applique à toutes les opérations commerciales réalisées entre des assujettis à la TVA établis en France, y compris les franchisés en base (B2B). Exceptions : I. Opérations exonérées (art. 261 à 261 E du CGI) et bénéficiant d’une dispense de facturation II. Transactions donnant lieu à un marché de défense au de sécurité au sens de la commande publique La transmission des données "
docs_international/webinaire_entreprises_etrangeres_2026_fr.pdf,7,/docs_international/webinaire_entreprises_etrangeres_2026_fr.pdf#page=7,Le calendrier du déploiement de la réforme Direction générale des Finances publiques 7 1er septembre 2026 1er septembre ,"Le calendrier du déploiement de la réforme Direction générale des Finances publiques 7 1er septembre 2026 1er septembre 2027  Obligation de réception des factures électroniques pour les entreprises établies en France, quelle que soit leur taille  Obligation d’émission des factures électroniques et de e-reporting pour les grande entreprises et les entreprises de taille intermédiaire  Obligation d’émission des factures électroniques et de e-reporting pour les TPE, PME et micro entreprises au pl"
docs_international/webinaire_entreprises_etrangeres_2026_fr.pdf,8,/docs_international/webinaire_entreprises_etrangeres_2026_fr.pdf#page=8,Qu’est-ce qu’une facture électronique ? Direction générale des Finances publiques 8 Il ne s’agit pas d’un document PDF a,"Qu’est-ce qu’une facture électronique ? Direction générale des Finances publiques 8 Il ne s’agit pas d’un document PDF adressé par mail. Une facture électronique est une facture émise, transmise et reçue sous une forme dématérialisée et qui contient des données structurées, ce qui permet de les exploiter électroniquement.  C’est un fichier dont les données sont organisées pour être lisibles automatiquement par des logiciels informatiques.  La facture sera horodatée dès son dépôt sur la platefo"
docs_international/webinaire_entreprises_etrangeres_2026_fr.pdf,9,/docs_international/webinaire_entreprises_etrangeres_2026_fr.pdf#page=9,Les données de la facture électronique et du e-reporting Direction générale des Finances publiques 9 Sur les centaines d,"Les données de la facture électronique et du e-reporting Direction générale des Finances publiques 9 Sur les centaines de données possibles et habituelles portées sur une facture, une trentaine sont transmises à l’administration dont 4 nouvelles données : Numéro de SIREN de l’émetteur de la facture Numéro de SIREN du destinataire Date d’émission de la facture Numéro unique de la facture Mention de la catégorie de l’opération Option pour le paiement de la TVA sur les débits Total hors taxe par ta"
docs_international/webinaire_entreprises_etrangeres_2026_fr.pdf,10,/docs_international/webinaire_entreprises_etrangeres_2026_fr.pdf#page=10,10 Entreprises Fournisseurs et acheteurs équipés ou non d’une solution de dématérialisation en interne ou en externe. Pl,10 Entreprises Fournisseurs et acheteurs équipés ou non d’une solution de dématérialisation en interne ou en externe. Plateformes agréées Prestataires offrant des services de dématérialisation des factures. Seules les plateformes agréées pourront transmettre les factures à leur destinataire et transmettre les données des factures et de transactions au concentrateur de données. Concentrateur de données - annuaire des entreprises Outils publics ayant pour rôle : - la réception des données des fact
docs_international/webinaire_entreprises_etrangeres_2026_fr.pdf,11,/docs_international/webinaire_entreprises_etrangeres_2026_fr.pdf#page=11,11 Le service annuaire Direction générale des Finances publiques 11 Ouvert en consultation depuis le 18 septembre 2025. ,"11 Le service annuaire Direction générale des Finances publiques 11 Ouvert en consultation depuis le 18 septembre 2025. L’annuaire central constitue le référentiel qui recense les entreprises et entités publiques assujetties à la TVA et dans le champ de la réforme : pour chacune, il indique la plateforme agréée qui gère ses données et les adresses électroniques de facturation. Il permet de : ● vérifier si une entreprise est concernée par la réforme ; ● identifier si elle a une plateforme de réce"
docs_international/webinaire_entreprises_etrangeres_2026_fr.pdf,12,/docs_international/webinaire_entreprises_etrangeres_2026_fr.pdf#page=12,"Les plateformes agréées Direction générale des Finances publiques 12 Missions des plateformes agréées : ● émettre, trans","Les plateformes agréées Direction générale des Finances publiques 12 Missions des plateformes agréées : ● émettre, transmettre et réceptionner les factures électroniques du fournisseur au client ; ● extraire les données de facturation, de transaction et de paiement ou les réceptionner et les transmettre à l’administration ; ● gérer et transmettre le cycle des vie des factures émises et reçues ; ● mettre à jour l’annuaire des destinataires des factures pour ses clients. Toutes les entreprises sou"
docs_international/webinaire_entreprises_etrangeres_2026_fr.pdf,13,/docs_international/webinaire_entreprises_etrangeres_2026_fr.pdf#page=13,13 Les plateformes agréées Plateforme agréée – Facturation électronique Marque de garantie destinée aux intermédiaires i,13 Les plateformes agréées Plateforme agréée – Facturation électronique Marque de garantie destinée aux intermédiaires indispensables aux échanges de factures entre entreprises. Solution compatible – Facturation électronique Logotype destiné aux solutions logicielles disposant des fonctionnalités compatibles avec les formats imposés par la réforme et raccordées à au moins une plateforme agréée. L’administration publie la liste des plateformes agréées sur impots.gouv.fr : https://www.impots.gouv.
docs_international/webinaire_entreprises_etrangeres_2026_fr.pdf,14,/docs_international/webinaire_entreprises_etrangeres_2026_fr.pdf#page=14,14 Le choix de la plateforme agréée est une décision de gestion qui relève du chef d’entreprise Le chef d’entreprise doi,"14 Le choix de la plateforme agréée est une décision de gestion qui relève du chef d’entreprise Le chef d’entreprise doit se poser les questions suivantes :  Suis-je déjà équipé d’un logiciel (de facturation, de caisse, ERP, logiciel de gestion, logiciel comptable) ?  Suis-je accompagné par un comptable ? => Dans l’un ou l’autre des cas, je me rapproche de cet intermédiaire pour m’accompagner et me conseiller.  Je n’ai ni comptable, ni logiciel de facturation. Þ Dans ce cas, je dois m’équiper"
docs_international/webinaire_entreprises_etrangeres_2026_fr.pdf,15,/docs_international/webinaire_entreprises_etrangeres_2026_fr.pdf#page=15,Direction générale des Finances publiques 15 La réforme pour les entreprises étrangères sans établissement stable en Fra,Direction générale des Finances publiques 15 La réforme pour les entreprises étrangères sans établissement stable en France
docs_international/webinaire_entreprises_etrangeres_2026_fr.pdf,16,/docs_international/webinaire_entreprises_etrangeres_2026_fr.pdf#page=16,16 La situation des assujettis non établis en France Direction générale des Finances publiques 16 Les entreprises étrang,"16 La situation des assujettis non établis en France Direction générale des Finances publiques 16 Les entreprises étrangères sans établissement stable en France (EESEF) , au sens de la TVA, n’entrent pas dans le champ de l’e-invoicing. Elles pourront être soumises à l’ obligation d’ e-reporting de transaction et éventuellement de l’ e-reporting de paiement, selon les opérations réalisées en France (opérations visées au II de l’article 290 du CGI). ➔ Si elles réalisent une livraison de biens ou u"
docs_international/webinaire_entreprises_etrangeres_2026_fr.pdf,17,/docs_international/webinaire_entreprises_etrangeres_2026_fr.pdf#page=17,La situation des assujettis non établis en France Direction générale des Finances publiques 17 Exemples d’opérations sou,La situation des assujettis non établis en France Direction générale des Finances publiques 17 Exemples d’opérations soumises au e-reporting (assujetti identifié à la TVA) :  Un assujetti non établi effectue des ventes de biens au départ de la France vers des non-assujettis domiciliés en France (y compris biens d’occasions soumis à la TVA sur la marge) ;  Un assujetti non établi effectue des ventes de biens depuis un autre État membre vers des non-assujettis établis en France sans relever du r
docs_international/webinaire_entreprises_etrangeres_2026_fr.pdf,18,/docs_international/webinaire_entreprises_etrangeres_2026_fr.pdf#page=18,"Direction générale des Finances publiques 18  En matière de B2C - Transactions réalisées entre un fournisseur, assujett","Direction générale des Finances publiques 18  En matière de B2C - Transactions réalisées entre un fournisseur, assujetti à la TVA non établi en France, et un client non-assujetti (ex : particulier, association à but non lucratif) : => Transmission des données cumulées pour chaque journée de la période avec les bases HT par taux de TVA et les montants de TVA.  En matière de B2B international - Transactions réalisées entre deux assujettis à la TVA dont l’un est établi en France et l’autre au sei"
docs_international/webinaire_entreprises_etrangeres_2026_fr.pdf,19,/docs_international/webinaire_entreprises_etrangeres_2026_fr.pdf#page=19,19 Fréquence et délais de transmission des données de transaction et de paiement Direction générale des Finances publiqu,19 Fréquence et délais de transmission des données de transaction et de paiement Direction générale des Finances publiques 19
docs_international/webinaire_entreprises_etrangeres_2026_fr.pdf,20,/docs_international/webinaire_entreprises_etrangeres_2026_fr.pdf#page=20,20 Les sanctions en cas d’absence de transmission des données Direction générale des Finances publiques 20  Droit à l’e,20 Les sanctions en cas d’absence de transmission des données Direction générale des Finances publiques 20  Droit à l’erreur : les amendes ne sont pas applicables en cas de première infraction commise au cours de l’année civile et des trois années précédentes lorsque l’infraction a été réparée spontanément dans les 30 jours suivant une première demande de l’administration.
docs_international/webinaire_entreprises_etrangeres_2026_fr.pdf,21,/docs_international/webinaire_entreprises_etrangeres_2026_fr.pdf#page=21,21 Le service annuaire Direction générale des Finances publiques 21 Le fait d'être dans l'annuaire ne crée pas nécessair,"21 Le service annuaire Direction générale des Finances publiques 21 Le fait d'être dans l'annuaire ne crée pas nécessairement d'obligation pour les entreprises étrangères non établies en France. Les entreprises étrangères non établies en France peuvent faire du e-reporting sans être dans l’annuaire. En revanche, si les elles souhaitent recevoir des factures, elles devront figurer dans l’annuaire. Les entités figurant dans l’annuaire sont celles qui disposent d’un n° SIREN et qui sont assujetties"
docs_international/webinaire_entreprises_etrangeres_2026_fr.pdf,22,/docs_international/webinaire_entreprises_etrangeres_2026_fr.pdf#page=22,Direction générale des Finances publiques 22 Documentation et Contacts,Direction générale des Finances publiques 22 Documentation et Contacts
docs_international/webinaire_entreprises_etrangeres_2026_fr.pdf,23,/docs_international/webinaire_entreprises_etrangeres_2026_fr.pdf#page=23,23 Un espace dédié sur impots.gouv.fr avec de nombreuses ressources disponibles ● 7 questions/réponses en page d’accueil,23 Un espace dédié sur impots.gouv.fr avec de nombreuses ressources disponibles ● 7 questions/réponses en page d’accueil ● 1 dépliant pour une information de 1er niveau ● 10 fiches pédagogiques à destination des TPE/PME ● 2 foires aux questions ● 1 outil d’auto-diagnostic pour permettre aux entreprises de connaître leurs obligations ● 1 présentation de la réforme en anglais L’annuaire de la facturation électronique https://www.economie.gouv.fr/actualites/ facturation-electronique-ouverture-de-la
docs_international/webinaire_entreprises_etrangeres_2026_fr.pdf,24,/docs_international/webinaire_entreprises_etrangeres_2026_fr.pdf#page=24,24Direction générale des Finances publiques 24 Contacts à la DINR ● Accueil fiscal des Non-résidents (AFNR) : +33(0)1 72,"24Direction générale des Finances publiques 24 Contacts à la DINR ● Accueil fiscal des Non-résidents (AFNR) : +33(0)1 72 95 20 31, du lundi au vendredi de 9h à 16h ; ● Messagerie sécurisée, disponible depuis votre espace professionnel. Merci pour votre attention"
docs_international/webinaire_entreprises_etrangeres_2026_fr.pdf,25,/docs_international/webinaire_entreprises_etrangeres_2026_fr.pdf#page=25,Direction générale des Finances publiques 25 Questions - réponses,Direction générale des Finances publiques 25 Questions - réponses
docs_international/webinar_foreign_companies_2026_en.pdf,1,/docs_international/webinar_foreign_companies_2026_en.pdf#page=1,02/04/2026 Overview of the E-Invoicing Reform for Foreign Companies Without a Permanent Establishment in France 10 Febru,02/04/2026 Overview of the E-Invoicing Reform for Foreign Companies Without a Permanent Establishment in France 10 February 2026
docs_international/webinar_foreign_companies_2026_en.pdf,2,/docs_international/webinar_foreign_companies_2026_en.pdf#page=2,Public Finances Directorate General 2 Key principles of the reform,Public Finances Directorate General 2 Key principles of the reform
docs_international/webinar_foreign_companies_2026_en.pdf,3,/docs_international/webinar_foreign_companies_2026_en.pdf#page=3,Public Finances Directorate General 3 A structural reform for the economy The reform addresses the dual expectation voic,Public Finances Directorate General 3 A structural reform for the economy The reform addresses the dual expectation voiced by economic and institutional stakeholders of improving the collective performance of French companies and reducing red tape. => It represents a unique opportunity to rethink administrative efficiency and economic competitiveness.  To boost the competitiveness of companies through the use of paperless procedures;  To step up the fight against VAT fraud so that law-abiding 
docs_international/webinar_foreign_companies_2026_en.pdf,4,/docs_international/webinar_foreign_companies_2026_en.pdf#page=4,Which entities are affected by the reform? Public Finances Directorate General 4 The reform applies to all entities subj,"Which entities are affected by the reform? Public Finances Directorate General 4 The reform applies to all entities subject to VAT (taxable persons). All companies regardless of their turnover or legal form:  Including companies benefitting from the VAT exemption scheme or the flat-rate agricultural refund regime (RFA).  Including self-employed professionals, freelancers and micro-entrepreneurs.  Including foreign companies when their transactions are subject to French VAT. Public entities wh"
docs_international/webinar_foreign_companies_2026_en.pdf,5,/docs_international/webinar_foreign_companies_2026_en.pdf#page=5,The three components of the reform Public Finances Directorate General 5 E-invoicing is applicable to: commercial transa,"The three components of the reform Public Finances Directorate General 5 E-invoicing is applicable to: commercial transactions carried out between VAT-taxable persons established in France, including those under the VAT exemption scheme (B2B). Exceptions: I. Transactions exempt from VAT (under Art. 261 to 261 E of the General Tax Code) and transactions exempt from invoicing. II. Transactions resulting in a defence or security contract within the meaning of the Public Procurement Code. E-reportin"
docs_international/webinar_foreign_companies_2026_en.pdf,6,/docs_international/webinar_foreign_companies_2026_en.pdf#page=6,Timeline of the reform’s rollout Public Finances Directorate General 6 1 September 2026 1 September 2027  Receiving e-i,"Timeline of the reform’s rollout Public Finances Directorate General 6 1 September 2026 1 September 2027  Receiving e-invoices becomes mandatory for companies of any size established in France  Issuing e-invoices and e-reporting become mandatory for large enterprises and intermediate- sized enterprises (ISEs)  Issuing e-invoices and e-reporting become mandatory for very small enterprises (VSEs), small- and medium- sized enterprises (SMEs) and micro-enterprises no later than this date"
docs_international/webinar_foreign_companies_2026_en.pdf,7,/docs_international/webinar_foreign_companies_2026_en.pdf#page=7,"Company size Public Finances Directorate General 7 Company size is assessed based on three criteria: headcount, turnover","Company size Public Finances Directorate General 7 Company size is assessed based on three criteria: headcount, turnover and balance sheet total - Micro-enterprises: employ fewer than 10 people and have annual turnover or a balance sheet total of less than €2m; - SMEs: employ fewer than 250 people and have annual turnover not exceeding €50m or a balance sheet total not exceeding €43m; - ISEs: companies outside the SME category employing fewer than 5,000 people and having annual turnover not exce"
docs_international/webinar_foreign_companies_2026_en.pdf,8,/docs_international/webinar_foreign_companies_2026_en.pdf#page=8,What is an e-invoice? Public Finances Directorate General 8 It is not a PDF file sent by email. An e-invoice is an invoi,"What is an e-invoice? Public Finances Directorate General 8 It is not a PDF file sent by email. An e-invoice is an invoice that is issued, sent and received in an electronic format containing structured data, which enables the invoice to be processed electronically.  It is a file containing data organised to be automatically readable by software programs.  E-invoices are time-stamped once submitted to the platform, which then sends them onwards.  To access data reported by suppliers, a readab"
docs_international/webinar_foreign_companies_2026_en.pdf,9,/docs_international/webinar_foreign_companies_2026_en.pdf#page=9,E-invoice and e-reporting data Public Finances Directorate General 9 Out of hundreds of possible items of data typically,"E-invoice and e-reporting data Public Finances Directorate General 9 Out of hundreds of possible items of data typically included on invoices, some 30 are sent to the tax authority, including four new items: SIREN number of the issuer of the invoice SIREN number of the recipient of the invoice Date of issue of the invoice Unique invoice number Transaction category Option to pay VAT on debits Total excluding tax for each tax rate Applicable VAT rate Delivery address of goods (full address, includ"
docs_international/webinar_foreign_companies_2026_en.pdf,10,/docs_international/webinar_foreign_companies_2026_en.pdf#page=10,10 Companies Buyers and suppliers that have or do not have an internal or external e-invoicing solution. Authorised plat,10 Companies Buyers and suppliers that have or do not have an internal or external e-invoicing solution. Authorised platforms Service providers offering e-invoicing services. Only authorised platforms are able to send invoices to their recipients and to report invoicing and transaction data to the data hub. Data hub – company directory Government resources for: - receiving invoicing data and transaction data originating from platforms prior to being sent on to the tax authority; - providing acce
docs_international/webinar_foreign_companies_2026_en.pdf,11,/docs_international/webinar_foreign_companies_2026_en.pdf#page=11,11 Directory service Public Finances Directorate General 11 It has been accessible for reference purposes since 18 Septe,11 Directory service Public Finances Directorate General 11 It has been accessible for reference purposes since 18 September 2025. The directory is a central repository listing all companies and public entities subject to VAT under the reform. It allows users to:  check if a company is affected by the reform;  determine if a company has chosen an authorised platform for receiving invoices (e-invoicing);  find out a company’s e-invoicing address. (in French only) The directory can be accessed 
docs_international/webinar_foreign_companies_2026_en.pdf,12,/docs_international/webinar_foreign_companies_2026_en.pdf#page=12,"Authorised platforms Public Finances Directorate General 12 Authorised platforms:  issue, send and receive e-invoices b","Authorised platforms Public Finances Directorate General 12 Authorised platforms:  issue, send and receive e-invoices between suppliers and customers;  extract invoicing, transaction and payment data or receive and report it to the tax authority;  manage the lifecycle of issued and received invoices, and report invoice lifecycle data;  update the directory of invoice recipients for their clients. All companies subject to the reform are required to choose an authorised platform, which is sole"
docs_international/webinar_foreign_companies_2026_en.pdf,13,/docs_international/webinar_foreign_companies_2026_en.pdf#page=13,13 Authorised platforms Authorised platform – E-invoicing A certification mark for intermediaries essential for the exch,13 Authorised platforms Authorised platform – E-invoicing A certification mark for intermediaries essential for the exchange of invoices between companies. Compatible solution – E-invoicing A logo for software solutions that provide features compatible with the formats required by the reform and that are connected to at least one authorised platform. The tax authority has published a list of authorised platforms on impots.gouv.fr: https://www.impots.gouv.fr/je-consulte-la-liste-des-plateformes-a
docs_international/webinar_foreign_companies_2026_en.pdf,14,/docs_international/webinar_foreign_companies_2026_en.pdf#page=14,14 Choosing an authorised platform is a management decision to be made by heads of companies. Heads of companies should ,"14 Choosing an authorised platform is a management decision to be made by heads of companies. Heads of companies should ask themselves the following questions:  Do I already have software (for invoicing, POS, ERP, business management, accounting)?  Do I work with an accounting professional? Þ Whatever the case may be, I’ll contact this intermediary for support and advice. Þ I don’t work with an accounting professional or have invoicing software. Þ In this case, I have to get software that comp"
docs_international/webinar_foreign_companies_2026_en.pdf,15,/docs_international/webinar_foreign_companies_2026_en.pdf#page=15,Public Finances Directorate General 15 The E-Invoicing Reform for Foreign Companies Without a Permanent Establishment in,Public Finances Directorate General 15 The E-Invoicing Reform for Foreign Companies Without a Permanent Establishment in France
docs_international/webinar_foreign_companies_2026_en.pdf,16,/docs_international/webinar_foreign_companies_2026_en.pdf#page=16,16 For taxable persons not established in France Public Finances Directorate General 16 Foreign companies without a perm,"16 For taxable persons not established in France Public Finances Directorate General 16 Foreign companies without a permanent establishment in France , within the meaning of VAT, are not subject to e- invoicing requirements. They could be required to e-report transaction data and in some cases payment data, depending on the transactions carried out in France (see transactions referred to in Article 290(II) of the General Tax Code).  If foreign companies carry out a transaction involving the sup"
docs_international/webinar_foreign_companies_2026_en.pdf,17,/docs_international/webinar_foreign_companies_2026_en.pdf#page=17,For taxable persons not established in France Public Finances Directorate General 17 1 September 2026 1 September 2027 ,"For taxable persons not established in France Public Finances Directorate General 17 1 September 2026 1 September 2027  E-reporting becomes mandatory for large enterprises and intermediate-sized enterprises (ISEs) that sell goods or provide services  E-reporting becomes mandatory for very small enterprises (VSEs), small- and medium-sized enterprises (SMEs) and micro-enterprises that sell goods or provide services  E-reporting becomes mandatory for buyers or customers liable for VAT, regardles"
docs_international/webinar_foreign_companies_2026_en.pdf,18,/docs_international/webinar_foreign_companies_2026_en.pdf#page=18,For taxable persons not established in France Public Finances Directorate General 18 Examples of transactions subject to,For taxable persons not established in France Public Finances Directorate General 18 Examples of transactions subject to e-reporting (taxable persons registered for VAT):  A non-established taxable person selling goods from France to non-taxable persons domiciled in France (including selling used goods subject to VAT on profit margin).  A non-established taxable person selling goods from another EU Member State to non-taxable persons established in France that are not subject to arrangements f
docs_international/webinar_foreign_companies_2026_en.pdf,19,/docs_international/webinar_foreign_companies_2026_en.pdf#page=19,"Public Finances Directorate General 19  B2C transactions – Transactions carried out between a supplier, a VAT taxable p","Public Finances Directorate General 19  B2C transactions – Transactions carried out between a supplier, a VAT taxable person not established in France and a non-taxable customer (e.g. private individual, non-profit organisation):  => Reporting of aggregated data for each day of the period with the base amounts exclusive of VAT indicated for each VAT rate and VAT amount.  International B2B transactions – Transactions carried out between two VAT taxable persons, one of which is established in F"
docs_international/webinar_foreign_companies_2026_en.pdf,20,/docs_international/webinar_foreign_companies_2026_en.pdf#page=20,20 Frequencies and deadlines for reporting transaction and payment data Public Finances Directorate General 20,20 Frequencies and deadlines for reporting transaction and payment data Public Finances Directorate General 20
docs_international/webinar_foreign_companies_2026_en.pdf,21,/docs_international/webinar_foreign_companies_2026_en.pdf#page=21,21 Penalties for failing to meet data reporting requirements Public Finances Directorate General 21  Right to make a mi,21 Penalties for failing to meet data reporting requirements Public Finances Directorate General 21  Right to make a mistake (Art. 1788 D III of the General Tax Code) : fines shall not be applicable to a first infringement committed during the calendar year or the three previous years if it was rectified spontaneously within 30 days of an initial request by the tax authority.
docs_international/webinar_foreign_companies_2026_en.pdf,22,/docs_international/webinar_foreign_companies_2026_en.pdf#page=22,22 Directory service and authorised platforms Public Finances Directorate General 22 The inclusion in the directory of f,"22 Directory service and authorised platforms Public Finances Directorate General 22 The inclusion in the directory of foreign companies not established in France does not mean that they are subject to e-invoicing requirements. Foreign companies not established in France that carry out transactions falling under the scope of Article 290(II) of the General Tax Code will be subject to e-reporting requirements, without necessarily being included in the directory. The directory is intended only for "
docs_international/webinar_foreign_companies_2026_en.pdf,23,/docs_international/webinar_foreign_companies_2026_en.pdf#page=23,Public Finances Directorate General 23 Documentation and contact details,Public Finances Directorate General 23 Documentation and contact details
docs_international/webinar_foreign_companies_2026_en.pdf,24,/docs_international/webinar_foreign_companies_2026_en.pdf#page=24,24 Many resources are available in the dedicated section on impots.gouv.fr • 7 Q&As on the homepage  1 leaflet with bas,24 Many resources are available in the dedicated section on impots.gouv.fr • 7 Q&As on the homepage  1 leaflet with basic information  10 educational factsheets for VSEs/SMEs  2 FAQ documents  1 self-assessment tool to help companies learn about the requirements applicable to them  1 overview of the reform in English  The e-invoicing directory  https://www.economie.gouv.fr/actualites/factur ation-electronique-ouverture-de-lannuaire-ded ie Public Finances Directorate General 24 Available d
docs_international/webinar_foreign_companies_2026_en.pdf,25,/docs_international/webinar_foreign_companies_2026_en.pdf#page=25,25Public Finances Directorate General 25 Contact details for the Non- Residents Tax Directorate (DNIR)  Tax reception s,"25Public Finances Directorate General 25 Contact details for the Non- Residents Tax Directorate (DNIR)  Tax reception service for non-residents (AFNR):  +33 1 72 95 20 31, Monday to Friday from 9am to 4pm  You can also use the secure messaging system in your professional account. Thank you for your attention"
docs_international/webinar_foreign_companies_2026_en.pdf,26,/docs_international/webinar_foreign_companies_2026_en.pdf#page=26,Public Finances Directorate General 26,Public Finances Directorate General 26
docs_platforms/charte_solution_compatible.pdf,1,/docs_platforms/charte_solution_compatible.pdf#page=1,30/07/2025Direction générale des Finances publiques 1,30/07/2025Direction générale des Finances publiques 1
docs_platforms/charte_solution_compatible.pdf,2,/docs_platforms/charte_solution_compatible.pdf#page=2,30/07/2025 Direction générale des Finances publiques 2,30/07/2025 Direction générale des Finances publiques 2
docs_platforms/charte_solution_compatible.pdf,3,/docs_platforms/charte_solution_compatible.pdf#page=3,Sommaire 30/07/2025 3,Sommaire 30/07/2025 3
docs_platforms/charte_solution_compatible.pdf,4,/docs_platforms/charte_solution_compatible.pdf#page=4,30/07/2025 4,30/07/2025 4
docs_platforms/charte_solution_compatible.pdf,5,/docs_platforms/charte_solution_compatible.pdf#page=5,30/07/2025 5 • •,30/07/2025 5 • •
docs_platforms/charte_solution_compatible.pdf,6,/docs_platforms/charte_solution_compatible.pdf#page=6,30/07/2025 6,30/07/2025 6
docs_platforms/charte_solution_compatible.pdf,7,/docs_platforms/charte_solution_compatible.pdf#page=7,30/07/2025 7 ● ● ● ●,30/07/2025 7 ● ● ● ●
docs_platforms/charte_solution_compatible.pdf,8,/docs_platforms/charte_solution_compatible.pdf#page=8,30/07/2025 8,30/07/2025 8
docs_platforms/charte_solution_compatible.pdf,9,/docs_platforms/charte_solution_compatible.pdf#page=9,30/07/2025 9,30/07/2025 9
docs_platforms/charte_solution_compatible.pdf,10,/docs_platforms/charte_solution_compatible.pdf#page=10,30/07/2025 10,30/07/2025 10
docs_platforms/charte_solution_compatible.pdf,11,/docs_platforms/charte_solution_compatible.pdf#page=11,03/07/2025 11,03/07/2025 11
docs_platforms/charte_solution_compatible.pdf,12,/docs_platforms/charte_solution_compatible.pdf#page=12,30/07/2025 12,30/07/2025 12
docs_platforms/charte_solution_compatible.pdf,13,/docs_platforms/charte_solution_compatible.pdf#page=13,30/07/2025 13 • • •,30/07/2025 13 • • •
docs_platforms/charte_solution_compatible.pdf,14,/docs_platforms/charte_solution_compatible.pdf#page=14,30/07/2025 14,30/07/2025 14
docs_platforms/charte_solution_compatible.pdf,15,/docs_platforms/charte_solution_compatible.pdf#page=15,30/07/2025 15,30/07/2025 15
docs_platforms/charte_solution_compatible.pdf,16,/docs_platforms/charte_solution_compatible.pdf#page=16,30/07/2025 16,30/07/2025 16
docs_platforms/charte_solution_compatible.pdf,17,/docs_platforms/charte_solution_compatible.pdf#page=17,30/07/2025 17 Modalités d’usage du logotype,30/07/2025 17 Modalités d’usage du logotype
docs_platforms/charte_solution_compatible.pdf,18,/docs_platforms/charte_solution_compatible.pdf#page=18,30/07/2025 18 • • •,30/07/2025 18 • • •
docs_platforms/charte_solution_compatible.pdf,19,/docs_platforms/charte_solution_compatible.pdf#page=19,30/07/2025 19,30/07/2025 19
docs_platforms/charte_solution_compatible.pdf,20,/docs_platforms/charte_solution_compatible.pdf#page=20,30/07/2025 20 • •,30/07/2025 20 • •
docs_platforms/charte_solution_compatible.pdf,21,/docs_platforms/charte_solution_compatible.pdf#page=21,30/07/2025 21,30/07/2025 21
docs_platforms/charte_solution_compatible.pdf,22,/docs_platforms/charte_solution_compatible.pdf#page=22,30/07/2025 22,30/07/2025 22
docs_platforms/charte_solution_compatible.pdf,23,/docs_platforms/charte_solution_compatible.pdf#page=23,30/07/2025 23,30/07/2025 23
docs_platforms/charte_solution_compatible.pdf,24,/docs_platforms/charte_solution_compatible.pdf#page=24,30/07/2025 24 • •,30/07/2025 24 • •
docs_platforms/charte_solution_compatible.pdf,25,/docs_platforms/charte_solution_compatible.pdf#page=25,30/07/2025 25,30/07/2025 25
docs_platforms/charte_solution_compatible.pdf,26,/docs_platforms/charte_solution_compatible.pdf#page=26,charte_solution_compatible page 26,26
docs_platforms/charte_solution_compatible.pdf,27,/docs_platforms/charte_solution_compatible.pdf#page=27,charte_solution_compatible page 27,27
docs_platforms/charte_solution_compatible.pdf,28,/docs_platforms/charte_solution_compatible.pdf#page=28,charte_solution_compatible page 28,28
docs_platforms/charte_solution_compatible.pdf,29,/docs_platforms/charte_solution_compatible.pdf#page=29,charte_solution_compatible page 29,29
docs_platforms/charte_solution_compatible.pdf,30,/docs_platforms/charte_solution_compatible.pdf#page=30,charte_solution_compatible page 30,30
docs_platforms/charte_solution_compatible.pdf,31,/docs_platforms/charte_solution_compatible.pdf#page=31,charte_solution_compatible page 31,31
docs_platforms/charte_solution_compatible.pdf,32,/docs_platforms/charte_solution_compatible.pdf#page=32,charte_solution_compatible page 32,32
docs_platforms/charte_solution_compatible.pdf,33,/docs_platforms/charte_solution_compatible.pdf#page=33,charte_solution_compatible page 33,33
docs_platforms/charte_solution_compatible.pdf,34,/docs_platforms/charte_solution_compatible.pdf#page=34,30/07/2025Direction générale des Finances publiques 34,30/07/2025Direction générale des Finances publiques 34
docs_platforms/faq_pdp.pdf,1,/docs_platforms/faq_pdp.pdf#page=1,N° QUESTION RÉPONSE DATE DE VERSION 1 A quoi sert une plateforme partenaire ? renouvelable. i a : - elle est ch ; - elle,N° QUESTION RÉPONSE DATE DE VERSION 1 A quoi sert une plateforme partenaire ? renouvelable. i a : - elle est ch ; - elle extraie ce via le concentrateur de données a i doit 16/10/2024 2 Les entreprises doivent-elles choisir une plateforme unique ou peuvent-elles utiliser les services de plusieurs plateformes ? Le choix de la plateforme est totalement libre s. 16/10/2024 3 ? 30/09/2022 4 et n'a donc . Il ne 16/10/2024 1 reconnue comme PDP ? d'immatriculation ce 30/09/2022 2 d'immatriculation ? 16
docs_platforms/faq_pdp.pdf,2,/docs_platforms/faq_pdp.pdf#page=2,N° QUESTION RÉPONSE DATE DE VERSION 3 30/09/2022 4 Comment les entreprises vont-elles savoir que j'ai la 30/09/2022 5 d',"N° QUESTION RÉPONSE DATE DE VERSION 3 30/09/2022 4 Comment les entreprises vont-elles savoir que j'ai la 30/09/2022 5 d'immatriculation ? 16/09/2024 6 30/09/2022 7 30/09/2022 8 un examen impartial et exhaustif. 30/09/2022 9 d'immatriculation? 30/09/2022 1 Quelles sanctions encourt une PDP qui ne respecterait pas ses obligations ? 30/09/2022 2 d'immatriculation ? entreprendre ; - la plateforme manque aux obligations conditionnant l'utilisation de l'annuaire ; Dans ce cas, la PDP ne sera plus sur "
docs_platforms/fiche_operateurs_dematerialisation.pdf,1,/docs_platforms/fiche_operateurs_dematerialisation.pdf#page=1,Facturation électronique : Les opérateurs de dématérialisation (OD) Un opérateur de dématérialisation est un p restatair,"Facturation électronique : Les opérateurs de dématérialisation (OD) Un opérateur de dématérialisation est un p restataire de services qui offre des solutions informatiques de dématérialisation par exemple des logiciels de facturation, de caisse, des logiciels comptables, de gestion de stocks, l’archivage ou autres, qui peuvent être plus ou moins intégrés c’est-à-dire reliés entre eux. Il peut proposer une large gamme de fonctionnalités et de services pour aider l es entreprises en amont ou en av"
docs_platforms/fiche_plateformes_agreees.pdf,1,/docs_platforms/fiche_plateformes_agreees.pdf#page=1,Facturation électronique : les plateformes agréées La réforme de la facture électronique s’appuie sur l’association de l,Facturation électronique : les plateformes agréées La réforme de la facture électronique s’appuie sur l’association de l’État et des plateformes qui constitue la colonne vertébrale du dispositif. Les plateformes agréées vont assurer l’envoi des factures électroniques d’un émetteur de factures (fournisseur) vers un récepteur (client). Une facture électronique n’est pas une simple facture papier numérisée et envoyée par mail. C’est une facture qui contient un socle de données 1 sous forme structur
docs_platforms/fiche_plateformes_agreees.pdf,2,/docs_platforms/fiche_plateformes_agreees.pdf#page=2,La plateforme candidate doit également respecter de fortes obligations de sécurité : respect des certifications particul,La plateforme candidate doit également respecter de fortes obligations de sécurité : respect des certifications particulières (ISO 27001 ou SecNumCloud) et authentification à deux facteurs dont un dynamique (comme pour accéder aux services bancaires). Elle s’engage également à ne pas transférer les données en dehors du territoire de l’Union européenne et elle doit être en capacité de s’interconnecter aux autres plateformes destinataires des factures de ses clients. Au terme de la procédure d’imm
docs_platforms/guide_immatriculation_pdp.pdf,1,/docs_platforms/guide_immatriculation_pdp.pdf#page=1,Guide utilisateur – Demande d’immatriculation plateformes agréées – Facturation électronique MAJ 10/12/2025 Direction gé,Guide utilisateur – Demande d’immatriculation plateformes agréées – Facturation électronique MAJ 10/12/2025 Direction générale des finances publiques Service d’immatriculation des plateformes agréées Facturation électronique Demande d’immatriculation des plateformes agréées Guide utilisateur
docs_platforms/guide_immatriculation_pdp.pdf,2,/docs_platforms/guide_immatriculation_pdp.pdf#page=2,Guide utilisateur – Demande d’immatriculation des plateformes agréées – Facturation électronique 2/28 MAJ 10/12/2025 OBJ,Guide utilisateur – Demande d’immatriculation des plateformes agréées – Facturation électronique 2/28 MAJ 10/12/2025 OBJECTIF ET PUBLIC CONCERNÉ Le guide utilisateur vise à accompagner les opérateurs de dématérialisation (OD) qui souhaitent s’immatriculer en tant que plateformes agréées. Cette immatriculation se fera sur le site demarche.numerique.gouv.fr (DN). Une première liste des plateformes agréée immatriculées sera publiée sur le site www.impots.gouv.fr dans les deux rubriques : - Professi
docs_platforms/guide_immatriculation_pdp.pdf,3,/docs_platforms/guide_immatriculation_pdp.pdf#page=3,Guide utilisateur – Demande d’immatriculation des plateformes agréées – Facturation électronique 3/28 MAJ 10/12/2025 Som,Guide utilisateur – Demande d’immatriculation des plateformes agréées – Facturation électronique 3/28 MAJ 10/12/2025 Sommaire I. Connexion I.I. Accéder à la démarche I.II. Authentification au site demarche.numerique.gouv.fr I.III. Connexion à la démarche II. Dépôt de dossier II.I. Fonctionnalités de base II.II. Liste des documents à fournir II.III. Convention de dépôt des pièces II.IV. Partie 1 – Identification de l’entreprise II.IV. Partie 2 – Représentant légal/mandataire II.IV. Partie 3 – Piè
docs_platforms/guide_immatriculation_pdp.pdf,4,/docs_platforms/guide_immatriculation_pdp.pdf#page=4,Guide utilisateur – Demande d’immatriculation des plateformes agréées – Facturation électronique 4/28 MAJ 10/12/2025 Le ,"Guide utilisateur – Demande d’immatriculation des plateformes agréées – Facturation électronique 4/28 MAJ 10/12/2025 Le dépôt de la demande d’immatriculation en qualité de plateforme agréée s’effectue en ligne sur le site. Pour y accéder, cliquer sur le lien ci-après : https://demarche.numerique.gouv.fr/commencer/immatpdp I. Connexion I.I. Accéder à la démarche"
docs_platforms/guide_immatriculation_pdp.pdf,5,/docs_platforms/guide_immatriculation_pdp.pdf#page=5,Guide utilisateur – Demande d’immatriculation des plateformes agréées – Facturation électronique 5/28 MAJ 10/12/2025 Il ,Guide utilisateur – Demande d’immatriculation des plateformes agréées – Facturation électronique 5/28 MAJ 10/12/2025 Il existe trois possibilités de connexion : 1. Vous avez un compte FranceConnect (FC) Connectez-vous avec vos identifiants FC. Vous serez redirigé vers le site 2. Vous possédez un compte sur demarche.numerique.gouv.fr (DN) : Connectez-vous avec votre identifiant et votre mot de passe DN en cliquant sur le bouton « J’ai déjà un compte » . I. Connexion I.II. Authentification au site
docs_platforms/guide_immatriculation_pdp.pdf,6,/docs_platforms/guide_immatriculation_pdp.pdf#page=6,Guide utilisateur – Demande d’immatriculation des plateformes agréées – Facturation électronique 6/28 MAJ 10/12/2025 La ,Guide utilisateur – Demande d’immatriculation des plateformes agréées – Facturation électronique 6/28 MAJ 10/12/2025 La personne qui effectue la demande d’immatriculation sur la démarche renseigne son nom et son prénom. Cliquez sur le bouton « Continuer ». Ces données d’identité peuvent être celles du représentant légal ou de tout autre personne qu’il aura désigné pour réaliser la démarche. I. Connexion I.III. Connexion à la démarche
docs_platforms/guide_immatriculation_pdp.pdf,7,/docs_platforms/guide_immatriculation_pdp.pdf#page=7,Guide utilisateur – Demande d’immatriculation des plateformes agréées – Facturation électronique 7/28 MAJ 10/12/2025 II.,"Guide utilisateur – Demande d’immatriculation des plateformes agréées – Facturation électronique 7/28 MAJ 10/12/2025 II. Dépôt de dossier II.I. Fonctionnalités de base Vous avez la possibilité d ’inviter une ou plusieurs personnes à modifier le dossier en indiquant son adresse électronique. La ou les personnes invitées recevront alors un courriel les invitant à se connecter sur « ma demarche.numerique.gouv.fr » afin d’accéder au dossier. Une fois connectés, les invités ont accès au dossier et pe"
docs_platforms/guide_immatriculation_pdp.pdf,8,/docs_platforms/guide_immatriculation_pdp.pdf#page=8,Guide utilisateur – Demande d’immatriculation des plateformes agréées – Facturation électronique 8/28 MAJ 10/12/2025 Une,"Guide utilisateur – Demande d’immatriculation des plateformes agréées – Facturation électronique 8/28 MAJ 10/12/2025 Une fois la démarche effectuée par l'usager et le dossier enregistré, celui-ci est au statut de brouillon tant que l'usager ne l'a pas déposé. Une fois le dossier déposé par l'usager, son statut est ""en construction"". L'usager peut encore le modifier. Le dossier ""en instruction"" est pris en charge par le service d’immatriculation de Lille (SIM). Vous ne pouvez plus le modifier, ma"
docs_platforms/guide_immatriculation_pdp.pdf,9,/docs_platforms/guide_immatriculation_pdp.pdf#page=9,Guide utilisateur – Demande d’immatriculation des plateformes agréées – Facturation électronique 9/28 MAJ 10/12/2025 II.,Guide utilisateur – Demande d’immatriculation des plateformes agréées – Facturation électronique 9/28 MAJ 10/12/2025 II. Dépôt de dossier II.II. Liste des documents à fournir Toutes les pièces à fournir figurent dans le décret et l’arrêté du 7 octobre 2022. ✗ Numéro SIREN accompagné d’un extrait KBIS de moins de trois mois ; ✗ Un document présentant de manière précise les moyens mis en œuvre pour assurer la sécurité des données à caractère personnel en application de l’article 32 du règlement (U
docs_platforms/guide_immatriculation_pdp.pdf,10,/docs_platforms/guide_immatriculation_pdp.pdf#page=10,Guide utilisateur – Demande d’immatriculation des plateformes agréées – Facturation électronique 10/28 MAJ 10/12/2025 To,"Guide utilisateur – Demande d’immatriculation des plateformes agréées – Facturation électronique 10/28 MAJ 10/12/2025 Toutes les pièces doivent être fournies en français, ou, à défaut, être accompagnées d’une traduction certifiée en langue française (art. 242 nonies B, 7° de l’annexe II au CGI) et au format PDF signé. S’entend par PDF « signé » un document au format PDF, verrouillé par une signature électronique (niveau avancé 2 minimum requis) Convention de nommage des pièces à transmettre : No"
docs_platforms/guide_immatriculation_pdp.pdf,11,/docs_platforms/guide_immatriculation_pdp.pdf#page=11,Guide utilisateur – Demande d’immatriculation des plateformes agréées – Facturation électronique 11/28 MAJ 10/12/2025 Si,"Guide utilisateur – Demande d’immatriculation des plateformes agréées – Facturation électronique 11/28 MAJ 10/12/2025 Si vous êtes une entreprise établie en France : - cliquez sur « Oui » ; - renseignez OBLIGATOIREMENT votre SIREN (numéro d’identification mentionné au premier alinéa de l’article R. 123-221 du code de commerce) (art. 242 nonies B-I , I° de l’annexe II au CGI). II. Dépôt de dossier II.IV. Partie 1 – Identification de l’entreprise * Tous les champs marqués d’un astérisque sont obli"
docs_platforms/guide_immatriculation_pdp.pdf,12,/docs_platforms/guide_immatriculation_pdp.pdf#page=12,Guide utilisateur – Demande d’immatriculation des plateformes agréées – Facturation électronique 12/28 MAJ 10/12/2025 Si,"Guide utilisateur – Demande d’immatriculation des plateformes agréées – Facturation électronique 12/28 MAJ 10/12/2025 Si vous êtes une entreprise non établie en France : - cliquez sur « Non », - transmettez les deux documents requis : - un document équivalent à l’extrait d’immatriculation au registre du commerce et des sociétés, de moins de trois mois, remis par l’autorité compétente de votre pays d’origine ; Lorsque les autorités compétentes du pays d’origine ou d’établissement du demandeur ne "
docs_platforms/guide_immatriculation_pdp.pdf,13,/docs_platforms/guide_immatriculation_pdp.pdf#page=13,Guide utilisateur – Demande d’immatriculation des plateformes agréées – Facturation électronique 13/28 MAJ 10/12/2025 La,Guide utilisateur – Demande d’immatriculation des plateformes agréées – Facturation électronique 13/28 MAJ 10/12/2025 La demande d’immatriculation est présentée par le représentant légal du candidat plateforme agréée : II. Dépôt de dossier II.IV. Partie 2 - Représentant légal/mandataire de l’OD candidat * Tous les champs marqués d’un astérisque sont obligatoires. Copie d’un acte de nomination du dirigeant si ce dernier n’est pas repris dans l’extrait KBIS ainsi qu’un justificatif d’identité (cop
docs_platforms/guide_immatriculation_pdp.pdf,14,/docs_platforms/guide_immatriculation_pdp.pdf#page=14,Guide utilisateur – Demande d’immatriculation des plateformes agréées – Facturation électronique 14/28 MAJ 10/12/2025 Jo,"Guide utilisateur – Demande d’immatriculation des plateformes agréées – Facturation électronique 14/28 MAJ 10/12/2025 Joindre une copie du pouvoir, signé et daté ainsi qu’une copie d’un justificatif d’identité de la personne déposant le dossier. II. Dépôt de dossier II.IV. Partie 2 - Représentant légal/mandataire de l’OD candidat La demande d’immatriculation est présentée par un mandataire :"
docs_platforms/guide_immatriculation_pdp.pdf,15,/docs_platforms/guide_immatriculation_pdp.pdf#page=15,Guide utilisateur – Demande d’immatriculation des plateformes agréées – Facturation électronique 15/28 MAJ 10/12/2025 II,"Guide utilisateur – Demande d’immatriculation des plateformes agréées – Facturation électronique 15/28 MAJ 10/12/2025 III. Dépôt de dossier II.IV. Partie 3 – Pièces à joindre : dossier technique à produire Joindre l’attestation de la certification ISO/IEC/27001, en cours de validité, relative à son système d’information incluant l’ensemble des infrastructures, outils, services et éléments d’organisation informatique qui contribuent à réaliser son activité d’émission, de transmission et de récept"
docs_platforms/guide_immatriculation_pdp.pdf,16,/docs_platforms/guide_immatriculation_pdp.pdf#page=16,Guide utilisateur – Demande d’immatriculation des plateformes agréées – Facturation électronique 16/28 MAJ 10/12/2025 Jo,Guide utilisateur – Demande d’immatriculation des plateformes agréées – Facturation électronique 16/28 MAJ 10/12/2025 Joindre une lettre d’engagement signée par le représentant légal ou le mandataire par laquelle : - vous vous engagez à exploiter votre système d’information depuis le territoire d’un État membre de l’Union européenne (UE) ; - vous assurez qu’aucun transfert des données hébergées par votre plateforme n’est possible en dehors de l’UE ; La lettre d’engagement doit être accompagnée d
docs_platforms/guide_immatriculation_pdp.pdf,17,/docs_platforms/guide_immatriculation_pdp.pdf#page=17,Guide utilisateur – Demande d’immatriculation des plateformes agréées – Facturation électronique 17/28 MAJ 10/12/2025 Si,"Guide utilisateur – Demande d’immatriculation des plateformes agréées – Facturation électronique 17/28 MAJ 10/12/2025 Si vous avez recours à un prestataire d’hébergement, saisissez le numéro de votre qualification « SecNumCloud » ainsi que le document où figure la décision de qualification “SecNumCloud” délivrée par l’Agence nationale de la sécurité des systèmes d’information en cours de validité le concernant. Dans le cas où la procédure de qualification SecNumCloud de votre prestataire est en "
docs_platforms/guide_immatriculation_pdp.pdf,18,/docs_platforms/guide_immatriculation_pdp.pdf#page=18,Guide utilisateur – Demande d’immatriculation des plateformes agréées – Facturation électronique 18/28 MAJ 10/12/2025 Vo,Guide utilisateur – Demande d’immatriculation des plateformes agréées – Facturation électronique 18/28 MAJ 10/12/2025 Vous remettez une seconde déclaration par laquelle vous vous engagez à : - fournir et mettre à jour les informations relatives à vos utilisateurs permettant d’assurer le fonctionnement de l’annuaire central prévu au III de l’article 289 bis du CGI ; - utiliser l’annuaire central de l’administration à la seule fin d’assurer l’adressage des factures électroniques aux plateformes de
docs_platforms/guide_immatriculation_pdp.pdf,19,/docs_platforms/guide_immatriculation_pdp.pdf#page=19,Guide utilisateur – Demande d’immatriculation des plateformes agréées – Facturation électronique 19/28 MAJ 10/12/2025 - ,"Guide utilisateur – Demande d’immatriculation des plateformes agréées – Facturation électronique 19/28 MAJ 10/12/2025 - du processus d’envoi et de réception des factures électroniques, de réception des données de facturation, de transaction et de paiement précisant les formats proposés par la plateforme et les mesures de sécurisation mises en œuvre pour assurer l’authenticité de l’origine, l’intégrité du contenu et la lisibilité des factures électroniques à compter de leur émission jusqu’à la fi"
docs_platforms/guide_immatriculation_pdp.pdf,20,/docs_platforms/guide_immatriculation_pdp.pdf#page=20,Guide utilisateur – Demande d’immatriculation des plateformes agréées – Facturation électronique 20/28 MAJ 10/12/2025 Ca,"Guide utilisateur – Demande d’immatriculation des plateformes agréées – Facturation électronique 20/28 MAJ 10/12/2025 Cas des marques blanches / grises : Si vous décidez d’opter pour l’utilisation d’une solution déjà immatriculée en tant que plateforme agréée, vous devrez joindre selon les cas exposés ci-dessous, des documents complémentaires : Cas N°1 : utilisation de l’intégralité de la solution PDP Il est demandé de compléter le dossier de demande d’immatriculation du contrat liant votre soci"
docs_platforms/guide_immatriculation_pdp.pdf,21,/docs_platforms/guide_immatriculation_pdp.pdf#page=21,Guide utilisateur – Demande d’immatriculation des plateformes agréées – Facturation électronique 21/28 MAJ 10/12/2025 Ap,"Guide utilisateur – Demande d’immatriculation des plateformes agréées – Facturation électronique 21/28 MAJ 10/12/2025 Après validation du dossier, la société candidate devra réaliser des tests techniques démontrant l'interopérabilité de sa plateforme pour : - L'émission, la réception et la transmission de factures avec le portail public de facturation ; - Les échanges avec une autre plateforme de dématérialisation partenaire (via une convention bilatérale ou un protocole d'échange en réseau). Dé"
docs_platforms/guide_immatriculation_pdp.pdf,22,/docs_platforms/guide_immatriculation_pdp.pdf#page=22,Guide utilisateur – Demande d’immatriculation des plateformes agréées – Facturation électronique 22/28 MAJ 10/12/2025 Cl,Guide utilisateur – Demande d’immatriculation des plateformes agréées – Facturation électronique 22/28 MAJ 10/12/2025 Cliquez sur le bouton « Déposer le dossier ». Vous aurez la possibilité de déposer les comptes rendus de vos tests d’interopérabilité après cette étape. Une fenêtre de confirmation indique que le dossier est complet et enregistré. II. Dépôt de dossier II. V. Fin de saisie du formulaire de dépôt
docs_platforms/guide_immatriculation_pdp.pdf,23,/docs_platforms/guide_immatriculation_pdp.pdf#page=23,Guide utilisateur – Demande d’immatriculation des plateformes agréées – Facturation électronique 23/28 MAJ 10/12/2025 Vo,"Guide utilisateur – Demande d’immatriculation des plateformes agréées – Facturation électronique 23/28 MAJ 10/12/2025 Vous recevez un accusé réception par courriel vous informant que « votre dossier est déposé ». Un numéro de dossier « Démarches simplifiées » vous est attribué. Notre exemple : 000047 Pour toute action (statut de la demande...) sur « Démarche numérique » : - un message est publié dans la messagerie « Démarche numérique », - un courriel est transmis sur l’adresse électronique rens"
docs_platforms/guide_immatriculation_pdp.pdf,24,/docs_platforms/guide_immatriculation_pdp.pdf#page=24,Guide utilisateur – Demande d’immatriculation des plateformes agréées – Facturation électronique 24/28 MAJ 10/12/2025 En,"Guide utilisateur – Demande d’immatriculation des plateformes agréées – Facturation électronique 24/28 MAJ 10/12/2025 En cliquant sur « Actions », vous pouvez : - transférer votre dossier vers un autre compte « démarche numérique » ; - commencer une nouvelle démarche ; - dupliquer votre dossier. Vous pouvez suivre l’état d’avancement de votre demande dans votre tableau de bord « Dossiers » III. Suivi de dossier III.II. Statut du dossier"
docs_platforms/guide_immatriculation_pdp.pdf,25,/docs_platforms/guide_immatriculation_pdp.pdf#page=25,Guide utilisateur – Demande d’immatriculation des plateformes agréées – Facturation électronique 25/28 MAJ 10/12/2025 II,"Guide utilisateur – Demande d’immatriculation des plateformes agréées – Facturation électronique 25/28 MAJ 10/12/2025 III. Suivi de dossier III.III. Dossier accepté Lorsque votre dossier est accepté, il a le statut « accepté » sur le site « demarche.numerique.gouv.fr ». Un courriel de la plateforme DN vous informera que votre dossier est accepté. Le service des immatriculation vous adressera votre notification d’immatriculation par courriel."
docs_platforms/guide_immatriculation_pdp.pdf,26,/docs_platforms/guide_immatriculation_pdp.pdf#page=26,Guide utilisateur – Demande d’immatriculation des plateformes agréées – Facturation électronique 26/28 MAJ 10/12/2025 IV,"Guide utilisateur – Demande d’immatriculation des plateformes agréées – Facturation électronique 26/28 MAJ 10/12/2025 IV. Rapport d’audit Vérifiez votre messagerie « démarches numérique », un accusé réception « dossier accepté » vous sera adressé. Il contiendra un lien vous permettant de déposer votre rapport d’audit de conformité via « démarche.numerique.gouv.fr ». Vous devez produire au plus tard dans le délai d’un an à compter de la notification de la délivrance du numéro d’immatriculation, u"
docs_platforms/guide_immatriculation_pdp.pdf,27,/docs_platforms/guide_immatriculation_pdp.pdf#page=27,Guide utilisateur – Demande d’immatriculation des plateformes agréées – Facturation électronique 27/28 MAJ 10/12/2025 Av,"Guide utilisateur – Demande d’immatriculation des plateformes agréées – Facturation électronique 27/28 MAJ 10/12/2025 Avant l’expiration de l’immatriculation, vous disposez de 5 mois pour déposer votre dossier de renouvellement (art. 242 nonies C, I de l’annexe II au CGI). V. Renouvellement Le numéro d'immatriculation est délivré pour une durée de trois ans renouvelable."
docs_platforms/guide_immatriculation_pdp.pdf,28,/docs_platforms/guide_immatriculation_pdp.pdf#page=28,Guide utilisateur – Demande d’immatriculation des plateformes agréées – Facturation électronique 28/28 MAJ 10/12/2025 Se,"Guide utilisateur – Demande d’immatriculation des plateformes agréées – Facturation électronique 28/28 MAJ 10/12/2025 Service d’immatriculation des plateformes agréées immat.pdp@dgfip.finances.gouv.fr VI. Contacts La messagerie demarche.numerique.gouv.fr reste à privilégier pour toute demande concernant le dossier en cours d’instruction. Pour tout autre échange avec le service immatriculation, il convient d’utiliser l’adresse de messagerie du service qui figure ci-dessus et de normer l’objet du "
docs_platforms/liste_documents_pdp.pdf,1,/docs_platforms/liste_documents_pdp.pdf#page=1,Liste des documents à fournir pour demander à devenir une plateforme de dématérialisation partenaire (PDP) Toutes les pi,Liste des documents à fournir pour demander à devenir une plateforme de dématérialisation partenaire (PDP) Toutes les pièces à fournir figurent dans le décret et l’arrêté du 7 octobre 2022. • Numéro SIREN ; • Un document présentant de manière précise les moyens mis en œuvre pour assurer la sécurité des données à caractère personnel en application de l’article 32 du règlement (UE) 2016/679 du Parlement européen du Conseil du 27 avril 2016 relatif à la protection des personnes physiques à l’égard 
docs_platforms/presentation_labels_plateforme_agreee_solution_compatible.pdf,1,/docs_platforms/presentation_labels_plateforme_agreee_solution_compatible.pdf#page=1,Présentation de la Marque de garantie « Plateforme agréée – Facturation électronique » et label « Solution compatible – ,"Présentation de la Marque de garantie « Plateforme agréée – Facturation électronique » et label « Solution compatible – Facturation électronique » À partir de septembre 2026, toutes les entreprises et les ind épendants devront recevoir leurs factures sous format électronique et, progressivement, se mettre en situation de les émettre avant septembre 2027. Cette réforme, qui concerne près de huit millions d’acteurs économiques, vise à moderniser et s écuriser les échanges et simplifier les démarch"
docs_platforms/presentation_labels_plateforme_agreee_solution_compatible.pdf,2,/docs_platforms/presentation_labels_plateforme_agreee_solution_compatible.pdf#page=2,"Une plateforme agréée facturation électronique, anciennement connue sous le terme de plateforme de dématérialisation par","Une plateforme agréée facturation électronique, anciennement connue sous le terme de plateforme de dématérialisation partenaire (PDP), est une solution informatique qui a fait l’objet d ’une immatriculation par la Direction générale des Finances publiques. Cette plateforme répond à un cahier des charges défini réglementairement et répondant à des exigences d’ordre fiscal (respect des obligations déclaratives et de paiement), informatique et technique. C’est l’intermédiaire indispensable entre le"
docs_platforms/reglement_charte_plateforme_agreee.pdf,1,/docs_platforms/reglement_charte_plateforme_agreee.pdf#page=1,REGLEMENT D’USAGE DE LA MARQUE FRANÇAISE DE GARANTIE n° 5190110 Version du 16/10/2025 Approuvée par Sébastien RABINEAU,REGLEMENT D’USAGE DE LA MARQUE FRANÇAISE DE GARANTIE n° 5190110 Version du 16/10/2025 Approuvée par Sébastien RABINEAU
docs_platforms/reglement_charte_plateforme_agreee.pdf,2,/docs_platforms/reglement_charte_plateforme_agreee.pdf#page=2,"DÉCLARATION DE NEUTRALITÉ Conformément aux prescriptions des Articles L715 -2 et R751 -1, 2° du Code de la propriété int","DÉCLARATION DE NEUTRALITÉ Conformément aux prescriptions des Articles L715 -2 et R751 -1, 2° du Code de la propriété intellectuelle, l’État français, représenté par la Direction générale des finances publiques déclare ne pas exercer d’activité ayant trait à la fourniture des fonctionnalités offertes par les plateformes agréées dans le cadre de la réforme facturation électronique du même type que ceux/celles qui sont garanties."
docs_platforms/reglement_charte_plateforme_agreee.pdf,3,/docs_platforms/reglement_charte_plateforme_agreee.pdf#page=3,"DEMANDEUR : Le demandeur est l’État français, représenté par la Direction générale des finances publiques et situé au 13","DEMANDEUR : Le demandeur est l’État français, représenté par la Direction générale des finances publiques et situé au 139 rue de Bercy 75012 Paris, titulaire de la marque française de garantie semi-figurative « Plateforme agréée – Facturation électronique » n° 5190110 déposée le 16 octobre 2025 pour désigner des produits et des services relevant des classes 9 et 42. PRÉAMBULE : >Éléments de contexte L’article 26 de la loi de finances rectificative pour 2022 a pour objectif la généralisation de l"
docs_platforms/reglement_charte_plateforme_agreee.pdf,4,/docs_platforms/reglement_charte_plateforme_agreee.pdf#page=4,"A noter que, dans le cadre de la loi de finances pour 2026, les plateformes qui sont les intermédiaires obligatoires ent","A noter que, dans le cadre de la loi de finances pour 2026, les plateformes qui sont les intermédiaires obligatoires entre assujettis pour l’en voi et la réception des factures, changeront de dénomination. Jusqu’ici dénommées plateformes de dématérialisation partenaires (PDP), elles seront désignées sous le vocable de plateformes agréées. C’est cette dénomination qui est retenue dans le présent règlement d’usage. >Description du projet, de son organisation, … La réforme est portée par deux acteu"
docs_platforms/reglement_charte_plateforme_agreee.pdf,5,/docs_platforms/reglement_charte_plateforme_agreee.pdf#page=5,Circuit de transmission des factures et des données : Entreprises : Fournisseurs et clients équipés ou non d’une solutio,Circuit de transmission des factures et des données : Entreprises : Fournisseurs et clients équipés ou non d’une solution de dématérialisation en interne ou en externe Plateformes agréées : prestataires offrant des services de dématérialisation des factures. Seules les plateformes agréées pourront transmettre les factures à leur destinataire et transmettre les données des factures et de transactions au concentrateur de données. Opérateurs de dématérialisation ou solutions compatibles : prestatai
docs_platforms/reglement_charte_plateforme_agreee.pdf,6,/docs_platforms/reglement_charte_plateforme_agreee.pdf#page=6,L’opérateur de dématérialisation ou solution compatible est un prestataire de services ou de solution de gestion qui peu,"L’opérateur de dématérialisation ou solution compatible est un prestataire de services ou de solution de gestion qui peut fournir des solutions sur mesure, par exemple la numérisation des documents, l’intégrat ion avec les systèmes existants ou l’automatisation des processus de facturation dématérialisée. Il peut proposer une large gamme de fonctionnalités et de services pour aider les entreprises en amont ou en aval des plateformes de dématérialisation partenai res. Il peut s’agir par exemple d"
docs_platforms/reglement_charte_plateforme_agreee.pdf,7,/docs_platforms/reglement_charte_plateforme_agreee.pdf#page=7,"ARTICLE 1 : DÉFINITIONS 1. 1 - Par « Marque », on entend la marque française de garantie semi -figurative « Plateforme a","ARTICLE 1 : DÉFINITIONS 1. 1 - Par « Marque », on entend la marque française de garantie semi -figurative « Plateforme agréée -Facturation électronique » telle que représentée en annexe (Annexe 2), déposée à l’Institut national de la pr opriété industrielle (INPI), le 16 octobre 2025 sous le numéro 5190110 au nom de l’Etat français, représenté par le ministre de l’économie, des finances et de la souveraineté industrielle et numérique – Direction générale des finances publiques (DGFIP) pou r dési"
docs_platforms/reglement_charte_plateforme_agreee.pdf,8,/docs_platforms/reglement_charte_plateforme_agreee.pdf#page=8,L’usage de la Marque est réservé aux personnes morales répondant aux critères objectifs établis par la procédure d’immat,"L’usage de la Marque est réservé aux personnes morales répondant aux critères objectifs établis par la procédure d’immatriculation des plateformes agréées s’appuyant sur les articles 290 B du code général des impôts (CGI) et 242 nonies B, C, E et F de l’annexe II du CGI et dont l’autorisation aura été préalablement délivrée par la Direction générale des Finances Publiques à travers le SIM. L’usage de la Marque est réservé aux personnes morales répondant aux cr itères objectifs établis par la pro"
docs_platforms/reglement_charte_plateforme_agreee.pdf,9,/docs_platforms/reglement_charte_plateforme_agreee.pdf#page=9,Toute utilisation de la Marque pour désigner d’autres produits et/ou services est interdite. L’Exploitant s’engage à fai,"Toute utilisation de la Marque pour désigner d’autres produits et/ou services est interdite. L’Exploitant s’engage à faire un usage de la Marque qui soit compatible avec l’ensemble des conditions prévues par le Règlement d’usage. L’Exploitant s’interdit de faire usage de la Marque pour une autre fonction que celle de garantir que les produits et services, pour lesquels la Marque est déposée, possèdent des caractéristiques spécifiques. L’Exploitant s’interdit également de faire un usage de la Mar"
docs_platforms/reglement_charte_plateforme_agreee.pdf,10,/docs_platforms/reglement_charte_plateforme_agreee.pdf#page=10,L’Exploitant doit tout au long de son usage de la Marque respecter les exigences définies et les modalités de marquage. ,"L’Exploitant doit tout au long de son usage de la Marque respecter les exigences définies et les modalités de marquage. 5. 6 - Respect des droits sur la Marque L’Exploitant s’engage à ne pas déposer, dans quelque territoire que ce soit, de marque ou de dessin ou modèle identique ou similaire à la Marque susceptible de lui porter atteinte ou d’être confondu avec elle. No tamment, il s’interdit de déposer toute marque ou dessin ou modèle reprenant, en tout ou partie, la Marque au sein d’un signe p"
docs_platforms/reglement_charte_plateforme_agreee.pdf,11,/docs_platforms/reglement_charte_plateforme_agreee.pdf#page=11,ARTICLE 7 : DURÉE ET TERRITOIRE 7. 1 - Durée L’Exploitant est autorisé à utiliser la Marque conformément au Règlement d’,"ARTICLE 7 : DURÉE ET TERRITOIRE 7. 1 - Durée L’Exploitant est autorisé à utiliser la Marque conformément au Règlement d’usage pendant la durée de validité de la Marque, sauf les cas de résiliation prévus à l’article 9. 7. 2 - Territoire L’autorisation d’utiliser la Marque vaut pour le territoire français. ARTICLE 8 : MODIFICATION 8. 1 - Modification du dispositif En cas de modification du Règlement d’usage, l’État français en informe l’Exploitant par tous moyens. L’État français fixe un délai à "
docs_platforms/reglement_charte_plateforme_agreee.pdf,12,/docs_platforms/reglement_charte_plateforme_agreee.pdf#page=12,L’Exploitant ne pourra prétendre à aucune indemnisation suite à la modification de la Charte d’utilisation. ARTICLE 9 : ,L’Exploitant ne pourra prétendre à aucune indemnisation suite à la modification de la Charte d’utilisation. ARTICLE 9 : RÉSILIATION DE L’AUTORISATION D’UTILISATION DE LA MARQUE 9. 1 - Dispositions communes L’Exploitant ne bénéficie d’aucun droit acquis au maintien de son autorisation d’utilisation de la Marque. L’Exploitant ne pourra prétendre à aucune i ndemnisation du fait de la résiliation de l’autorisation d’utilisation de la Marque. 9. 2 - Résiliation de l’autorisation du fait de l’Exploita
docs_platforms/reglement_charte_plateforme_agreee.pdf,13,/docs_platforms/reglement_charte_plateforme_agreee.pdf#page=13,9.2.3. Sanctions L’usage non conforme au Règlement d’usage et/ou la poursuite de l’usage de la Marque malgré une décisio,9.2.3. Sanctions L’usage non conforme au Règlement d’usage et/ou la poursuite de l’usage de la Marque malgré une décision de retrait constituent des agissements illicites que l’État français pourra faire sanctionner et dont il pourra obtenir réparation devant les tribunaux compétents. 9. 3 - Retrait de l’autorisation du fait de l’État français L’autorisation d’utiliser la Marque en vertu du Règlement d’usage tombe de plein droit en cas de décision de l’État français d’abandonner la Marque. L’Éta
docs_platforms/reglement_charte_plateforme_agreee.pdf,14,/docs_platforms/reglement_charte_plateforme_agreee.pdf#page=14,ARTICLE 12 : RESPONSABILITÉ ET GARANTIES L’Exploitant est seul responsable des conséquences directes ou indirectes qui p,"ARTICLE 12 : RESPONSABILITÉ ET GARANTIES L’Exploitant est seul responsable des conséquences directes ou indirectes qui pour- raient résulter de son exploitation de la Marque. En cas de mise en jeu de la responsabilité de l’État français par un tiers, du fait de l’utilisation non conforme de la Mar que par l’Exploitant, ce dernier s’engage à en supporter tous les frais et charges en lieu et place de l’État français. L’Exploitant sera tenu au retrait du marché, dans les plus brefs délais, de tout "
docs_platforms/reglement_charte_plateforme_agreee.pdf,15,/docs_platforms/reglement_charte_plateforme_agreee.pdf#page=15,LISTE DES ANNEXES - Annexe 1 : Représentation de la Marque française de garantie. - Annexe 2 : Libellé de la Marque fran,LISTE DES ANNEXES - Annexe 1 : Représentation de la Marque française de garantie. - Annexe 2 : Libellé de la Marque française de garantie. - Annexe 3 : Charte d’utilisation de la Marque. - Annexe 4 : Charte graphique de la Marque.
docs_platforms/reglement_charte_plateforme_agreee.pdf,16,/docs_platforms/reglement_charte_plateforme_agreee.pdf#page=16,Annexe 1 : Représentation de la Marque de garantie,Annexe 1 : Représentation de la Marque de garantie
docs_platforms/reglement_charte_plateforme_agreee.pdf,17,/docs_platforms/reglement_charte_plateforme_agreee.pdf#page=17,Annexe 2 : Liste des produits et services visés par la Marque de garantie Classe 9 : « Plateformes informatiques sous fo,"Annexe 2 : Liste des produits et services visés par la Marque de garantie Classe 9 : « Plateformes informatiques sous forme de logiciels enregistrés ou téléchargeables pour la facturation électronique » Classe 42 : « Plateforme informatique en tant que service [PaaS] pour la facturation électronique ; Logiciels-services [Saas] pour le traitement de la facturation électronique via des réseaux informatiques, des intranets et Internet »"
docs_platforms/reglement_charte_plateforme_agreee.pdf,18,/docs_platforms/reglement_charte_plateforme_agreee.pdf#page=18,Annexe 3 : Charte d’utilisation de la marque de garantie 1,Annexe 3 : Charte d’utilisation de la marque de garantie 1
docs_platforms/reglement_charte_plateforme_agreee.pdf,19,/docs_platforms/reglement_charte_plateforme_agreee.pdf#page=19,30/07/2025Direction générale des Finances publiques 2 Charte d’utilisation de la marque de garantie « Plateforme agréée ,30/07/2025Direction générale des Finances publiques 2 Charte d’utilisation de la marque de garantie « Plateforme agréée facturation électronique »
docs_platforms/reglement_charte_plateforme_agreee.pdf,20,/docs_platforms/reglement_charte_plateforme_agreee.pdf#page=20,30/07/2025 Direction générale des Finances publiques 3 Un document à l’usage des plateformes immatriculées par la DGFiP ,"30/07/2025 Direction générale des Finances publiques 3 Un document à l’usage des plateformes immatriculées par la DGFiP La marque de garantie « Plateforme agréée » Parmi les nombreux acteurs qui aident les entreprises à franchir le cap de la facturation électronique, deux catégories d’acteurs œuvrent à la digitalisation des processus de facturation des entreprises : les plateformes agréées et les éditeurs de solutions compatibles avec la réforme. Clés de voûte de la réforme, la Direction général"
docs_platforms/reglement_charte_plateforme_agreee.pdf,21,/docs_platforms/reglement_charte_plateforme_agreee.pdf#page=21,Sommaire 30/07/2025 Direction générale des Finances publiques 4 01. Contexte 02. Enjeux et objectifs 03. Modalités de dé,Sommaire 30/07/2025 Direction générale des Finances publiques 4 01. Contexte 02. Enjeux et objectifs 03. Modalités de délivrance 04. Quelles sont les parties prenantes ? 05. Caractéristiques du droit d’usage de la marque 06. Modalités d’usage de la marque 07. Modalités de contrôle de la marque par l’État 08. Modifications des règles d’utilisation de la marque 09. Résiliation d’autorisation d’usage de la marque
docs_platforms/reglement_charte_plateforme_agreee.pdf,22,/docs_platforms/reglement_charte_plateforme_agreee.pdf#page=22,01 30/07/2025 Direction générale des Finances publiques 5 Contexte,01 30/07/2025 Direction générale des Finances publiques 5 Contexte
docs_platforms/reglement_charte_plateforme_agreee.pdf,23,/docs_platforms/reglement_charte_plateforme_agreee.pdf#page=23,Contexte 30/07/2025 Direction générale des Finances publiques 6 Au regard : • de la richesse de l’écosystème œuvrant pou,"Contexte 30/07/2025 Direction générale des Finances publiques 6 Au regard : • de la richesse de l’écosystème œuvrant pour la digitalisation des processus de facturation des entreprises, • de la diversité des acteurs qui aident les entreprises à franchir le cap de la facturation électronique, il apparaît nécessaire de créer un repère fiable et unique permettant d’identifier les plateformes agréées, principaux intermédiaires dans le cadre de la réforme Facturation électronique, à la suite de leur "
docs_platforms/reglement_charte_plateforme_agreee.pdf,24,/docs_platforms/reglement_charte_plateforme_agreee.pdf#page=24,02 30/07/2025 Direction générale des Finances publiques 7 Enjeux et objectifs,02 30/07/2025 Direction générale des Finances publiques 7 Enjeux et objectifs
docs_platforms/reglement_charte_plateforme_agreee.pdf,25,/docs_platforms/reglement_charte_plateforme_agreee.pdf#page=25,Enjeux et objectifs 30/07/2025 Direction générale des Finances publiques 8 Enjeux : ● Contribuer à identifier les platef,"Enjeux et objectifs 30/07/2025 Direction générale des Finances publiques 8 Enjeux : ● Contribuer à identifier les plateformes agréées, immatriculées par l’administration. ● Différencier les acteurs permettant aux entreprises de respecter leurs obligations. Objectifs : ● Renforcer la lisibilité des offres des plateformes agréées en associant l’immatriculation à une marque. ● Valoriser l’immatriculation des plateformes agréées par le Service d’immatriculation de la Direction générale des Finances "
docs_platforms/reglement_charte_plateforme_agreee.pdf,26,/docs_platforms/reglement_charte_plateforme_agreee.pdf#page=26,03 30/07/2025 Direction générale des Finances publiques 9 Modalités de délivrance,03 30/07/2025 Direction générale des Finances publiques 9 Modalités de délivrance
docs_platforms/reglement_charte_plateforme_agreee.pdf,27,/docs_platforms/reglement_charte_plateforme_agreee.pdf#page=27,Modalités de délivrance 30/07/2025 Direction générale des Finances publiques 10 Le processus d’attribution du numéro d’i,"Modalités de délivrance 30/07/2025 Direction générale des Finances publiques 10 Le processus d’attribution du numéro d’immatriculation est rigoureux et normé. Il permet d’obtenir un droit d’usage de la marque. L’immatriculation est délivrée par le Service d’immatriculation des plateformes (SIM), service de la Direction générale des Finances publiques, sur la base des articles 290 B du Code général des impôts et 242 nonies B de l’annexe II à ce même code."
docs_platforms/reglement_charte_plateforme_agreee.pdf,28,/docs_platforms/reglement_charte_plateforme_agreee.pdf#page=28,04 30/07/2025 Direction générale des Finances publiques 11 Quelles sont les parties prenantes de la marque ?,04 30/07/2025 Direction générale des Finances publiques 11 Quelles sont les parties prenantes de la marque ?
docs_platforms/reglement_charte_plateforme_agreee.pdf,29,/docs_platforms/reglement_charte_plateforme_agreee.pdf#page=29,Les plateformes agréées et immatriculées par l’État Utilisateurs de la marque Quelles sont les parties prenantes de la m,"Les plateformes agréées et immatriculées par l’État Utilisateurs de la marque Quelles sont les parties prenantes de la marque ? 30/07/2025 Direction générale des Finances publiques 12 L’État Propriétaire de la marque Le SIM Service d’immatriculation des plateformes Service de la DGFIP, accrédite les plateformes et veille au bon usage de la marque Garant de la qualité et de l’utilisation Les entreprises Récepteurs de la marque 01 02 03 04"
docs_platforms/reglement_charte_plateforme_agreee.pdf,30,/docs_platforms/reglement_charte_plateforme_agreee.pdf#page=30,Quelles sont les parties prenantes de la marque ? 30/07/2025 Direction générale des Finances publiques 13 Propriétaire d,Quelles sont les parties prenantes de la marque ? 30/07/2025 Direction générale des Finances publiques 13 Propriétaire de la marque L’État Finalité de la marque de garantie L’État est propriétaire de la marque. Il prendra toutes les mesures utiles et engagera toutes les poursuites nécessaires pour faire cesser les atteintes à la marque. Tout dépôt de marque ou réservation de nom de domaine reprenant tout ou partie de la marque est interdit. Seul l’État est habilité à utiliser le logo sans Marian
docs_platforms/reglement_charte_plateforme_agreee.pdf,31,/docs_platforms/reglement_charte_plateforme_agreee.pdf#page=31,Quelles sont les parties prenantes de la marque ? 30/07/2025 Direction générale des Finances publiques 14 Utilisateurs d,Quelles sont les parties prenantes de la marque ? 30/07/2025 Direction générale des Finances publiques 14 Utilisateurs de la marque Les plateformes agréées et immatriculées par l’État Enjeux Augmenter la visibilité des plateformes agréées auprès de leurs clients potentiels. Usage Les plateformes agréées sont bénéficiaires du droit d’usage de la marque conformément au règlement d’usage (document juridique qui formalise les conditions et les modalités d’utilisation de la marque) dès leur immatricu
docs_platforms/reglement_charte_plateforme_agreee.pdf,32,/docs_platforms/reglement_charte_plateforme_agreee.pdf#page=32,Quelles sont les parties prenantes de la marque ? 30/07/2025 Direction générale des Finances publiques 15 Utilisateurs d,"Quelles sont les parties prenantes de la marque ? 30/07/2025 Direction générale des Finances publiques 15 Utilisateurs de la marque Les plateformes agréées et immatriculées par l’État Usage (suite) Elles utilisent la marque à des fins d’identification en précisant la mention « Plateforme agréée facturation électronique ». Elles s’engagent à respecter la charte d’utilisation et la charte graphique. La marque doit toujours être accompagnée de la mention adaptée, correspondant à la qualité du prest"
docs_platforms/reglement_charte_plateforme_agreee.pdf,33,/docs_platforms/reglement_charte_plateforme_agreee.pdf#page=33,Quelles sont les parties prenantes de la marque ? 30/07/2025 Direction générale des Finances publiques 16 Garant de la q,"Quelles sont les parties prenantes de la marque ? 30/07/2025 Direction générale des Finances publiques 16 Garant de la qualité Le SIM immatricule les plateformes et veille au bon usage de la marque Le SIM s’assure que les plateformes agréées remplissent bien toutes les conditions d’immatriculation et le respect de l’usage de la marque. En cas de manquement constaté aux dispositions du règlement d’usage, le SIM pourra retirer l’usage de la marque. Récepteurs de la marque Les entreprises"
docs_platforms/reglement_charte_plateforme_agreee.pdf,34,/docs_platforms/reglement_charte_plateforme_agreee.pdf#page=34,05 30/07/2025 Direction générale des Finances publiques 17 Caractéristiques du droit d’usage de la marque,05 30/07/2025 Direction générale des Finances publiques 17 Caractéristiques du droit d’usage de la marque
docs_platforms/reglement_charte_plateforme_agreee.pdf,35,/docs_platforms/reglement_charte_plateforme_agreee.pdf#page=35,Caractéristiques du droit d’usage de la marque « plateforme agréée » 30/07/2025 Direction générale des Finances publique,Caractéristiques du droit d’usage de la marque « plateforme agréée » 30/07/2025 Direction générale des Finances publiques 18 Non permanent Un changement de circonstances affectant l’utilisateur de la marque doit être porté à la connaissance du SIM et peut donner lieu à la résiliation de l’autorisation d’utiliser de la marque. Il ne bénéficie d’aucun droit permanent s’agissant de l’utilisation de la marque. Non exclusif L’utilisateur n’a aucun droit exclusif d’usage de la marque. Personnel L’util
docs_platforms/reglement_charte_plateforme_agreee.pdf,36,/docs_platforms/reglement_charte_plateforme_agreee.pdf#page=36,06 30/07/2025 Direction générale des Finances publiques 19 Modalités d’usage de la marque,06 30/07/2025 Direction générale des Finances publiques 19 Modalités d’usage de la marque
docs_platforms/reglement_charte_plateforme_agreee.pdf,37,/docs_platforms/reglement_charte_plateforme_agreee.pdf#page=37,Modalités d’usage de la marque « plateforme agréée » 30/07/2025 Direction générale des Finances publiques 20 La marque d,"Modalités d’usage de la marque « plateforme agréée » 30/07/2025 Direction générale des Finances publiques 20 La marque doit être reproduite dans son intégralité. La marque doit être utilisée à des fins d'information générale. Il est interdit d'utiliser la marque à des fins politiques, polémiques, contraires à l’ordre public ou aux bonnes mœurs, susceptibles de porter atteinte à des droits reconnus par la loi et, de manière générale, susceptibles de porter atteinte à l’État français ou lui être p"
docs_platforms/reglement_charte_plateforme_agreee.pdf,38,/docs_platforms/reglement_charte_plateforme_agreee.pdf#page=38,07 30/07/2025 Direction générale des Finances publiques 21 Modalités de contrôle de la marque par l’État,07 30/07/2025 Direction générale des Finances publiques 21 Modalités de contrôle de la marque par l’État
docs_platforms/reglement_charte_plateforme_agreee.pdf,39,/docs_platforms/reglement_charte_plateforme_agreee.pdf#page=39,Modalités de contrôle de la marque par l’État 30/07/2025 Direction générale des Finances publiques 22 L’État français es,"Modalités de contrôle de la marque par l’État 30/07/2025 Direction générale des Finances publiques 22 L’État français est habilité à prendre toutes mesures destinées à contrôler le respect des conditions et obligations fixées dans la charte d’utilisation et à en sanctionner le non-respect. L’État français est seul habilité à défendre la marque et à prendre toutes mesures de contrôle et de sanction à l’encontre d’un usage de la marque non conforme aux règles édictées, réalisé par : • les utilisat"
docs_platforms/reglement_charte_plateforme_agreee.pdf,40,/docs_platforms/reglement_charte_plateforme_agreee.pdf#page=40,08 30/07/2025 Direction générale des Finances publiques 23 Modifications des règles d’utilisation de la marque,08 30/07/2025 Direction générale des Finances publiques 23 Modifications des règles d’utilisation de la marque
docs_platforms/reglement_charte_plateforme_agreee.pdf,41,/docs_platforms/reglement_charte_plateforme_agreee.pdf#page=41,Modifications des règles d’utilisation de la marque 30/07/2025 Direction générale des Finances publiques 24 En cas de mo,"Modifications des règles d’utilisation de la marque 30/07/2025 Direction générale des Finances publiques 24 En cas de modification des règles d’usage de la marque « Plateforme agréée facturation électronique», l’État français, représenté par le SIM, informe les utilisateurs. Ceux-ci sont réputés avoir pris connaissance de la modification, sauf notification contraire de leur part ou cessation d’utilisation de la marque, dans un délai de 30 jours. Ils peuvent continuer à utiliser la marque sauf s’"
docs_platforms/reglement_charte_plateforme_agreee.pdf,42,/docs_platforms/reglement_charte_plateforme_agreee.pdf#page=42,09 30/07/2025 Direction générale des Finances publiques 25 Résiliation de l’autorisation d’usage de la marque,09 30/07/2025 Direction générale des Finances publiques 25 Résiliation de l’autorisation d’usage de la marque
docs_platforms/reglement_charte_plateforme_agreee.pdf,43,/docs_platforms/reglement_charte_plateforme_agreee.pdf#page=43,Résiliation de l’autorisation d’usage de la marque 30/07/2025 Direction générale des Finances publiques 26 L’utilisateur,"Résiliation de l’autorisation d’usage de la marque 30/07/2025 Direction générale des Finances publiques 26 L’utilisateur ne peut prétendre à indemnisation du fait de la résiliation de l’autorisation d’utiliser la marque, quelle qu’en soit la cause. L’autorisation d’utilisation de la marque est résiliée du fait de l’utilisateur : • s’il ne répond plus aux conditions d’éligibilité, • s’il ne respecte pas les règles d’usage de la marque. Le retrait du droit d’usage de la marque entraîne l’obligatio"
docs_platforms/reglement_charte_plateforme_agreee.pdf,44,/docs_platforms/reglement_charte_plateforme_agreee.pdf#page=44,30/07/2025Direction générale des Finances publiques 27,30/07/2025Direction générale des Finances publiques 27
docs_platforms/reglement_charte_plateforme_agreee.pdf,45,/docs_platforms/reglement_charte_plateforme_agreee.pdf#page=45,Annexe 4 : Charte graphique de la marque de garantie 1,Annexe 4 : Charte graphique de la marque de garantie 1
docs_platforms/reglement_charte_plateforme_agreee.pdf,46,/docs_platforms/reglement_charte_plateforme_agreee.pdf#page=46,30/07/2025Direction générale des Finances publiques 2 Charte graphique de la marque de garantie « Plateforme agréée fact,30/07/2025Direction générale des Finances publiques 2 Charte graphique de la marque de garantie « Plateforme agréée facturation électronique »
docs_platforms/reglement_charte_plateforme_agreee.pdf,47,/docs_platforms/reglement_charte_plateforme_agreee.pdf#page=47,Sommaire 30/07/2025 Direction générale des Finances publiques 3 01. Composition du logotype 02. Zone de protection et ta,Sommaire 30/07/2025 Direction générale des Finances publiques 3 01. Composition du logotype 02. Zone de protection et taille minimale 03. Les règles de placements 04. Les interdits 05. Les couleurs 06. La typographie
docs_platforms/reglement_charte_plateforme_agreee.pdf,48,/docs_platforms/reglement_charte_plateforme_agreee.pdf#page=48,01 30/07/2025 Direction générale des Finances publiques 4 Composition du logotype,01 30/07/2025 Direction générale des Finances publiques 4 Composition du logotype
docs_platforms/reglement_charte_plateforme_agreee.pdf,49,/docs_platforms/reglement_charte_plateforme_agreee.pdf#page=49,5 Composition du logotype de la marque de garantie Quel que soit le support et quel que soit le contexte de communicatio,"5 Composition du logotype de la marque de garantie Quel que soit le support et quel que soit le contexte de communication, le logotype est unique et non modifiable. Il est composé en typographie Marianne détaillée dans les pages suivantes. Il peut être utilisé sur fond blanc, de couleur ou photos, toujours dans son fond blanc."
docs_platforms/reglement_charte_plateforme_agreee.pdf,50,/docs_platforms/reglement_charte_plateforme_agreee.pdf#page=50,02 30/07/2025 Direction générale des Finances publiques 6 Zone de protection et taille minimale,02 30/07/2025 Direction générale des Finances publiques 6 Zone de protection et taille minimale
docs_platforms/reglement_charte_plateforme_agreee.pdf,51,/docs_platforms/reglement_charte_plateforme_agreee.pdf#page=51,7 La zone de protection La zone de protection garantit la lisibilité du logo dans le cadre de son utilisation lorsqu’il ,"7 La zone de protection La zone de protection garantit la lisibilité du logo dans le cadre de son utilisation lorsqu’il est à proximité d’autres éléments graphiques. Aucun élément ne doit figurer dans la zone de protection autour du logo. Elle est constituée d’une bande de dimensions fixes, égales à la hauteur de «X». La taille minimale Pour garantir la lisibilité, le logotype ne doit pas être inférieur à une taille minimale, déterminée par «X» = 12 pixels."
docs_platforms/reglement_charte_plateforme_agreee.pdf,52,/docs_platforms/reglement_charte_plateforme_agreee.pdf#page=52,03 30/07/2025 Direction générale des Finances publiques 8 Les règles de placements,03 30/07/2025 Direction générale des Finances publiques 8 Les règles de placements
docs_platforms/reglement_charte_plateforme_agreee.pdf,53,/docs_platforms/reglement_charte_plateforme_agreee.pdf#page=53,9 Les règles de placements La taille du bloc-marque et celle du cadre commun sont définies par rapport au format du supp,9 Les règles de placements La taille du bloc-marque et celle du cadre commun sont définies par rapport au format du support. La valeur «X» servant de base à ce calcul est la hauteur du cartouche « Plateforme agréée ». Logo partenaire
docs_platforms/reglement_charte_plateforme_agreee.pdf,54,/docs_platforms/reglement_charte_plateforme_agreee.pdf#page=54,04 30/07/2025 Direction générale des Finances publiques 10 Les interdits,04 30/07/2025 Direction générale des Finances publiques 10 Les interdits
docs_platforms/reglement_charte_plateforme_agreee.pdf,55,/docs_platforms/reglement_charte_plateforme_agreee.pdf#page=55,11 Les interdits Le logo ne doit pas être modifié de quelque façon que ce soit. Ne pas utiliser le logo sans son cartouc,"11 Les interdits Le logo ne doit pas être modifié de quelque façon que ce soit. Ne pas utiliser le logo sans son cartouche blanc et ne pas appliquer le logotype sur des fonds nuisant à sa lisibilité Ne pas utiliser le logo en transparence Ne pas modifier la forme des flèches Ne pas modifier la couleur ou la typographie du logotype Ne pas déformer, aplatir ou étirer le logotype Ne pas empiéter sur la zone de protection Ne pas appliquer d’effets graphiques au logotype (ombre, relief, halo, texture"
docs_platforms/reglement_charte_plateforme_agreee.pdf,56,/docs_platforms/reglement_charte_plateforme_agreee.pdf#page=56,05 30/07/2025 Direction générale des Finances publiques 12 Les couleurs,05 30/07/2025 Direction générale des Finances publiques 12 Les couleurs
docs_platforms/reglement_charte_plateforme_agreee.pdf,57,/docs_platforms/reglement_charte_plateforme_agreee.pdf#page=57,13 Les couleurs RVB Pour les usages numériques.,13 Les couleurs RVB Pour les usages numériques.
docs_platforms/reglement_charte_plateforme_agreee.pdf,58,/docs_platforms/reglement_charte_plateforme_agreee.pdf#page=58,14 Les couleurs CMJN Pour les éditions et impressions.,14 Les couleurs CMJN Pour les éditions et impressions.
docs_platforms/reglement_charte_plateforme_agreee.pdf,59,/docs_platforms/reglement_charte_plateforme_agreee.pdf#page=59,15 Les couleurs Pantone Pour les éditions et impressions.,15 Les couleurs Pantone Pour les éditions et impressions.
docs_platforms/reglement_charte_plateforme_agreee.pdf,60,/docs_platforms/reglement_charte_plateforme_agreee.pdf#page=60,06 30/07/2025 Direction générale des Finances publiques 16 La typographie,06 30/07/2025 Direction générale des Finances publiques 16 La typographie
docs_platforms/reglement_charte_plateforme_agreee.pdf,61,/docs_platforms/reglement_charte_plateforme_agreee.pdf#page=61,"17 La typographie Utilisation de la typographie Marianne, police principale de la charte graphique de l’Etat.","17 La typographie Utilisation de la typographie Marianne, police principale de la charte graphique de l’Etat."
docs_platforms/reglement_charte_plateforme_agreee.pdf,62,/docs_platforms/reglement_charte_plateforme_agreee.pdf#page=62,30/07/2025Direction générale des Finances publiques 18,30/07/2025Direction générale des Finances publiques 18
docs_specific/cegos_comexa_2026/cegos_comexa_smartpocket_facture_electronique_2026-04-24.pdf,1,/docs_specific/cegos_comexa_2026/cegos_comexa_smartpocket_facture_electronique_2026-04-24.pdf#page=1,© Cegos- Tous droits réservés © Cegos- Tous droits réservés La facture électronique La facture électronique Enjeux et mi,"© Cegos- Tous droits réservés © Cegos- Tous droits réservés La facture électronique La facture électronique Enjeux et mise en œuvre REF-Gr_00054999,2.0,CURRENT, Bon pour publi COMEXA Rungis 24 avril 2026"
docs_specific/cegos_comexa_2026/cegos_comexa_smartpocket_facture_electronique_2026-04-24.pdf,2,/docs_specific/cegos_comexa_2026/cegos_comexa_smartpocket_facture_electronique_2026-04-24.pdf#page=2,Retour sommaire général © Cegos - Tous droits réservés Cliquez pour accéder à la diapositive suivante Cliquez pou accéde,"Retour sommaire général © Cegos - Tous droits réservés Cliquez pour accéder à la diapositive suivante Cliquez pou accéder à la diapositive précédente © Cegos - Tous droits réservés Cliquez pour accéder à la diapositive suivanteCliquez pour retourner au début du thème Documentation interactive 2 V ous pouvez naviguer à votre guise dans ce contenu à partir de la page sommaire (page suivante). Page précédente, suivante Retour début du chapitre Retour au sommaire La navigation entre diapositives est"
docs_specific/cegos_comexa_2026/cegos_comexa_smartpocket_facture_electronique_2026-04-24.pdf,3,/docs_specific/cegos_comexa_2026/cegos_comexa_smartpocket_facture_electronique_2026-04-24.pdf#page=3,Retour sommaire général © Cegos - Tous droits réservés Cliquez pour accéder à la diapositive suivante Cliquez pou accéde,"Retour sommaire général © Cegos - Tous droits réservés Cliquez pour accéder à la diapositive suivante Cliquez pou accéder à la diapositive précédente © Cegos - Tous droits réservés Cliquez pour accéder à la diapositive suivanteCliquez pour retourner au début du thème © Cegos - Tous droits réservés Pour accéder au Learning Hub à votre parcours et votre documentation https://fr.mylearninghub.cegos.com/ Identifiant : Adresse email professionnelle Première connexion : Cliquez sur ""Créer ou réinitial"
docs_specific/cegos_comexa_2026/cegos_comexa_smartpocket_facture_electronique_2026-04-24.pdf,4,/docs_specific/cegos_comexa_2026/cegos_comexa_smartpocket_facture_electronique_2026-04-24.pdf#page=4,Accueil Logistique 4 • Programme de notre journée • Emargement électronique des présents chaque demi-journée • Horaires ,Accueil Logistique 4 • Programme de notre journée • Emargement électronique des présents chaque demi-journée • Horaires / pauses / déjeuner • Présentation / échange sur les objectifs personnels pour cette formation • Présentation de Cegos et animateur • Fiches d’évaluation
docs_specific/cegos_comexa_2026/cegos_comexa_smartpocket_facture_electronique_2026-04-24.pdf,5,/docs_specific/cegos_comexa_2026/cegos_comexa_smartpocket_facture_electronique_2026-04-24.pdf#page=5,Retour sommaire général © Cegos - Tous droits réservés Cliquez pour accéder à la diapositive suivante Cliquez pou accéde,Retour sommaire général © Cegos - Tous droits réservés Cliquez pour accéder à la diapositive suivante Cliquez pou accéder à la diapositive précédente © Cegos - Tous droits réservés Cliquez pour accéder à la diapositive suivanteCliquez pour retourner au début du thème 5 Nos règles de vie et bonnes pratiques Documentation Respect Bienveillance Confidentialité … 1 jour ensemble de 9h00-17h30 2 pauses de 15 mn + déj de 12h30-13h30 ou de vos souhaits Participation active Échange d’expériences Transpo
docs_specific/cegos_comexa_2026/cegos_comexa_smartpocket_facture_electronique_2026-04-24.pdf,6,/docs_specific/cegos_comexa_2026/cegos_comexa_smartpocket_facture_electronique_2026-04-24.pdf#page=6,Objectifs personnels 6 • Collecte des objectifs personnels de chacun • Préciser les situations personnelles qui vous ont,Objectifs personnels 6 • Collecte des objectifs personnels de chacun • Préciser les situations personnelles qui vous ont amenés à suivre cette formation • Indiquer votre connaissance du projet de la facture électronique. • Rapprochement des objectifs personnels des thèmes du sommaire de la formation et suivi régulier du mur d’objectifs personnels
docs_specific/cegos_comexa_2026/cegos_comexa_smartpocket_facture_electronique_2026-04-24.pdf,7,/docs_specific/cegos_comexa_2026/cegos_comexa_smartpocket_facture_electronique_2026-04-24.pdf#page=7,7 Cmtp – manuella Pereira Vos objectifs personnels pour cette formation 7 7 Retours de Xavier et Claire,7 Cmtp – manuella Pereira Vos objectifs personnels pour cette formation 7 7 Retours de Xavier et Claire
docs_specific/cegos_comexa_2026/cegos_comexa_smartpocket_facture_electronique_2026-04-24.pdf,8,/docs_specific/cegos_comexa_2026/cegos_comexa_smartpocket_facture_electronique_2026-04-24.pdf#page=8,8 Cmtp – manuella Pereira Liste de vos objectifs personnels non « inclus » dans cette formation 8 8 Certains mais nous é,8 Cmtp – manuella Pereira Liste de vos objectifs personnels non « inclus » dans cette formation 8 8 Certains mais nous échangerons sur tous dans l’après - midi
docs_specific/cegos_comexa_2026/cegos_comexa_smartpocket_facture_electronique_2026-04-24.pdf,9,/docs_specific/cegos_comexa_2026/cegos_comexa_smartpocket_facture_electronique_2026-04-24.pdf#page=9,"9 Consultant partenaire, collaboration sur : Les domaines formation : - Droit bancaire, - Surendettement des particulier","9 Consultant partenaire, collaboration sur : Les domaines formation : - Droit bancaire, - Surendettement des particuliers, - Entreprises en difficulté et droit des faillites, - Comptabilité bancaire, - Méthodes et outils de contrôle de gestion en environnement bancaires, - Normes IAS/IFRS, - IFRS 9 - Instruments Financiers, - Etablir les états financiers en normes IFRS, - Credit manager + soutenance + jury dans le cadre de la certification, - La facture électronique : enjeux et mise en œuvre, En"
docs_specific/cegos_comexa_2026/cegos_comexa_smartpocket_facture_electronique_2026-04-24.pdf,10,/docs_specific/cegos_comexa_2026/cegos_comexa_smartpocket_facture_electronique_2026-04-24.pdf#page=10,"10  Pour répondre aux exigences de qualité et de financement des formations, il est essentiel que chaque participant ré","10  Pour répondre aux exigences de qualité et de financement des formations, il est essentiel que chaque participant réalise deux évaluations à l’issue de chaque session : 1.L’évaluation des acquis(quiz final via le Learning Hub participant). 2.L’évaluation de la satisfaction(mise à disposition le dernier jour de la formation e-mail). Afin d’assurer la bonne réalisation de ces évaluations et d’améliorer significativement le taux de retour, et l’accès à votre attestation de formation, je réserve"
docs_specific/cegos_comexa_2026/cegos_comexa_smartpocket_facture_electronique_2026-04-24.pdf,11,/docs_specific/cegos_comexa_2026/cegos_comexa_smartpocket_facture_electronique_2026-04-24.pdf#page=11,Retour sommaire général © Cegos - Tous droits réservés Cliquez pour accéder à la diapositive suivante Cliquez pou accéde,"Retour sommaire général © Cegos - Tous droits réservés Cliquez pour accéder à la diapositive suivante Cliquez pou accéder à la diapositive précédente © Cegos - Tous droits réservés Cliquez pour accéder à la diapositive suivanteCliquez pour retourner au début du thème Sommaire interactif 11 Maîtriser le fonctionnement de la facture électronique Fonctionner avec la facture électronique (e-invoicing et e-reporting) Situer le contexte et les enjeux de la réforme REF-Gr_00054999,2.0,CURRENT, Bon pour"
docs_specific/cegos_comexa_2026/cegos_comexa_smartpocket_facture_electronique_2026-04-24.pdf,12,/docs_specific/cegos_comexa_2026/cegos_comexa_smartpocket_facture_electronique_2026-04-24.pdf#page=12,© Cegos - Tous droits réservés Cliquer pour retour au sommaire Cliquer pour retour diapositive précédente Cliquer pour d,"© Cegos - Tous droits réservés Cliquer pour retour au sommaire Cliquer pour retour diapositive précédente Cliquer pour diapositive suivante © Cegos - Tous droits réservés Situer le contexte et les enjeux de la reforme ► Les 4 objectifs de cette réforme ► Les changements pour mon entreprise REF-Gr_00054999,2.0,CURRENT, Bon pour publi"
docs_specific/cegos_comexa_2026/cegos_comexa_smartpocket_facture_electronique_2026-04-24.pdf,13,/docs_specific/cegos_comexa_2026/cegos_comexa_smartpocket_facture_electronique_2026-04-24.pdf#page=13,© Cegos - Tous droits réservés Cliquer pour retour au sommaire Cliquer pour retour diapositive précédente Cliquer pour d,© Cegos - Tous droits réservés Cliquer pour retour au sommaire Cliquer pour retour diapositive précédente Cliquer pour diapositive suivante Situer le contexte et les enjeux de la reforme ▬ Les 4 objectifs de cette réforme ▬ Les changements pour mon entreprise : 1. Obligation de facturation électronique entre assujettis à la TVA (e-invocing) 2. Obligation de transmission de données de transaction avec les non assujettis (e-reporting). 3. Transmission de donnés de paiement à l’administration. 4. L
docs_specific/cegos_comexa_2026/cegos_comexa_smartpocket_facture_electronique_2026-04-24.pdf,14,/docs_specific/cegos_comexa_2026/cegos_comexa_smartpocket_facture_electronique_2026-04-24.pdf#page=14,© Cegos - Tous droits réservés Cliquer pour retour diapositive précédente Cliquer pour diapositive suivante Cliquer pour,"© Cegos - Tous droits réservés Cliquer pour retour diapositive précédente Cliquer pour diapositive suivante Cliquer pour retour au chapitre Les 4 objectifs de cette réforme REF-Gr_00054999,2.0,CURRENT, Bon pour publi"
docs_specific/cegos_comexa_2026/cegos_comexa_smartpocket_facture_electronique_2026-04-24.pdf,15,/docs_specific/cegos_comexa_2026/cegos_comexa_smartpocket_facture_electronique_2026-04-24.pdf#page=15,© Cegos - Tous droits réservés Cliquer pour retour au sommaire Cliquer pour retour diapositive précédente Cliquer pour d,"© Cegos - Tous droits réservés Cliquer pour retour au sommaire Cliquer pour retour diapositive précédente Cliquer pour diapositive suivante 1-Les 4 objectifs de cette réforme ▬ Alléger la charge administrative des entreprises, en simplifiant la gestion de leur facturation. ▬ Renforcer la compétitivité des entreprises grâce aux économies générées par la fin de la facture papier. Selon le ministère de l’Économie et des Finances, le gain serait de plus de 4.5 milliards d’euros par an pour les TPE/P"
docs_specific/cegos_comexa_2026/cegos_comexa_smartpocket_facture_electronique_2026-04-24.pdf,16,/docs_specific/cegos_comexa_2026/cegos_comexa_smartpocket_facture_electronique_2026-04-24.pdf#page=16,© Cegos - Tous droits réservés Cliquer pour retour au sommaire Cliquer pour retour diapositive précédente Cliquer pour d,© Cegos - Tous droits réservés Cliquer pour retour au sommaire Cliquer pour retour diapositive précédente Cliquer pour diapositive suivante Le calendrier 16 Obligations Entreprises visées Date d’application Réception de factures dématérialisées TOUTES Factures émises à compter du 01/09/2026 Emission et transmission des factures dématérialisées Grandes entreprises (plus de 5000 salariés) 01/09/2026 ETI (plus de 250 et moins de 5000 salariés) 01/09/2026 PME et Micro entreprises 01/09/2027 Transmis
docs_specific/cegos_comexa_2026/cegos_comexa_smartpocket_facture_electronique_2026-04-24.pdf,17,/docs_specific/cegos_comexa_2026/cegos_comexa_smartpocket_facture_electronique_2026-04-24.pdf#page=17,© Cegos - Tous droits réservés Cliquer pour retour diapositive précédente Cliquer pour diapositive suivante Cliquer pour,"© Cegos - Tous droits réservés Cliquer pour retour diapositive précédente Cliquer pour diapositive suivante Cliquer pour retour au chapitre Les changements pour mon entreprise REF-Gr_00054999,2.0,CURRENT, Bon pour publi"
docs_specific/cegos_comexa_2026/cegos_comexa_smartpocket_facture_electronique_2026-04-24.pdf,18,/docs_specific/cegos_comexa_2026/cegos_comexa_smartpocket_facture_electronique_2026-04-24.pdf#page=18,© Cegos - Tous droits réservés Cliquer pour retour au sommaire Cliquer pour retour diapositive précédente Cliquer pour d,© Cegos - Tous droits réservés Cliquer pour retour au sommaire Cliquer pour retour diapositive précédente Cliquer pour diapositive suivante Obligation de facturation électronique entre assujettis à la TVA (e-invocing) 18 Micro- entreprise Tous les redevables Opérations entrant dans le cadre du secret défense Opérations exonérées au sens des articles 261 à 261 E du CGI Concernés uniquement en réception ► Prestations domaine de la santé ► Prestations d’enseignement et de formation ► Opérations Imm
docs_specific/cegos_comexa_2026/cegos_comexa_smartpocket_facture_electronique_2026-04-24.pdf,19,/docs_specific/cegos_comexa_2026/cegos_comexa_smartpocket_facture_electronique_2026-04-24.pdf#page=19,© Cegos - Tous droits réservés Cliquer pour retour au sommaire Cliquer pour retour diapositive précédente Cliquer pour d,"© Cegos - Tous droits réservés Cliquer pour retour au sommaire Cliquer pour retour diapositive précédente Cliquer pour diapositive suivante Obligation de facturation électronique entre assujettis à la TVA (e-invocing) 19 NON CONCERNÉS Non assujettis à la TVA France Particuliers (BtoC) Entreprises non établies en France (BtoB International) Association à objet non commercial REF-Gr_00054999,2.0,CURRENT, Bon pour publi"
docs_specific/cegos_comexa_2026/cegos_comexa_smartpocket_facture_electronique_2026-04-24.pdf,20,/docs_specific/cegos_comexa_2026/cegos_comexa_smartpocket_facture_electronique_2026-04-24.pdf#page=20,© Cegos - Tous droits réservés Cliquer pour retour au sommaire Cliquer pour retour diapositive précédente Cliquer pour d,© Cegos - Tous droits réservés Cliquer pour retour au sommaire Cliquer pour retour diapositive précédente Cliquer pour diapositive suivante Obligation de facturation électronique entre assujettis à la TVA (e-invocing) Obligation de transmission de données de transaction avec les non assujettis (e-reporting) 20 Pour les échanges entre assujettis à la TVA en France concerné par la réforme = E-invoicing Pour les échanges avec un non assujettis à la TVA en France (particulier ou BtoB International) 
docs_specific/cegos_comexa_2026/cegos_comexa_smartpocket_facture_electronique_2026-04-24.pdf,21,/docs_specific/cegos_comexa_2026/cegos_comexa_smartpocket_facture_electronique_2026-04-24.pdf#page=21,© Cegos - Tous droits réservés Cliquer pour retour au sommaire Cliquer pour retour diapositive précédente Cliquer pour d,"© Cegos - Tous droits réservés Cliquer pour retour au sommaire Cliquer pour retour diapositive précédente Cliquer pour diapositive suivante En résumé : 21 Création d’une facture dans un format électronique aux normes Transmission la facture via une plateforme de dématérialisation adossée à une PA (plus de possibilité d’envoi par email ou courrier) La PDP contrôle la conformité de la facture, notamment la présence des mentions légales obligatoires, avant de la transmettre au client. Le client reç"
docs_specific/cegos_comexa_2026/cegos_comexa_smartpocket_facture_electronique_2026-04-24.pdf,22,/docs_specific/cegos_comexa_2026/cegos_comexa_smartpocket_facture_electronique_2026-04-24.pdf#page=22,© Cegos - Tous droits réservés Cliquer pour retour au sommaire Cliquer pour retour diapositive précédente Cliquer pour d,"© Cegos - Tous droits réservés Cliquer pour retour au sommaire Cliquer pour retour diapositive précédente Cliquer pour diapositive suivante En résumé : 22 Le client reçoit la facture : Le client reçoit une notification qui lui indique qu’une facture est disponible Le client consulte la facture et la télécharge. Il a également la possibilité de la refuser s’il considère qu’elle est litigieuse et ne répond pas à ses attentes 1 2 REF-Gr_00054999,2.0,CURRENT, Bon pour publi"
docs_specific/cegos_comexa_2026/cegos_comexa_smartpocket_facture_electronique_2026-04-24.pdf,23,/docs_specific/cegos_comexa_2026/cegos_comexa_smartpocket_facture_electronique_2026-04-24.pdf#page=23,© Cegos - Tous droits réservés Cliquer pour retour au sommaire Cliquer pour retour diapositive précédente Cliquer pour d,"© Cegos - Tous droits réservés Cliquer pour retour au sommaire Cliquer pour retour diapositive précédente Cliquer pour diapositive suivante En résumé : 23 Les opérations avec une personne non assujettie à la TVA (un particulier), vous devrez transmettre un état récapitulatif des transactions réalisées sur la période via une PA ou un OD (à la condition qu’il soit adossé à une PA). Les opérations à l’étranger, dépôt des vos factures au format électronique sur une PA ou une OD. Les données utiles a"
docs_specific/cegos_comexa_2026/cegos_comexa_smartpocket_facture_electronique_2026-04-24.pdf,24,/docs_specific/cegos_comexa_2026/cegos_comexa_smartpocket_facture_electronique_2026-04-24.pdf#page=24,© Cegos - Tous droits réservés Cliquer pour retour au sommaire Cliquer pour retour diapositive précédente Cliquer pour d,"© Cegos - Tous droits réservés Cliquer pour retour au sommaire Cliquer pour retour diapositive précédente Cliquer pour diapositive suivante En résumé : 24 PA Plateforme privée A PA Plateforme privée B Factures Données de transaction Factures Annuaire Données de facturation, de transaction et paiement Administration fiscale Concentreur de données Entreprise BEntreprise A Factures OD OD REF-Gr_00054999,2.0,CURRENT, Bon pour publi"
docs_specific/cegos_comexa_2026/cegos_comexa_smartpocket_facture_electronique_2026-04-24.pdf,25,/docs_specific/cegos_comexa_2026/cegos_comexa_smartpocket_facture_electronique_2026-04-24.pdf#page=25,© Cegos - Tous droits réservés Cliquer pour retour au sommaire Cliquer pour diapositive suivanteCliquer pour retour diap,"© Cegos - Tous droits réservés Cliquer pour retour au sommaire Cliquer pour diapositive suivanteCliquer pour retour diapositive précédente Maîtriser le fonctionnement de la facture électronique ► 3 cas de figure principaux et obligations liées ► Les nouveaux acteurs de la Facturation électronique 25 REF-Gr_00054999,2.0,CURRENT, Bon pour publi"
docs_specific/cegos_comexa_2026/cegos_comexa_smartpocket_facture_electronique_2026-04-24.pdf,26,/docs_specific/cegos_comexa_2026/cegos_comexa_smartpocket_facture_electronique_2026-04-24.pdf#page=26,© Cegos - Tous droits réservés Cliquer pour retour au sommaire Cliquer pour diapositive suivanteCliquer pour retour diap,© Cegos - Tous droits réservés Cliquer pour retour au sommaire Cliquer pour diapositive suivanteCliquer pour retour diapositive précédente Maîtriser le fonctionnement de la facture électronique ▬ 3 cas de figure principaux et obligations liées : ► Transactions entre fournisseur et client assujettis à la TVA et établi en France. ► Transactions entre fournisseur assujetti à la TVA et client non assujetti à la TVA en France. ► Fournisseur réalisant des opérations exonérées de TVA. ▬ Les nouveaux ac
docs_specific/cegos_comexa_2026/cegos_comexa_smartpocket_facture_electronique_2026-04-24.pdf,27,/docs_specific/cegos_comexa_2026/cegos_comexa_smartpocket_facture_electronique_2026-04-24.pdf#page=27,© Cegos - Tous droits réservés Cliquer pour retour diapositive précédente Cliquer pour diapositive suivante 3 cas de fig,"© Cegos - Tous droits réservés Cliquer pour retour diapositive précédente Cliquer pour diapositive suivante 3 cas de figure principaux et obligations liées REF-Gr_00054999,2.0,CURRENT, Bon pour publi"
docs_specific/cegos_comexa_2026/cegos_comexa_smartpocket_facture_electronique_2026-04-24.pdf,28,/docs_specific/cegos_comexa_2026/cegos_comexa_smartpocket_facture_electronique_2026-04-24.pdf#page=28,© Cegos - Tous droits réservés Cliquer pour retour au sommaire Cliquer pour diapositive suivanteCliquer pour retour diap,"© Cegos - Tous droits réservés Cliquer pour retour au sommaire Cliquer pour diapositive suivanteCliquer pour retour diapositive précédente 3 cas de figure principaux et obligations liées : 28 ▬ Le contenu d'une facture électronique doit correspondre à celui d'une facture papier et donc comporter strictement les mêmes mentions obligatoires, notamment celles prévues par le Code de commerce et le Code général des impôts. ▬ La réforme de la facturation électronique est venue compléter cette liste de"
docs_specific/cegos_comexa_2026/cegos_comexa_smartpocket_facture_electronique_2026-04-24.pdf,29,/docs_specific/cegos_comexa_2026/cegos_comexa_smartpocket_facture_electronique_2026-04-24.pdf#page=29,© Cegos - Tous droits réservés Cliquer pour retour au sommaire Cliquer pour diapositive suivanteCliquer pour retour diap,"© Cegos - Tous droits réservés Cliquer pour retour au sommaire Cliquer pour diapositive suivanteCliquer pour retour diapositive précédente 3 cas de figure principaux et obligations liées : 29 Dans le cadre du e-reporting, les données de transaction et de paiement devront être transmises par l’entreprise qui réalise l’opération, par l’intermédiaire d’une PDP. Ces données devront être conformes aux normes sémantiques publiées sur le site de l'administration fiscale. À titre d’exemple, on retrouve "
docs_specific/cegos_comexa_2026/cegos_comexa_smartpocket_facture_electronique_2026-04-24.pdf,30,/docs_specific/cegos_comexa_2026/cegos_comexa_smartpocket_facture_electronique_2026-04-24.pdf#page=30,© Cegos - Tous droits réservés Cliquer pour retour au sommaire Cliquer pour diapositive suivanteCliquer pour retour diap,"© Cegos - Tous droits réservés Cliquer pour retour au sommaire Cliquer pour diapositive suivanteCliquer pour retour diapositive précédente 3 cas de figure principaux et obligations liées : 30 À titre d’exemple, on retrouve : ▬ Par taux d’imposition, le montant total hors taxe et le montant de la taxe correspondante. ▬ Le montant total de la taxe due en France. ▬ La devise. ▬ La date des transactions. ▬ Pour les opérations ne donnant pas lieu à une facturation électronique, le nombre de transacti"
docs_specific/cegos_comexa_2026/cegos_comexa_smartpocket_facture_electronique_2026-04-24.pdf,31,/docs_specific/cegos_comexa_2026/cegos_comexa_smartpocket_facture_electronique_2026-04-24.pdf#page=31,© Cegos - Tous droits réservés Cliquer pour retour au sommaire Cliquer pour diapositive suivanteCliquer pour retour diap,"© Cegos - Tous droits réservés Cliquer pour retour au sommaire Cliquer pour diapositive suivanteCliquer pour retour diapositive précédente 3 cas de figure principaux et obligations liées : 31 ▬ Le contenu d'une facture électronique doit correspondre à celui d'une facture papier et donc comporter strictement les mêmes mentions obligatoires, notamment celles prévues par le Code de commerce et le Code général des impôts. ▬ La réforme de la facturation électronique est venue compléter cette liste de"
docs_specific/cegos_comexa_2026/cegos_comexa_smartpocket_facture_electronique_2026-04-24.pdf,32,/docs_specific/cegos_comexa_2026/cegos_comexa_smartpocket_facture_electronique_2026-04-24.pdf#page=32,© Cegos - Tous droits réservés Cliquer pour retour au sommaire Cliquer pour diapositive suivanteCliquer pour retour diap,"© Cegos - Tous droits réservés Cliquer pour retour au sommaire Cliquer pour diapositive suivanteCliquer pour retour diapositive précédente 3 cas de figure principaux et obligations liées : 32 La TVA sur les ENCAISSEMENTS, par définition le paiement de la TVA d'après les encaissements signifie que la TVA collectée est exigible lors de l'encaissement des acomptes et du prix. Ainsi, l'entreprise ne reverse la TVA collectée à l'Etat qu'à partir du moment où le client a réglé tout ou partie de la som"
docs_specific/cegos_comexa_2026/cegos_comexa_smartpocket_facture_electronique_2026-04-24.pdf,33,/docs_specific/cegos_comexa_2026/cegos_comexa_smartpocket_facture_electronique_2026-04-24.pdf#page=33,© Cegos - Tous droits réservés Cliquer pour retour diapositive précédente Cliquer pour diapositive suivante Les nouveaux,"© Cegos - Tous droits réservés Cliquer pour retour diapositive précédente Cliquer pour diapositive suivante Les nouveaux acteurs de la Facturation électronique REF-Gr_00054999,2.0,CURRENT, Bon pour publi"
docs_specific/cegos_comexa_2026/cegos_comexa_smartpocket_facture_electronique_2026-04-24.pdf,34,/docs_specific/cegos_comexa_2026/cegos_comexa_smartpocket_facture_electronique_2026-04-24.pdf#page=34,© Cegos - Tous droits réservés Cliquer pour retour au sommaire Cliquer pour diapositive suivanteCliquer pour retour diap,"© Cegos - Tous droits réservés Cliquer pour retour au sommaire Cliquer pour diapositive suivanteCliquer pour retour diapositive précédente Les nouveaux acteurs de la Facturation électronique : 34 Données automatisées : Les informations relatives aux ventes et aux achats seront automatiquement récupérées par l'administration fiscale à partir des données déclarées par les entreprises, ce qui permettra de recevoir pré-rempli le formulaire CA3. Vérification des informations : Bien que le formulaire "
docs_specific/cegos_comexa_2026/cegos_comexa_smartpocket_facture_electronique_2026-04-24.pdf,35,/docs_specific/cegos_comexa_2026/cegos_comexa_smartpocket_facture_electronique_2026-04-24.pdf#page=35,© Cegos - Tous droits réservés Cliquer pour retour au sommaire Cliquer pour diapositive suivanteCliquer pour retour diap,"© Cegos - Tous droits réservés Cliquer pour retour au sommaire Cliquer pour diapositive suivanteCliquer pour retour diapositive précédente Les nouveaux acteurs de la Facturation électronique : 35 Réduction de la charge administrative : Cela vise à alléger la charge administrative pour les entreprises, en réduisant le temps et les efforts nécessaires pour remplir manuellement la déclaration. Gain de temps : Le pré-remplissage devrait réduire le temps consacré à la préparation des déclarations de "
docs_specific/cegos_comexa_2026/cegos_comexa_smartpocket_facture_electronique_2026-04-24.pdf,36,/docs_specific/cegos_comexa_2026/cegos_comexa_smartpocket_facture_electronique_2026-04-24.pdf#page=36,© Cegos - Tous droits réservés Cliquer pour retour au sommaire Cliquer pour diapositive suivanteCliquer pour retour diap,© Cegos - Tous droits réservés Cliquer pour retour au sommaire Cliquer pour diapositive suivanteCliquer pour retour diapositive précédente Les nouveaux acteurs de la Facturation électronique : 36 Adaptation des systèmes : Les entreprises devront s'assurer que leurs systèmes de comptabilité et de gestion sont compatibles avec les exigences de l'administration fiscale pour permettre le transfert automatique des données. Formation et sensibilisation : Il sera également important de former le person
docs_specific/cegos_comexa_2026/cegos_comexa_smartpocket_facture_electronique_2026-04-24.pdf,37,/docs_specific/cegos_comexa_2026/cegos_comexa_smartpocket_facture_electronique_2026-04-24.pdf#page=37,© Cegos - Tous droits réservés Cliquer pour retour au sommaire Cliquer pour diapositive suivanteCliquer pour retour diap,"© Cegos - Tous droits réservés Cliquer pour retour au sommaire Cliquer pour diapositive suivanteCliquer pour retour diapositive précédente © Cegos - Tous droits réservés Fonctionner avec la facture électronique (e-invoicing et e-reporting) 37 REF-Gr_00054999,2.0,CURRENT, Bon pour publi"
docs_specific/cegos_comexa_2026/cegos_comexa_smartpocket_facture_electronique_2026-04-24.pdf,38,/docs_specific/cegos_comexa_2026/cegos_comexa_smartpocket_facture_electronique_2026-04-24.pdf#page=38,© Cegos - Tous droits réservés Cliquer pour retour au sommaire Cliquer pour diapositive suivanteCliquer pour retour diap,© Cegos - Tous droits réservés Cliquer pour retour au sommaire Cliquer pour diapositive suivanteCliquer pour retour diapositive précédente Fonctionner avec la facture électronique (e-invoicing et e-reporting) ▬ Facturation électronique ► Obligatoire e-invoicing ▪ format des factures ▪ modalités de transmission imposée ▪ mise à jour des statuts ▪ des factures et encaissements ▪ sur plateforme ; ▪ transmission à l’administration fiscale des données. ▬ Facturation libre et e-reporting 38 REF-Gr_000
docs_specific/cegos_comexa_2026/cegos_comexa_smartpocket_facture_electronique_2026-04-24.pdf,39,/docs_specific/cegos_comexa_2026/cegos_comexa_smartpocket_facture_electronique_2026-04-24.pdf#page=39,© Cegos - Tous droits réservés Cliquer pour retour au sommaire Cliquer pour diapositive suivanteCliquer pour retour diap,"© Cegos - Tous droits réservés Cliquer pour retour au sommaire Cliquer pour diapositive suivanteCliquer pour retour diapositive précédente Facturation électronique 39 Les sociétés prestataires de service peuvent travailler à la fois pour : ▬ Des clients assujettis (entreprises établies en France) ▬ Des clients non assujettis en France (particuliers, associations à but non lucratif et entreprises étrangères) Si vous êtes assujetti à la TVA établi en France, 2 cas de figure sont possibles en fonct"
docs_specific/cegos_comexa_2026/cegos_comexa_smartpocket_facture_electronique_2026-04-24.pdf,40,/docs_specific/cegos_comexa_2026/cegos_comexa_smartpocket_facture_electronique_2026-04-24.pdf#page=40,© Cegos - Tous droits réservés Cliquer pour retour au sommaire Cliquer pour diapositive suivanteCliquer pour retour diap,"© Cegos - Tous droits réservés Cliquer pour retour au sommaire Cliquer pour diapositive suivanteCliquer pour retour diapositive précédente 40 Envoi de la facture sur la plateforme du client prestataire PDP du Ma plateforme envoie les données de facturation à la DGFiP Je dépose la facture sur ma plateforme* Je peux suivre le traitement de ma facture en temps réel (déposée, rejetée, refusée, approuvée, payée …) sur ma plateforme Le client reçoit la facture sur sa plateforme J’édite ma facture au f"
docs_specific/cegos_comexa_2026/cegos_comexa_smartpocket_facture_electronique_2026-04-24.pdf,41,/docs_specific/cegos_comexa_2026/cegos_comexa_smartpocket_facture_electronique_2026-04-24.pdf#page=41,© Cegos - Tous droits réservés Cliquer pour retour au sommaire Cliquer pour diapositive suivanteCliquer pour retour diap,"© Cegos - Tous droits réservés Cliquer pour retour au sommaire Cliquer pour diapositive suivanteCliquer pour retour diapositive précédente 41 Les sociétés relevant de l’article 261 du CGI peuvent travailler à la fois pour : ▬ Des clients assujettis (entreprises établies en France) ▬ Des clients non assujettis en France (particuliers, associations à but non lucratif et entreprises étrangères) Si vous êtes assujetti à la TVA établi en France, 2 cas de figure sont possibles en fonction du statut de"
docs_specific/cegos_comexa_2026/cegos_comexa_smartpocket_facture_electronique_2026-04-24.pdf,42,/docs_specific/cegos_comexa_2026/cegos_comexa_smartpocket_facture_electronique_2026-04-24.pdf#page=42,© Cegos - Tous droits réservés Cliquer pour retour au sommaire Cliquer pour diapositive suivanteCliquer pour retour diap,"© Cegos - Tous droits réservés Cliquer pour retour au sommaire Cliquer pour diapositive suivanteCliquer pour retour diapositive précédente 42 Facturation électronique Concrètement, quel est l’impact pour mon activité DE PRESTATAIRE DE SERVICES ? Envoi de la facture sur la plateforme du client Ma plateforme envoie les données de facturation à la DGFiP Je dépose la facture sur ma plateforme* Je peux suivre le traitement de ma facture en temps réel (déposée, rejetée, refusée, approuvée, payée …) su"
docs_specific/cegos_comexa_2026/cegos_comexa_smartpocket_facture_electronique_2026-04-24.pdf,43,/docs_specific/cegos_comexa_2026/cegos_comexa_smartpocket_facture_electronique_2026-04-24.pdf#page=43,© Cegos - Tous droits réservés Cliquer pour retour au sommaire Cliquer pour diapositive suivanteCliquer pour retour diap,"© Cegos - Tous droits réservés Cliquer pour retour au sommaire Cliquer pour diapositive suivanteCliquer pour retour diapositive précédente 43 Impact dans l’entreprise : Parlons en ensemble : Facturation électronique Questions ? Réponses : REF-Gr_00054999,2.0,CURRENT, Bon pour publi"
docs_specific/cegos_comexa_2026/cegos_comexa_smartpocket_facture_electronique_2026-04-24.pdf,44,/docs_specific/cegos_comexa_2026/cegos_comexa_smartpocket_facture_electronique_2026-04-24.pdf#page=44,© Cegos - Tous droits réservés Cliquer pour retour au sommaire Cliquer pour diapositive suivanteCliquer pour retour diap,"© Cegos - Tous droits réservés Cliquer pour retour au sommaire Cliquer pour diapositive suivanteCliquer pour retour diapositive précédente 44 Impact dans l’entreprise : Parlons en ensemble : Facturation électronique Questions ? Réponses : 1- Dois-je choisir une plateforme dès septembre 2026 ? REF-Gr_00054999,2.0,CURRENT, Bon pour publi"
docs_specific/cegos_comexa_2026/cegos_comexa_smartpocket_facture_electronique_2026-04-24.pdf,45,/docs_specific/cegos_comexa_2026/cegos_comexa_smartpocket_facture_electronique_2026-04-24.pdf#page=45,© Cegos - Tous droits réservés Cliquer pour retour au sommaire Cliquer pour diapositive suivanteCliquer pour retour diap,"© Cegos - Tous droits réservés Cliquer pour retour au sommaire Cliquer pour diapositive suivanteCliquer pour retour diapositive précédente Oui, le principe de la réception est la première étape ▬ À partir de septembre 2026, toutes les entreprises doivent être en capacité de recevoir des factures électroniques via le système national. Pour cela, elles doivent obligatoirement déclarer un choix de canal de réception, parmi : ► Une Plateforme Agréée (PA) ► Un Opérateur de Dématérialisation (OD) ratt"
docs_specific/cegos_comexa_2026/cegos_comexa_smartpocket_facture_electronique_2026-04-24.pdf,46,/docs_specific/cegos_comexa_2026/cegos_comexa_smartpocket_facture_electronique_2026-04-24.pdf#page=46,© Cegos - Tous droits réservés Cliquer pour retour au sommaire Cliquer pour diapositive suivanteCliquer pour retour diap,"© Cegos - Tous droits réservés Cliquer pour retour au sommaire Cliquer pour diapositive suivanteCliquer pour retour diapositive précédente Comment transmettre l’information à mes fournisseurs ? ▬ Pour que vos fournisseurs puissent vous faire parvenir leurs factures électroniques dans le bon canal, votre entreprise doit : ►Déclarer votre “adresse de réception” sur le portail de l’administration ▬ Cette déclaration s’appelle l’Annuaire du PPF (aussi appelé “registre des entités”). Elle indique : ►"
docs_specific/cegos_comexa_2026/cegos_comexa_smartpocket_facture_electronique_2026-04-24.pdf,47,/docs_specific/cegos_comexa_2026/cegos_comexa_smartpocket_facture_electronique_2026-04-24.pdf#page=47,© Cegos - Tous droits réservés Cliquer pour retour au sommaire Cliquer pour diapositive suivanteCliquer pour retour diap,"© Cegos - Tous droits réservés Cliquer pour retour au sommaire Cliquer pour diapositive suivanteCliquer pour retour diapositive précédente (Optionnel) Communiquer l’information dans vos documents ou échanges ▬ Même si le registre centralise l’info, il est conseillé de : ►Ajouter dans vos commandes, CGV, ou signature mail : ►« À compter du 1er septembre 2026, merci d’adresser vos factures électroniques via [nom de votre PA]. » ►Informer vos fournisseurs stratégiques par un mail dédié C’est une bo"
docs_specific/cegos_comexa_2026/cegos_comexa_smartpocket_facture_electronique_2026-04-24.pdf,48,/docs_specific/cegos_comexa_2026/cegos_comexa_smartpocket_facture_electronique_2026-04-24.pdf#page=48,© Cegos - Tous droits réservés Cliquer pour retour au sommaire Cliquer pour diapositive suivanteCliquer pour retour diap,© Cegos - Tous droits réservés Cliquer pour retour au sommaire Cliquer pour diapositive suivanteCliquer pour retour diapositive précédente Liste des plateformes agréées pour la facturation électronique 48 Liste des plateformes agréées pour la facturation électronique L’État publie la liste officielle des Plateformes de Dématérialisation Partenaires (PDP) immatriculées et autorisées à transmettre les factures électroniques dans le cadre de la réforme. ▬ Site officiel : ► https://www.impots.gouv.f
docs_specific/cegos_comexa_2026/cegos_comexa_smartpocket_facture_electronique_2026-04-24.pdf,49,/docs_specific/cegos_comexa_2026/cegos_comexa_smartpocket_facture_electronique_2026-04-24.pdf#page=49,© Cegos - Tous droits réservés Cliquer pour retour au sommaire Cliquer pour diapositive suivanteCliquer pour retour diap,"© Cegos - Tous droits réservés Cliquer pour retour au sommaire Cliquer pour diapositive suivanteCliquer pour retour diapositive précédente Comment choisir sa plateforme ? 49 ▬ Principaux critères pour sélectionner une PA ou un Opérateur de Dématérialisation (OD) : ►Compatibilité avec votre logiciel (ERP, comptabilité) ; ►Accompagnement et support utilisateur ; ►Tarification (abonnements, options) ; ►Gestion des factures entrantes et sortantes ; ► Services additionnels : archivage, OCR, workflows"
docs_specific/cegos_comexa_2026/cegos_comexa_smartpocket_facture_electronique_2026-04-24.pdf,50,/docs_specific/cegos_comexa_2026/cegos_comexa_smartpocket_facture_electronique_2026-04-24.pdf#page=50,© Cegos - Tous droits réservés Cliquer pour retour au sommaire Cliquer pour diapositive suivanteCliquer pour retour diap,"© Cegos - Tous droits réservés Cliquer pour retour au sommaire Cliquer pour diapositive suivanteCliquer pour retour diapositive précédente Comment choisir sa plateforme ? 50 ▬ Les formats obligatoires : ►Factur-X : format hybride (PDF lisible + fichier XML intégré) → très pratique pour les TPE. ►UBL : format international utilisé dans beaucoup de pays européens. ►CII : format normé par l’ONU, plus technique, mais incontournable pour certaines filières ▬ Quelles sanctions pour les TPE en cas de n"
docs_specific/cegos_comexa_2026/cegos_comexa_smartpocket_facture_electronique_2026-04-24.pdf,51,/docs_specific/cegos_comexa_2026/cegos_comexa_smartpocket_facture_electronique_2026-04-24.pdf#page=51,© Cegos - Tous droits réservés Cliquer pour retour au sommaire Cliquer pour diapositive suivanteCliquer pour retour diap,"© Cegos - Tous droits réservés Cliquer pour retour au sommaire Cliquer pour diapositive suivanteCliquer pour retour diapositive précédente 51 Impact dans l’entreprise : Parlons en ensemble : Facturation électronique Questions ? Réponses : 2 - Emettre mes factures qu’à partir de septembre 2027 ► Alors comment j’envoie mes factures à mes clients à compter de septembre 2026 ? ► Et si mes clients ont déjà l’obligation de basculer en 2026, que dois-je faire ? » REF-Gr_00054999,2.0,CURRENT, Bon pour p"
docs_specific/cegos_comexa_2026/cegos_comexa_smartpocket_facture_electronique_2026-04-24.pdf,52,/docs_specific/cegos_comexa_2026/cegos_comexa_smartpocket_facture_electronique_2026-04-24.pdf#page=52,© Cegos - Tous droits réservés Cliquer pour retour au sommaire Cliquer pour diapositive suivanteCliquer pour retour diap,"© Cegos - Tous droits réservés Cliquer pour retour au sommaire Cliquer pour diapositive suivanteCliquer pour retour diapositive précédente À partir de septembre 2026 : vous pouvez continuer à envoyer vos factures comme aujourd’hui 52 Même si l’entreprise n’a pas l’obligation d’émettre en facture électronique avant septembre 2027, elle peut continuer à transmettre ses factures en PDF ou papier en 2026. ▬ Vous gardez vos modes d’envoi actuels (PDF par mail, courrier, etc.) ▬ Aucune obligation d’ém"
docs_specific/cegos_comexa_2026/cegos_comexa_smartpocket_facture_electronique_2026-04-24.pdf,53,/docs_specific/cegos_comexa_2026/cegos_comexa_smartpocket_facture_electronique_2026-04-24.pdf#page=53,© Cegos - Tous droits réservés Cliquer pour retour au sommaire Cliquer pour diapositive suivanteCliquer pour retour diap,"© Cegos - Tous droits réservés Cliquer pour retour au sommaire Cliquer pour diapositive suivanteCliquer pour retour diapositive précédente En résumé 53 ▬ Vous continuez à envoyer vos factures PDF / papier en 2026 ▬ Vos clients doivent les accepter, même s’ils sont déjà en réception obligatoire ▬ Vos clients doivent convertir ou saisir les factures dans leur plateforme ▬ Vous n’aurez l’obligation d’émettre en électronique qu’en septembre 2027 ▬ Vous pouvez anticiper si vous le souhaitez (optionne"
docs_specific/cegos_comexa_2026/cegos_comexa_smartpocket_facture_electronique_2026-04-24.pdf,54,/docs_specific/cegos_comexa_2026/cegos_comexa_smartpocket_facture_electronique_2026-04-24.pdf#page=54,© Cegos - Tous droits réservés Cliquer pour retour au sommaire Cliquer pour diapositive suivanteCliquer pour retour diap,"© Cegos - Tous droits réservés Cliquer pour retour au sommaire Cliquer pour diapositive suivanteCliquer pour retour diapositive précédente 54 Impact dans l’entreprise : Parlons en ensemble : Facturation électronique Questions ? Réponses : 3- Le traitement de la Note de Frais ? REF-Gr_00054999,2.0,CURRENT, Bon pour publi"
docs_specific/cegos_comexa_2026/cegos_comexa_smartpocket_facture_electronique_2026-04-24.pdf,55,/docs_specific/cegos_comexa_2026/cegos_comexa_smartpocket_facture_electronique_2026-04-24.pdf#page=55,© Cegos - Tous droits réservés Cliquer pour retour au sommaire Cliquer pour diapositive suivanteCliquer pour retour diap,"© Cegos - Tous droits réservés Cliquer pour retour au sommaire Cliquer pour diapositive suivanteCliquer pour retour diapositive précédente 1- Les notes de frais restent hors périmètre de la facture électronique ▬ Les notes de frais : ►Ne sont pas des factures B2B entre assujettis ►Ne transitent pas par le PPF ni par une PDP ►Ne font pas partie des flux soumis à e-invoicing ou e-reporting ▬ Rien ne change dans le mode de collecte : PDF, photo, scan, ticket papier… ▬ Les salariés continuent d’util"
docs_specific/cegos_comexa_2026/cegos_comexa_smartpocket_facture_electronique_2026-04-24.pdf,56,/docs_specific/cegos_comexa_2026/cegos_comexa_smartpocket_facture_electronique_2026-04-24.pdf#page=56,© Cegos - Tous droits réservés Cliquer pour retour au sommaire Cliquer pour diapositive suivanteCliquer pour retour diap,"© Cegos - Tous droits réservés Cliquer pour retour au sommaire Cliquer pour diapositive suivanteCliquer pour retour diapositive précédente Cas d’usage TVA – Facture Électronique 56 (mais soumis à e-reporting pour le fournisseur B2C) REF-Gr_00054999,2.0,CURRENT, Bon pour publi"
docs_specific/cegos_comexa_2026/cegos_comexa_smartpocket_facture_electronique_2026-04-24.pdf,57,/docs_specific/cegos_comexa_2026/cegos_comexa_smartpocket_facture_electronique_2026-04-24.pdf#page=57,© Cegos - Tous droits réservés Cliquer pour retour au sommaire Cliquer pour diapositive suivanteCliquer pour retour diap,"© Cegos - Tous droits réservés Cliquer pour retour au sommaire Cliquer pour diapositive suivanteCliquer pour retour diapositive précédente 2 - Les fournisseurs B2C (restaurants, hôtels, péages…) ne sont pas concernés par la facture électronique en 2026-2027 57 ▬ Un restaurant, un hôtel, un taxi, une station-service… vendent des prestations à des particuliers. ▬ Même si un salarié est en déplacement professionnel, la facture est juridiquement une facture B2C (émise à une personne physique). Donc "
docs_specific/cegos_comexa_2026/cegos_comexa_smartpocket_facture_electronique_2026-04-24.pdf,58,/docs_specific/cegos_comexa_2026/cegos_comexa_smartpocket_facture_electronique_2026-04-24.pdf#page=58,© Cegos - Tous droits réservés Cliquer pour retour au sommaire Cliquer pour diapositive suivanteCliquer pour retour diap,"© Cegos - Tous droits réservés Cliquer pour retour au sommaire Cliquer pour diapositive suivanteCliquer pour retour diapositive précédente 1- Frais payés par des collaborateurs sans facture adressée à l’entreprise (simple ticket de caisse) 58 ▬ Vente faite entre le VENDEUR, assujetti, et le collaborateur, particulier non assujetti. ►Elle ne relève pas de l'obligation de facturation électronique au sens de l'article 289 bis du CGI mais de l'obligation de e-reporting pour le VENDEUR ►Le VENDEUR do"
docs_specific/cegos_comexa_2026/cegos_comexa_smartpocket_facture_electronique_2026-04-24.pdf,59,/docs_specific/cegos_comexa_2026/cegos_comexa_smartpocket_facture_electronique_2026-04-24.pdf#page=59,© Cegos - Tous droits réservés Cliquer pour retour au sommaire Cliquer pour diapositive suivanteCliquer pour retour diap,"© Cegos - Tous droits réservés Cliquer pour retour au sommaire Cliquer pour diapositive suivanteCliquer pour retour diapositive précédente Le cas d’usage n°30 ▬ Doit être connu lorsqu’il y a des déplacements, notes de frais, remboursables, avec des salariés : ▬ on doit vérifier si la facture est : au nom de l’entreprise ou Et lors non, et quel traitement applicabilité (e-invoicing ou e-reporting). 1. Si la facture est bien établie au nom de l’entreprise assujettie, ►Elle entre dans le périmètre "
docs_specific/cegos_comexa_2026/cegos_comexa_smartpocket_facture_electronique_2026-04-24.pdf,60,/docs_specific/cegos_comexa_2026/cegos_comexa_smartpocket_facture_electronique_2026-04-24.pdf#page=60,© Cegos - Tous droits réservés Cliquer pour retour au sommaire Cliquer pour diapositive suivanteCliquer pour retour diap,"© Cegos - Tous droits réservés Cliquer pour retour au sommaire Cliquer pour diapositive suivanteCliquer pour retour diapositive précédente Facture au nom du collaborateur 60 REF-Gr_00054999,2.0,CURRENT, Bon pour publi"
docs_specific/cegos_comexa_2026/cegos_comexa_smartpocket_facture_electronique_2026-04-24.pdf,61,/docs_specific/cegos_comexa_2026/cegos_comexa_smartpocket_facture_electronique_2026-04-24.pdf#page=61,© Cegos - Tous droits réservés Cliquer pour retour au sommaire Cliquer pour diapositive suivanteCliquer pour retour diap,"© Cegos - Tous droits réservés Cliquer pour retour au sommaire Cliquer pour diapositive suivanteCliquer pour retour diapositive précédente 2- Frais payés par des collaborateurs avec facture au nom de l’entreprise Ce cas n’est valable que si la facture payée par le collaborateur est libellée au nom de l’entreprise et fait par conséquent l’objet d’une facture électronique. ▬ En pratique, le collaborateur donne l’adresse de facturation électronique sur laquelle son entreprise souhaite recevoir ces "
docs_specific/cegos_comexa_2026/cegos_comexa_smartpocket_facture_electronique_2026-04-24.pdf,62,/docs_specific/cegos_comexa_2026/cegos_comexa_smartpocket_facture_electronique_2026-04-24.pdf#page=62,© Cegos - Tous droits réservés Cliquer pour retour au sommaire Cliquer pour diapositive suivanteCliquer pour retour diap,"© Cegos - Tous droits réservés Cliquer pour retour au sommaire Cliquer pour diapositive suivanteCliquer pour retour diapositive précédente Facture au nom de l’entreprise 62 REF-Gr_00054999,2.0,CURRENT, Bon pour publi"
docs_specific/cegos_comexa_2026/cegos_comexa_smartpocket_facture_electronique_2026-04-24.pdf,63,/docs_specific/cegos_comexa_2026/cegos_comexa_smartpocket_facture_electronique_2026-04-24.pdf#page=63,© Cegos - Tous droits réservés Cliquer pour retour au sommaire Cliquer pour diapositive suivanteCliquer pour retour diap,"© Cegos - Tous droits réservés Cliquer pour retour au sommaire Cliquer pour diapositive suivanteCliquer pour retour diapositive précédente En résumé ▬ Les notes de frais ne passent pas par la facture électronique ▬ Les salariés continuent de fournir leurs tickets comme aujourd’hui ▬ Les restaurants, hôtels, péages sont hors périmètre e-invoicing (B2C) ▬ La TVA reste récupérable avec un justificatif valable ▬ Aucune obligation nouvelle pour l’entreprise en 2026-2027 63 REF-Gr_00054999,2.0,CURRENT"
docs_specific/cegos_comexa_2026/cegos_comexa_smartpocket_facture_electronique_2026-04-24.pdf,64,/docs_specific/cegos_comexa_2026/cegos_comexa_smartpocket_facture_electronique_2026-04-24.pdf#page=64,© Cegos - Tous droits réservés Cliquer pour retour au sommaire Cliquer pour diapositive suivanteCliquer pour retour diap,"© Cegos - Tous droits réservés Cliquer pour retour au sommaire Cliquer pour diapositive suivanteCliquer pour retour diapositive précédente 64 Impact dans l’entreprise : Parlons en ensemble : Facturation électronique Questions ? Réponses : 4- Client avec 2 adresses de livraison- 2 Numéros de commande ? REF-Gr_00054999,2.0,CURRENT, Bon pour publi"
docs_specific/cegos_comexa_2026/cegos_comexa_smartpocket_facture_electronique_2026-04-24.pdf,65,/docs_specific/cegos_comexa_2026/cegos_comexa_smartpocket_facture_electronique_2026-04-24.pdf#page=65,© Cegos - Tous droits réservés Cliquer pour retour au sommaire Cliquer pour diapositive suivanteCliquer pour retour diap,"© Cegos - Tous droits réservés Cliquer pour retour au sommaire Cliquer pour diapositive suivanteCliquer pour retour diapositive précédente 4- Client avec 2 adresses de livraison? 65 Ce que prévoit la réglementation ▬ La réforme de la facturation électronique en France prévoit que les factures entre entreprises devront être émises et reçues sous format électronique via une plateforme agréée. ▬ Elle impose également de nouvelles mentions obligatoires, notamment l’adresse de livraison lorsque celle"
docs_specific/cegos_comexa_2026/cegos_comexa_smartpocket_facture_electronique_2026-04-24.pdf,66,/docs_specific/cegos_comexa_2026/cegos_comexa_smartpocket_facture_electronique_2026-04-24.pdf#page=66,© Cegos - Tous droits réservés Cliquer pour retour au sommaire Cliquer pour diapositive suivanteCliquer pour retour diap,"© Cegos - Tous droits réservés Cliquer pour retour au sommaire Cliquer pour diapositive suivanteCliquer pour retour diapositive précédente 4- Client avec 2 adresses de livraison ? 66 Puisque votre client aura deux adresses de livraison, voici comment faire avec une facture électronique : ▬ Mentionner l’adresse de facturation (celle du client qui paie). ▬ Mentionner pour chaque livraison l’adresse correspondante. Si la facture regroupe les deux livraisons : ►Soit, dans la structure électronique, "
docs_specific/cegos_comexa_2026/cegos_comexa_smartpocket_facture_electronique_2026-04-24.pdf,67,/docs_specific/cegos_comexa_2026/cegos_comexa_smartpocket_facture_electronique_2026-04-24.pdf#page=67,© Cegos - Tous droits réservés Cliquer pour retour au sommaire Cliquer pour diapositive suivanteCliquer pour retour diap,© Cegos - Tous droits réservés Cliquer pour retour au sommaire Cliquer pour diapositive suivanteCliquer pour retour diapositive précédente 4- Client avec 2 adresses de livraison ? 67 Quelques précautions 1. Vérifier que le logiciel / la plateforme de facturation utilisée gère bien deux adresses de livraison ou la mention « livraison multiple ». Certains outils peuvent imposer une seule adresse « de livraison ». 2. Bien clarifier au client final (et à son client) que les deux adresses de livraiso
docs_specific/cegos_comexa_2026/cegos_comexa_smartpocket_facture_electronique_2026-04-24.pdf,68,/docs_specific/cegos_comexa_2026/cegos_comexa_smartpocket_facture_electronique_2026-04-24.pdf#page=68,© Cegos - Tous droits réservés Cliquer pour retour au sommaire Cliquer pour diapositive suivanteCliquer pour retour diap,"© Cegos - Tous droits réservés Cliquer pour retour au sommaire Cliquer pour diapositive suivanteCliquer pour retour diapositive précédente 4- Client avec 2 adresses de livraison et 2 numéros de commande? 68 SI deux livraisons avec deux adresses et deux bons de commande, pour plus de clarté (même si pas expressément imposé ligne par ligne), voici une façon recommandée de structurer la facture : En-tête de facture : ►Adresse de facturation du client. ►Eventuellement mention « Adresse(s) de livrais"
docs_specific/cegos_comexa_2026/cegos_comexa_smartpocket_facture_electronique_2026-04-24.pdf,69,/docs_specific/cegos_comexa_2026/cegos_comexa_smartpocket_facture_electronique_2026-04-24.pdf#page=69,© Cegos - Tous droits réservés Cliquer pour retour au sommaire Cliquer pour diapositive suivanteCliquer pour retour diap,"© Cegos - Tous droits réservés Cliquer pour retour au sommaire Cliquer pour diapositive suivanteCliquer pour retour diapositive précédente 4- Client avec 2 adresses de livraison et 2 numéros de commande? 69 Tableau des lignes d’articles : ►Colonne « Réf. BCN » ou « N° commande » : indiquer pour chaque article à quel numéro de commande il se rapporte. ►Colonne « Adresse de livraison » : indiquer par exemple « Adresse A » ou « Adresse B » selon l’article. ►Autres colonnes : désignation, quantité, "
docs_specific/cegos_comexa_2026/cegos_comexa_smartpocket_facture_electronique_2026-04-24.pdf,70,/docs_specific/cegos_comexa_2026/cegos_comexa_smartpocket_facture_electronique_2026-04-24.pdf#page=70,© Cegos - Tous droits réservés Cliquer pour retour au sommaire Cliquer pour diapositive suivanteCliquer pour retour diap,"© Cegos - Tous droits réservés Cliquer pour retour au sommaire Cliquer pour diapositive suivanteCliquer pour retour diapositive précédente 4- Client avec 2 adresses de livraison et 2 numéros de commande? 70 Mention obligatoire : ► Si l’adresse de livraison est différente de l’adresse de facturation : inclure l’adresse de livraison (ou les deux) pour satisfaire l’obligation. ► Mentionner le cas échéant le numéro de bon de commande. ► Mentionner la nature de l’opération (biens, services ou les deu"
docs_specific/cegos_comexa_2026/cegos_comexa_smartpocket_facture_electronique_2026-04-24.pdf,71,/docs_specific/cegos_comexa_2026/cegos_comexa_smartpocket_facture_electronique_2026-04-24.pdf#page=71,© Cegos - Tous droits réservés Cliquer pour retour au sommaire Cliquer pour diapositive suivanteCliquer pour retour diap,"© Cegos - Tous droits réservés Cliquer pour retour au sommaire Cliquer pour diapositive suivanteCliquer pour retour diapositive précédente 71 Impact dans l’entreprise : Parlons en ensemble : Facturation électronique Questions ? Réponses : 5 - Pourquoi « code article » est recommandé mais pas obligatoire REF-Gr_00054999,2.0,CURRENT, Bon pour publi"
docs_specific/cegos_comexa_2026/cegos_comexa_smartpocket_facture_electronique_2026-04-24.pdf,72,/docs_specific/cegos_comexa_2026/cegos_comexa_smartpocket_facture_electronique_2026-04-24.pdf#page=72,© Cegos - Tous droits réservés Cliquer pour retour au sommaire Cliquer pour diapositive suivanteCliquer pour retour diap,"© Cegos - Tous droits réservés Cliquer pour retour au sommaire Cliquer pour diapositive suivanteCliquer pour retour diapositive précédente 5- Pourquoi « code article » est recommandé mais pas obligatoire? 72 Ce que la loi impose Sur une facture, les mentions obligatoires incluent notamment : ✓ le nom et l’adresse du vendeur et de l’acheteur. Ministère de l'Économie+1 ✓ la date d’émission de la facture et son numéro unique. Entreprendre Service Public+1 ✓ la quantité et la dénomination précise de"
docs_specific/cegos_comexa_2026/cegos_comexa_smartpocket_facture_electronique_2026-04-24.pdf,73,/docs_specific/cegos_comexa_2026/cegos_comexa_smartpocket_facture_electronique_2026-04-24.pdf#page=73,© Cegos - Tous droits réservés Cliquer pour retour au sommaire Cliquer pour diapositive suivanteCliquer pour retour diap,"© Cegos - Tous droits réservés Cliquer pour retour au sommaire Cliquer pour diapositive suivanteCliquer pour retour diapositive précédente 5- Pourquoi « code article » est recommandé mais pas obligatoire? ▬ Un code article (« référence produit », « code interne », « SKU »…) est très utile pour la gestion interne, l’identification claire des biens, le suivi lié à la livraison ou facturation, et peut faciliter l’audit ou les rapprochements. ▬ Mais légalement, tant que la « dénomination précise » e"
docs_specific/cegos_comexa_2026/cegos_comexa_smartpocket_facture_electronique_2026-04-24.pdf,74,/docs_specific/cegos_comexa_2026/cegos_comexa_smartpocket_facture_electronique_2026-04-24.pdf#page=74,© Cegos - Tous droits réservés Cliquer pour retour au sommaire Cliquer pour diapositive suivanteCliquer pour retour diap,"© Cegos - Tous droits réservés Cliquer pour retour au sommaire Cliquer pour diapositive suivanteCliquer pour retour diapositive précédente 74 Impact dans l’entreprise : Parlons en ensemble : Facturation électronique Questions ? Réponses : 6 – Diverses facturations spécifiques : REF-Gr_00054999,2.0,CURRENT, Bon pour publi"
docs_specific/cegos_comexa_2026/cegos_comexa_smartpocket_facture_electronique_2026-04-24.pdf,75,/docs_specific/cegos_comexa_2026/cegos_comexa_smartpocket_facture_electronique_2026-04-24.pdf#page=75,© Cegos - Tous droits réservés Cliquer pour retour au sommaire Cliquer pour diapositive suivanteCliquer pour retour diap,© Cegos - Tous droits réservés Cliquer pour retour au sommaire Cliquer pour diapositive suivanteCliquer pour retour diapositive précédente 6- Diverses facturations spécifiques - La facture d’acompte : ▬ Un versement à valoir sur un achat ou la réalisation d’une prestation de services implique un engagement ferme des deux parties et constitue un acompte. ▬ Tout assujetti est tenu de délivrer une facture pour les acomptes qui lui sont versés (article 289 c du CGI). ▬ La TVA est exigible à l’encais
docs_specific/cegos_comexa_2026/cegos_comexa_smartpocket_facture_electronique_2026-04-24.pdf,76,/docs_specific/cegos_comexa_2026/cegos_comexa_smartpocket_facture_electronique_2026-04-24.pdf#page=76,© Cegos - Tous droits réservés Cliquer pour retour au sommaire Cliquer pour diapositive suivanteCliquer pour retour diap,"© Cegos - Tous droits réservés Cliquer pour retour au sommaire Cliquer pour diapositive suivanteCliquer pour retour diapositive précédente 6- Diverses facturations spécifiques 76 REF-Gr_00054999,2.0,CURRENT, Bon pour publi"
docs_specific/cegos_comexa_2026/cegos_comexa_smartpocket_facture_electronique_2026-04-24.pdf,77,/docs_specific/cegos_comexa_2026/cegos_comexa_smartpocket_facture_electronique_2026-04-24.pdf#page=77,© Cegos - Tous droits réservés Cliquer pour retour au sommaire Cliquer pour diapositive suivanteCliquer pour retour diap,"© Cegos - Tous droits réservés Cliquer pour retour au sommaire Cliquer pour diapositive suivanteCliquer pour retour diapositive précédente 6- Diverses facturations spécifiques - La facture définitive : La facture définitive solde l’opération. Elle vient compléter (et non remplacer) les factures d’acompte déjà émises. La facturation électronique ne change pas le principe comptable ni fiscal, elle impose simplement une traçabilité structurée. La facture finale doit contenir 4 blocs essentiels 77 R"
docs_specific/cegos_comexa_2026/cegos_comexa_smartpocket_facture_electronique_2026-04-24.pdf,78,/docs_specific/cegos_comexa_2026/cegos_comexa_smartpocket_facture_electronique_2026-04-24.pdf#page=78,© Cegos - Tous droits réservés Cliquer pour retour au sommaire Cliquer pour diapositive suivanteCliquer pour retour diap,"© Cegos - Tous droits réservés Cliquer pour retour au sommaire Cliquer pour diapositive suivanteCliquer pour retour diapositive précédente 6- Diverses facturations spécifiques - La facture définitive : 1. Le montant TOTAL de l’opération ▬ Montant total HT, Taux de TVA, Montant total de TVA, Total TTC ► Comme s’il n’y avait jamais eu d’acompte. 2. Le rappel des acomptes déjà facturés ▬ Montant HT des acomptes, TVA déjà facturée sur les acomptes, Références des factures d’acompte (numéros + dates)"
docs_specific/cegos_comexa_2026/cegos_comexa_smartpocket_facture_electronique_2026-04-24.pdf,79,/docs_specific/cegos_comexa_2026/cegos_comexa_smartpocket_facture_electronique_2026-04-24.pdf#page=79,© Cegos - Tous droits réservés Cliquer pour retour au sommaire Cliquer pour diapositive suivanteCliquer pour retour diap,"© Cegos - Tous droits réservés Cliquer pour retour au sommaire Cliquer pour diapositive suivanteCliquer pour retour diapositive précédente 6- Diverses facturations spécifiques - La facture définitive : TVA sur la facture définitive ▬ TVA déjà déclarée sur les acomptes ►ne doit PAS être redéclarée ▬ TVA déclarée sur la facture finale ►uniquement sur le solde ▬ C’est un point très contrôlé par l’administration 79 REF-Gr_00054999,2.0,CURRENT, Bon pour publi"
docs_specific/cegos_comexa_2026/cegos_comexa_smartpocket_facture_electronique_2026-04-24.pdf,80,/docs_specific/cegos_comexa_2026/cegos_comexa_smartpocket_facture_electronique_2026-04-24.pdf#page=80,© Cegos - Tous droits réservés Cliquer pour retour au sommaire Cliquer pour diapositive suivanteCliquer pour retour diap,"© Cegos - Tous droits réservés Cliquer pour retour au sommaire Cliquer pour diapositive suivanteCliquer pour retour diapositive précédente 6- Diverses facturations spécifiques La facture payée avec escompte en matière de prestations de services pour lesquelles la TVA est due à l’encaissement : En matière de prestations de services, l’administration pourra prendre en compte l’escompte accordé grâce aux données de paiement transmises. En effet, le statut « encaissée » sera enrichi du montant encai"
docs_specific/cegos_comexa_2026/cegos_comexa_smartpocket_facture_electronique_2026-04-24.pdf,81,/docs_specific/cegos_comexa_2026/cegos_comexa_smartpocket_facture_electronique_2026-04-24.pdf#page=81,© Cegos - Tous droits réservés Cliquer pour retour au sommaire Cliquer pour diapositive suivanteCliquer pour retour diap,"© Cegos - Tous droits réservés Cliquer pour retour au sommaire Cliquer pour diapositive suivanteCliquer pour retour diapositive précédente 6- Diverses facturations spécifiques La facture payée avec escompte en matière de livraisons de biens pour lesquelles la TVA est due sur les « débits » : Dans le cas d’application d’escompte lorsque le fournisseur a réalisé une livraison de biens, les données de paiement ne sont pas transmises et ne sont pas prises en compte par l’administration. Celle-ci n’a"
docs_specific/cegos_comexa_2026/cegos_comexa_smartpocket_facture_electronique_2026-04-24.pdf,82,/docs_specific/cegos_comexa_2026/cegos_comexa_smartpocket_facture_electronique_2026-04-24.pdf#page=82,© Cegos - Tous droits réservés Cliquer pour retour au sommaire Cliquer pour diapositive suivanteCliquer pour retour diap,"© Cegos - Tous droits réservés Cliquer pour retour au sommaire Cliquer pour diapositive suivanteCliquer pour retour diapositive précédente 82 Impact dans l’entreprise : Parlons en ensemble : Facturation électronique Questions ? Réponses : 7 – Factures rejetée et facture refusée : REF-Gr_00054999,2.0,CURRENT, Bon pour publi"
docs_specific/cegos_comexa_2026/cegos_comexa_smartpocket_facture_electronique_2026-04-24.pdf,83,/docs_specific/cegos_comexa_2026/cegos_comexa_smartpocket_facture_electronique_2026-04-24.pdf#page=83,© Cegos - Tous droits réservés Cliquer pour retour au sommaire Cliquer pour diapositive suivanteCliquer pour retour diap,"© Cegos - Tous droits réservés Cliquer pour retour au sommaire Cliquer pour diapositive suivanteCliquer pour retour diapositive précédente 7- Facture rejetée et facture refusée 1. Le REJET (technique / automatique) ►Quand ? Avant que la facture ne soit juridiquement reçue par le client. ►Qui ? La plateforme automatiquement. ►Pourquoi ? La facture ne passe pas les contrôles bloquants. ▬ Exemples de causes de rejet ►Format non conforme (Factur-X invalide, UBL mal structuré), Champs obligatoires ma"
docs_specific/cegos_comexa_2026/cegos_comexa_smartpocket_facture_electronique_2026-04-24.pdf,84,/docs_specific/cegos_comexa_2026/cegos_comexa_smartpocket_facture_electronique_2026-04-24.pdf#page=84,© Cegos - Tous droits réservés Cliquer pour retour au sommaire Cliquer pour diapositive suivanteCliquer pour retour diap,"© Cegos - Tous droits réservés Cliquer pour retour au sommaire Cliquer pour diapositive suivanteCliquer pour retour diapositive précédente 7- Facture rejetée et facture refusée 2. Le REFUS (fonctionnel / métier) ►Quand ? Après réception de la facture par le client. ►Qui ? Le client, volontairement. ►Pourquoi ? La facture est techniquement valide, mais fonctionnellement incorrecte. ▬ Exemples de motifs de refus ►Mauvais client / mauvais SIREN, Erreur de TVA, Quantité ou prix erroné, Facture envoy"
docs_specific/cegos_comexa_2026/cegos_comexa_smartpocket_facture_electronique_2026-04-24.pdf,85,/docs_specific/cegos_comexa_2026/cegos_comexa_smartpocket_facture_electronique_2026-04-24.pdf#page=85,© Cegos - Tous droits réservés Cliquer pour retour au sommaire Cliquer pour diapositive suivanteCliquer pour retour diap,© Cegos - Tous droits réservés Cliquer pour retour au sommaire Cliquer pour diapositive suivanteCliquer pour retour diapositive précédente 7- Facture rejetée et facture refusée 85 Tableau comparatif simple REJET REFUS Moment Avant réception Après réception Décidé par Plateforme (PPF/PDP) Client Nature Technique Métier / fonctionnelle Facture juridiquement existante ? Non Oui TVA exigible ? Non Oui (jusqu’à correction) Action suivante Réémission Avoir ou facture corrigée Intervention client Impos
docs_specific/cegos_comexa_2026/cegos_comexa_smartpocket_facture_electronique_2026-04-24.pdf,86,/docs_specific/cegos_comexa_2026/cegos_comexa_smartpocket_facture_electronique_2026-04-24.pdf#page=86,© Cegos - Tous droits réservés Cliquer pour retour au sommaire Cliquer pour diapositive suivanteCliquer pour retour diap,"© Cegos - Tous droits réservés Cliquer pour retour au sommaire Cliquer pour diapositive suivanteCliquer pour retour diapositive précédente 86 Impact dans l’entreprise : Parlons en ensemble : Facturation électronique Questions ? Réponses : 8- Règlement impayés ou partiel : REF-Gr_00054999,2.0,CURRENT, Bon pour publi"
docs_specific/cegos_comexa_2026/cegos_comexa_smartpocket_facture_electronique_2026-04-24.pdf,87,/docs_specific/cegos_comexa_2026/cegos_comexa_smartpocket_facture_electronique_2026-04-24.pdf#page=87,© Cegos - Tous droits réservés Cliquer pour retour au sommaire Cliquer pour diapositive suivanteCliquer pour retour diap,"© Cegos - Tous droits réservés Cliquer pour retour au sommaire Cliquer pour diapositive suivanteCliquer pour retour diapositive précédente 8- Règlement impayés ou partiel : Que se passe-t-il en cas d’impayés ? ▬ En cas d’impayés sur une prestation de service, si le fournisseur de la prestation n’a pas opté à la TVA sur les débits, la situation n’a pas de conséquence sur la transmission des données de paiement : en l’absence de paiement effectif reçu, aucune donnée de paiement n’aura été et ne do"
docs_specific/cegos_comexa_2026/cegos_comexa_smartpocket_facture_electronique_2026-04-24.pdf,88,/docs_specific/cegos_comexa_2026/cegos_comexa_smartpocket_facture_electronique_2026-04-24.pdf#page=88,© Cegos - Tous droits réservés Cliquer pour retour au sommaire Cliquer pour diapositive suivanteCliquer pour retour diap,© Cegos - Tous droits réservés Cliquer pour retour au sommaire Cliquer pour diapositive suivanteCliquer pour retour diapositive précédente 9- Que se passe-t-il si ma plateforme est défaillante ? ▬ La procédure d’immatriculation des plateformes agréée partenaires a pour objectif de s’assurer de la capacité de celles-ci à remplir les fonctionnalités attendues d’elles. Dans le cas où une plateforme de dématérialisation partenaire ne respecterait pas ses engagements et les conditions exigées par l’a
docs_specific/cegos_comexa_2026/cegos_comexa_smartpocket_facture_electronique_2026-04-24.pdf,89,/docs_specific/cegos_comexa_2026/cegos_comexa_smartpocket_facture_electronique_2026-04-24.pdf#page=89,© Cegos - Tous droits réservés Cliquer pour retour au sommaire Cliquer pour diapositive suivanteCliquer pour retour diap,© Cegos - Tous droits réservés Cliquer pour retour au sommaire Cliquer pour diapositive suivanteCliquer pour retour diapositive précédente Les sources : 89 ▬ Voici les références légales principales de la réforme de la facturation électronique : ►Décret n° 2022-1299 du 7 octobre 2022 relatif aux modalités d’application de l’obligation de réception et d’émission de factures électroniques. Légifrance+1 ►Ordonnance n° 2021-1190 du 15 septembre 2021 portant réforme de la facturation électronique. (M
docs_specific/cegos_comexa_2026/cegos_comexa_smartpocket_facture_electronique_2026-04-24.pdf,90,/docs_specific/cegos_comexa_2026/cegos_comexa_smartpocket_facture_electronique_2026-04-24.pdf#page=90,© Cegos - Tous droits réservés Cliquer pour retour au sommaire Cliquer pour diapositive suivanteCliquer pour retour diap,"© Cegos - Tous droits réservés Cliquer pour retour au sommaire Cliquer pour diapositive suivanteCliquer pour retour diapositive précédente 90 Facturation électronique : des sanctions en cas de non-respect de ses obligations Sanctions pour les entreprises Le non-respect des obligations de facturation et de transmission des données donnera lieu à une amende de : ➢ 15 € par facture, en cas de non-émission d'une facture sous format électronique, plafonnée à 15 000 € par année civile ; ➢ 250 € par tr"
docs_specific/cegos_comexa_2026/cegos_comexa_smartpocket_facture_electronique_2026-04-24.pdf,91,/docs_specific/cegos_comexa_2026/cegos_comexa_smartpocket_facture_electronique_2026-04-24.pdf#page=91,© Cegos - Tous droits réservés 91 N’hésitez pas à nous contacter Adresse Réseaux sociaux Email espace-client@cegos.fr Té,"© Cegos - Tous droits réservés 91 N’hésitez pas à nous contacter Adresse Réseaux sociaux Email espace-client@cegos.fr Téléphone REF-Gr_00054999,2.0,CURRENT, Bon pour publi"
docs_specific/cegos_comexa_2026/comexa_cas_mp_2026-04-24.pdf,1,/docs_specific/cegos_comexa_2026/comexa_cas_mp_2026-04-24.pdf#page=1,"Afin de préparer au mieux cette formation, je vous partage ci-dessous les principaux enjeux et cas d’usage identifiés au","Afin de préparer au mieux cette formation, je vous partage ci-dessous les principaux enjeux et cas d’usage identifiés au sein des différents services représentés. Objectif principal Appréhender précisément le périmètre des nouvelles obligations liées à la réforme de la facture électronique, et en mesurer les impacts opérationnels, fiscaux et organisationnels pour nos entités. Contexte de l’entreprise • Obligation d’émission des factures électroniques au plus tard au 1er septembre 2027 • Partenai"
docs_specific/cegos_comexa_2026/comexa_cas_mp_2026-04-24.pdf,2,/docs_specific/cegos_comexa_2026/comexa_cas_mp_2026-04-24.pdf#page=2,• Cas de la holding non assujettie à la TVA • Locations longue durée sans émission de facture par le bailleur Flux finan,• Cas de la holding non assujettie à la TVA • Locations longue durée sans émission de facture par le bailleur Flux financiers et intra-groupe • Avances de trésorerie entre filiales Points d’attention spécifiques • Traitement des dépenses et frais des salariés • Règlement de factures via des sociétés d’affacturage • Activité de commissionnaire (ventes pour le compte de tiers) • Gestion des déductions opérées par les clients (avoirs à émettre en conséquence) • Mise en conformité de nos fiches clie
docs_specific/cegos_comexa_2026/comexa_cas_mp_2026-04-24.pdf,3,/docs_specific/cegos_comexa_2026/comexa_cas_mp_2026-04-24.pdf#page=3,"L'équipe de Westfalia Fruit a des besoins très spécifiques, notamment liés à la complexité de leurs flux logistiques et ","L'équipe de Westfalia Fruit a des besoins très spécifiques, notamment liés à la complexité de leurs flux logistiques et à leur modèle d'affaires (commissionnaires). Analyse des points clés et des propositions illustrées par des cas concrets ""proche de vie réelle"" . 1. Le défi des Flux Internationaux et Complexes Votre besoin : Importations hors UE avec dédouanement aux Pays-Bas/Espagne (flux intracommunautaires ensuite) et ventes en zone euro/hors euro. • Réponse & Cas concret : o Le principe : "
docs_specific/cegos_comexa_2026/comexa_cas_mp_2026-04-24.pdf,4,/docs_specific/cegos_comexa_2026/comexa_cas_mp_2026-04-24.pdf#page=4,"La commission n'est pas ""isolée"" en e-invoicing, c'est le flux complet qui est numérisé. 3. Les Avances et Acomptes Votr","La commission n'est pas ""isolée"" en e-invoicing, c'est le flux complet qui est numérisé. 3. Les Avances et Acomptes Votre besoin : Demandes de paiements d'avance (clients) et paiements saisonniers (fournisseurs). • Réponse & Cas concret : o Le principe : La réforme impose l'émission d'une facture électronique dès l'encaissement de l'acompte pour les livraisons de biens (alignement sur les prestations de services). o Illustration ""Vraie vie"" : Si Westfalia verse une avance à un fournisseur saison"
docs_specific/cegos_comexa_2026/comexa_cas_mp_2026-04-24.pdf,5,/docs_specific/cegos_comexa_2026/comexa_cas_mp_2026-04-24.pdf#page=5,"pourraient devenir électroniques si le prestataire (hôtel, restaurant) choisit de les émettre ainsi. • Affacturage : La ","pourraient devenir électroniques si le prestataire (hôtel, restaurant) choisit de les émettre ainsi. • Affacturage : La facture est envoyée au client via la plateforme, mais les coordonnées de paiement (le RIB du factor) doivent être portées en données structurées pour que le paiement soit correctement routé. 6. Facturation à des centres centralisés (Multi-établissements) • Le cas : COMEXA livre des mangues à plusieurs magasins d'une même enseigne (ex: Carrefour), mais la facturation doit être r"
docs_specific/cegos_comexa_2026/comexa_cas_mp_2026-04-24.pdf,6,/docs_specific/cegos_comexa_2026/comexa_cas_mp_2026-04-24.pdf#page=6,Le contexte : Westfalia France achète des pommes à un producteur dans le Lot-et- Garonne. • L'Achat (Flux Domestique B2B,Le contexte : Westfalia France achète des pommes à un producteur dans le Lot-et- Garonne. • L'Achat (Flux Domestique B2B) : o Mécanisme : Le producteur doit émettre une facture électronique (e- invoicing) via une plateforme (PPF ou PDP). Westfalia la reçoit directement dans son ERP Dynamics 365. o Point clé : La TVA est collectée par le fournisseur. Westfalia ne peut déduire cette TVA que si la facture est passée par le circuit officiel. • La Vente en Zone Euro (ex: Allemagne) : o Mécanisme : C'
docs_specific/cegos_comexa_2026/comexa_cas_mp_2026-04-24.pdf,7,/docs_specific/cegos_comexa_2026/comexa_cas_mp_2026-04-24.pdf#page=7,• Étape 2 : Transport & Mûrissage en France : o Le transporteur (si français) : Le prestataire de transport qui amène le,• Étape 2 : Transport & Mûrissage en France : o Le transporteur (si français) : Le prestataire de transport qui amène les avocats de Rotterdam vers l'entrepôt en France devra émettre une facture électronique (e-invoicing) à Westfalia car c'est une prestation de service domestique. • Étape 3 : Revente des avocats mûris : o Vente en France (ex: à Carrefour) : e-invoicing intégral. La facture doit circuler via la plateforme. o Vente Zone Euro / Hors Zone Euro : Retour au mécanisme de e- reporting (
docs_specific/cegos_comexa_2026/comexa_cas_mp_2026-04-24.pdf,8,/docs_specific/cegos_comexa_2026/comexa_cas_mp_2026-04-24.pdf#page=8,"Point de vigilance pour Dynamics 365 : L'ERP devra être capable de distinguer automatiquement, selon l'adresse de livrai","Point de vigilance pour Dynamics 365 : L'ERP devra être capable de distinguer automatiquement, selon l'adresse de livraison et le SIREN du client, si la facture doit être ""poussée"" vers le réseau e-invoicing ou si elle doit simplement alimenter le fichier e-reporting. L’idéal En vue du lot 2 Analyse détaillée de ces cas d'usage complexes pour Westfalia, avec des processus adaptés à la réforme de la facture électronique et des exemples ""terrain"" . 1. Factures reçues en devises Le processus : Même"
docs_specific/cegos_comexa_2026/comexa_cas_mp_2026-04-24.pdf,9,/docs_specific/cegos_comexa_2026/comexa_cas_mp_2026-04-24.pdf#page=9,"• Impact : L'avocat, lui, est assujetti. Il doit envoyer une facture électronique via le portail public (PPF). La holdin","• Impact : L'avocat, lui, est assujetti. Il doit envoyer une facture électronique via le portail public (PPF). La holding doit donc obligatoirement avoir un compte sur le portail pour récupérer ses factures, même si elle ne récupère pas de TVA. 3. Locations longue durée (LLD) sans émission de facture Le processus : C'est un cas fréquent (loyers immobiliers ou véhicules). Souvent, le bailleur n'envoie qu'un avis d'échéance annuel. Avec la réforme, chaque flux de TVA doit être justifié par une fac"
docs_specific/cegos_comexa_2026/comexa_cas_mp_2026-04-24.pdf,10,/docs_specific/cegos_comexa_2026/comexa_cas_mp_2026-04-24.pdf#page=10,"6. Avances de trésorerie entre filiales Le processus : Il s'agit ici de flux financiers. En principe, les prêts/emballag","6. Avances de trésorerie entre filiales Le processus : Il s'agit ici de flux financiers. En principe, les prêts/emballages entre filiales ne sont pas soumis à TVA et donc hors périmètre e-invoicing. MAIS, si la filiale facture des ""intérêts"" ou des ""frais de gestion"" sur cette avance, cela devient une prestation de service. • Exemple ""Vraie vie"" : La société mère avance 500 000 € à une filiale pour l'achat de mûrissoirs et facture 2 000 € d'intérêts mensuels. • Action : Ces 2 000 € d'intérêts do"
docs_specific/cegos_comexa_2026/comexa_points_plus_2026-04-24.pdf,1,/docs_specific/cegos_comexa_2026/comexa_points_plus_2026-04-24.pdf#page=1,Points +++ COMEXA 1MP javril 2026 COMEXA Rungis 24 avril 2026,Points +++ COMEXA 1MP javril 2026 COMEXA Rungis 24 avril 2026
docs_specific/cegos_comexa_2026/comexa_points_plus_2026-04-24.pdf,2,/docs_specific/cegos_comexa_2026/comexa_points_plus_2026-04-24.pdf#page=2,2MP octobre 2025 Points autres sessions Objectifs et recherche de visions sur cas pratiques et process Dans le module Fa,2MP octobre 2025 Points autres sessions Objectifs et recherche de visions sur cas pratiques et process Dans le module Factures clients siren français exigibles 2026 ou 2027 ? Dans le module Factures clients siren europe TVA où ? Dans le module Factures clients étrangers? Dans le module Factures clients DOM et TOM ? exigibles 2026 ou 2027 ? Dans le module Factures aux administrations publiques françaises ou assimilées? Facturation avec les administrations Toutes les factures adressées aux adminis
docs_specific/cegos_comexa_2026/comexa_points_plus_2026-04-24.pdf,3,/docs_specific/cegos_comexa_2026/comexa_points_plus_2026-04-24.pdf#page=3,3MP octobre 2025 Points autres sessions Objectifs et recherche de visions sur cas pratiques et process Dans le module Fa,3MP octobre 2025 Points autres sessions Objectifs et recherche de visions sur cas pratiques et process Dans le module Factures fournisseurs siren français exigibles 2026 ou 2027 ? Dans le module Factures fournisseurs siren europe TVA où ? Dans le module Factures fournisseurs étrangers? Dans le module Factures fournisseurs DOM et TOM ? exigibles 2026 ou 2027 ? Concerné ou pas « partie confidentiel » ? Factures fournisseurs administrations publiques françaises ou assimilées? Concerné ou pas? Factu
docs_specific/cegos_comexa_2026/comexa_points_plus_2026-04-24.pdf,4,/docs_specific/cegos_comexa_2026/comexa_points_plus_2026-04-24.pdf#page=4,Sur notre matinée nous avons axé nos échanges sur la vision : la compréhension de la réforme de la facturation électroni,"Sur notre matinée nous avons axé nos échanges sur la vision : la compréhension de la réforme de la facturation électronique 4 ➢ Un tournant stratégique pour les entreprises françaises ➢ Champ d’application et calendrier de déploiement ➢ L’écosystème des plateformes : PPF, PA, OD… qui fait quoi ? ➢ Formats et données obligatoires ➢ Impacts concrets sur les entreprises Durant notre après-midi une vision plus axée sur l’avancement de votre projet et valider ensemble si toutes les réponses à Vos obj"
docs_specific/cegos_comexa_2026/comexa_points_plus_2026-04-24.pdf,5,/docs_specific/cegos_comexa_2026/comexa_points_plus_2026-04-24.pdf#page=5,"Un tournant stratégique pour les entreprises françaises 5 Cette réforme, va progressivement imposer que toutes les factu","Un tournant stratégique pour les entreprises françaises 5 Cette réforme, va progressivement imposer que toutes les factures B2B domestiques soient émises et reçues sous forme électronique, via des plateformes agréées, et que les données essentielles soient transmises à l’administration fiscale en temps réel. Autrement dit, fini les factures papier ou les PDF envoyés par email : demain, chaque facture circulera dans un format structuré permettant son traitement automatique par les systèmes d’info"
docs_specific/cegos_comexa_2026/comexa_points_plus_2026-04-24.pdf,6,/docs_specific/cegos_comexa_2026/comexa_points_plus_2026-04-24.pdf#page=6,Champ d’application et calendrier de déploiement 6 ➢ Qui est concerné ? Toutes les entreprises assujetties à la TVA et é,"Champ d’application et calendrier de déploiement 6 ➢ Qui est concerné ? Toutes les entreprises assujetties à la TVA et établies en France métropolitaine ou DOM-TOM sont concernées par la réforme, quelle que soit leur taille ou leur secteur d’activité. On estime ainsi qu’environ 8 millions d’assujettis TVA devront se conformer à ces nouvelles règles. ➢ Quand cela devient-il obligatoire ? Initialement prévue dès 2024, la réforme a été reportée et son déploiement sera progressif, par taille d’entre"
docs_specific/cegos_comexa_2026/comexa_points_plus_2026-04-24.pdf,7,/docs_specific/cegos_comexa_2026/comexa_points_plus_2026-04-24.pdf#page=7,FOCUS Les opérations hors périmètre : La réforme concerne les factures B2B domestiques (entre deux entités assujetties e,"FOCUS Les opérations hors périmètre : La réforme concerne les factures B2B domestiques (entre deux entités assujetties en France). Pour les transactions avec un particulier (B2C) ou avec un partenaire étranger (import/export), l’émission en facture électronique n’est pas imposée. En revanche, les entreprises devront tout de même réaliser un e-reporting périodique de ces transactions hors périmètre (ventes à des non-assujettis, transactions internationales, etc.). 7"
docs_specific/cegos_comexa_2026/comexa_points_plus_2026-04-24.pdf,8,/docs_specific/cegos_comexa_2026/comexa_points_plus_2026-04-24.pdf#page=8,E-invoicing vs e-reporting : de quoi parle-t-on ? La réforme repose donc sur deux piliers complémentaires : l’e-invoicin,"E-invoicing vs e-reporting : de quoi parle-t-on ? La réforme repose donc sur deux piliers complémentaires : l’e-invoicing et l’e-reporting. Il est essentiel de bien comprendre ces notions : E-invoicing (facturation électronique) : il s’agit de l’émission, transmission et réception électronique des factures entre entreprises assujetties à la TVA en France. Concrètement, une facture électronique est plus qu’un PDF envoyé par mail – c’est une facture créée dans un format structuré (conforme à la no"
docs_specific/cegos_comexa_2026/comexa_points_plus_2026-04-24.pdf,9,/docs_specific/cegos_comexa_2026/comexa_points_plus_2026-04-24.pdf#page=9,E-reporting (transmission des données) : C’est l’envoi à l’administration fiscale de données de facturation sur les tran,"E-reporting (transmission des données) : C’est l’envoi à l’administration fiscale de données de facturation sur les transactions qui ne passent pas en e-invoicing. Sont concernées les opérations B2C, les échanges B2B avec l’étranger, et plus globalement toutes les transactions non couvertes par la facturation électronique obligatoire. L’e-reporting se fera via les mêmes canaux que l’e-invoicing – à savoir les plateformes agréées ou le portail public – de façon à centraliser les flux. En résumé :"
docs_specific/cegos_comexa_2026/comexa_points_plus_2026-04-24.pdf,10,/docs_specific/cegos_comexa_2026/comexa_points_plus_2026-04-24.pdf#page=10,"L’écosystème des plateformes : PPF, PA, OD… qui fait quoi ? 10 La réussite de la réforme repose sur la mise en place d’u","L’écosystème des plateformes : PPF, PA, OD… qui fait quoi ? 10 La réussite de la réforme repose sur la mise en place d’un réseau de plateformes pour acheminer les factures et données entre émetteurs, récepteurs et administration. Voici les principaux acteurs de ce nouvel écosystème numérique : • Plateformes Agrées (PA – Anciennement PDP) : ce sont des plateformes privées agréées par l’État, qui joueront le rôle d’intermédiaires certifiés pour la transmission des factures et des données. Concrète"
docs_specific/cegos_comexa_2026/comexa_points_plus_2026-04-24.pdf,11,/docs_specific/cegos_comexa_2026/comexa_points_plus_2026-04-24.pdf#page=11,Formats et données obligatoires 11 La réglementation impose d’utiliser des formats normalisés pour les factures électron,"Formats et données obligatoires 11 La réglementation impose d’utiliser des formats normalisés pour les factures électroniques, afin d’assurer l’interopérabilité. Les formats conformes à la norme européenne EN16931 (UBL, CII, Factur-X…) devront être adoptés. Un simple PDF non structuré ne sera pas reconnu comme facture électronique valable par les plateformes. De plus, de nouvelles mentions obligatoires font leur apparition avec la réforme, en sus des informations déjà requises par le Code de com"
docs_specific/cegos_comexa_2026/comexa_points_plus_2026-04-24.pdf,12,/docs_specific/cegos_comexa_2026/comexa_points_plus_2026-04-24.pdf#page=12,Impacts concrets sur les entreprises 12 Passer à la facture électronique ne se résume pas à un changement de format de f,"Impacts concrets sur les entreprises 12 Passer à la facture électronique ne se résume pas à un changement de format de fichier. C’est un changement de processus profondément structurant. Voici quelques impacts majeurs à anticiper dans votre organisation : • Processus internes à adapter : La façon même dont vous gérez le cycle de facturation sera modifiée. En émission, il faudra intégrer un nouvel outil ou module pour générer les factures au bon format et les transmettre via la plateforme choisie"
docs_specific/cegos_comexa_2026/comexa_points_plus_2026-04-24.pdf,13,/docs_specific/cegos_comexa_2026/comexa_points_plus_2026-04-24.pdf#page=13,Impacts concrets sur les entreprises 13 Organisation et compétences : La réforme de la facture électronique est un proje,"Impacts concrets sur les entreprises 13 Organisation et compétences : La réforme de la facture électronique est un projet transverse qui mobilise plusieurs fonctions dans l’entreprise. Ce n’est pas qu’une affaire de DAF ou de comptables, il faut impliquer aussi la DSI (Direction des Systèmes d’Information) pour la partie intégration technique, le service Achats/ADV (administration des ventes) pour adapter les échanges avec les fournisseurs et clients, le service Juridique éventuellement pour les"
docs_specific/cegos_comexa_2026/comexa_points_plus_2026-04-24.pdf,14,/docs_specific/cegos_comexa_2026/comexa_points_plus_2026-04-24.pdf#page=14,3 2 1 3 - Risques commerciaux & stratégiques • Perte de confiance des clients/fournisseurs • Relations commerciales dégr,"3 2 1 3 - Risques commerciaux & stratégiques • Perte de confiance des clients/fournisseurs • Relations commerciales dégradées • Image de manque de professionnalisme • Litiges juridiques prolongés • Risque de perte de contrats clés 2- Risques financiers • Retards de paiement • Trésorerie fragilisée • Créances douteuses • Coûts cachés liés aux corrections d’erreurs • Sanctions fiscales (15 € par facture non conforme, 250 € par transmission manquante) • Non-déductibilité de la TVA 1- Risques opérat"
docs_specific/cegos_comexa_2026/comexa_points_plus_2026-04-24.pdf,15,/docs_specific/cegos_comexa_2026/comexa_points_plus_2026-04-24.pdf#page=15,Se mettre en conformité : guide pratique pour réussir la transition Passer à la facturation électronique est un projet d,"Se mettre en conformité : guide pratique pour réussir la transition Passer à la facturation électronique est un projet d’entreprise à part entière. Il s’agit à la fois d’un défi technologique (choisir et implémenter la bonne solution) et d’un défi organisationnel (adapter les processus et former les équipes). Le maître-mot : anticipation. Plus vous démarrerez tôt, plus la transition sera fluide et source de bénéfices. 15"
docs_specific/cegos_comexa_2026/comexa_points_plus_2026-04-24.pdf,16,/docs_specific/cegos_comexa_2026/comexa_points_plus_2026-04-24.pdf#page=16,Le capital social est de 40 000 €. Elle emploie entre 10 et 19 salariés. Vialum est un acteur spécialisé dans le secteur,"Le capital social est de 40 000 €. Elle emploie entre 10 et 19 salariés. Vialum est un acteur spécialisé dans le secteur du génie électrique extérieur. Ses activités se déclinent en trois axes principaux : Éclairage Public et Privé : Installation, rénovation et maintenance de réseaux d'éclairage (stades, rues, théâtres de verdure). Basse Tension (Réseaux Enedis) : Création de réseaux neufs pour le domaine public et privé. IRVE (Bornes de recharge) : Installation et accompagnement pour les infras"
docs_specific/cegos_comexa_2026/comexa_points_plus_2026-04-24.pdf,17,/docs_specific/cegos_comexa_2026/comexa_points_plus_2026-04-24.pdf#page=17,Le capital social est de 40 000 €. Elle emploie entre 10 et 19 salariés. Vialum est un acteur spécialisé dans le secteur,"Le capital social est de 40 000 €. Elle emploie entre 10 et 19 salariés. Vialum est un acteur spécialisé dans le secteur du génie électrique extérieur. Ses activités se déclinent en trois axes principaux : Éclairage Public et Privé : Installation, rénovation et maintenance de réseaux d'éclairage (stades, rues, théâtres de verdure). Basse Tension (Réseaux Enedis) : Création de réseaux neufs pour le domaine public et privé. IRVE (Bornes de recharge) : Installation et accompagnement pour les infras"
docs_specific/cegos_comexa_2026/comexa_points_plus_2026-04-24.pdf,18,/docs_specific/cegos_comexa_2026/comexa_points_plus_2026-04-24.pdf#page=18,➢ Dès le 1er septembre 2026 : OBLIGATION DE RÉCEPTION UNIQUEMENT. ✓ COMEXA doit être capable de recevoir des factures él,"➢ Dès le 1er septembre 2026 : OBLIGATION DE RÉCEPTION UNIQUEMENT. ✓ COMEXA doit être capable de recevoir des factures électroniques (format structuré comme le Factur-X) de la part de ses ""gros"" fournisseurs (Grandes Entreprises et ETI). ✓ L'action concrète : Choisir une plateforme (Portail Public de Facturation - PPF ou une Plateforme de Dématérialisation Partenaire - PDP) pour ""récupérer"" ces factures. ➢ Jusqu'au 1er septembre 2027 : LIBERTÉ D'ÉMISSION. ✓ COMEXA continue d'émettre ses factures "
docs_specific/cegos_comexa_2026/comexa_points_plus_2026-04-24.pdf,19,/docs_specific/cegos_comexa_2026/comexa_points_plus_2026-04-24.pdf#page=19,"➢ Après avoir vu la théorie et le calendrier, passons au concret pour COMEXA. Comment vos opérations quotidiennes vont-e","➢ Après avoir vu la théorie et le calendrier, passons au concret pour COMEXA. Comment vos opérations quotidiennes vont-elles être impactées et comment en tirer profit ? 19"
docs_specific/cegos_comexa_2026/comexa_points_plus_2026-04-24.pdf,20,/docs_specific/cegos_comexa_2026/comexa_points_plus_2026-04-24.pdf#page=20,"MP avril 2026 1. Organisation de votre projet ➢ Qui va piloter le projet, décider, négocier ? ( le projet ne doit pas êt","MP avril 2026 1. Organisation de votre projet ➢ Qui va piloter le projet, décider, négocier ? ( le projet ne doit pas être porté par une personne isolé - Dirigeant, Comptable, Chargés d'affaires ?) ➢ Existe-t-il une fonction de ""Credit Manager"" ou une personne dédiée spécifiquement au recouvrement ? • Argument : La réforme va automatiser le suivi des paiements (statuts). ➢ Quel est votre volume mensuel de factures émises (Ventes) et reçues (Achats) ? 2. Typologie Clients & Flux de Vente (E-invoi"
docs_specific/cegos_comexa_2026/comexa_points_plus_2026-04-24.pdf,21,/docs_specific/cegos_comexa_2026/comexa_points_plus_2026-04-24.pdf#page=21,MP avril 2026 3. Gestion des Achats & Fournisseurs ➢ Fournisseurs Étrangers : Achetez-vous du matériel ou des services à,"MP avril 2026 3. Gestion des Achats & Fournisseurs ➢ Fournisseurs Étrangers : Achetez-vous du matériel ou des services à l'étranger (UE ou hors UE) ? • Enjeu : Obligation de E-reporting sur les achats (auto-déclaration). oui ➢ Plateformes en ligne : Achetez-vous sur Amazon, des sites de composants électriques ou des abonnements logiciels (SaaS) ? - ? • Point critique : Comment récupérez-vous ces factures aujourd'hui ? (Saisie manuelle vs automatisation). ➢ Sous-traitance : Avez-vous recours à la"
docs_specific/cegos_comexa_2026/comexa_points_plus_2026-04-24.pdf,22,/docs_specific/cegos_comexa_2026/comexa_points_plus_2026-04-24.pdf#page=22,MP avril 2026 C'est le point le plus critique. La facture électronique interdit l'archivage papier comme preuve légale. ,"MP avril 2026 C'est le point le plus critique. La facture électronique interdit l'archivage papier comme preuve légale. Vous allez devoir mettre en place un coffre-fort numérique, ou utiliser le module de GED intégré à vos outils ou voir avec le partenaire plate forme s’il assure l’archivage, ou vous avez déjà vu le sujet avec votre partenaire O.D. ? (comparaison des coûts) Votre outil comptable L'archivage Papier (Alerte majeure) : 22"
docs_specific/cegos_comexa_2026/comexa_points_plus_2026-04-24.pdf,23,/docs_specific/cegos_comexa_2026/comexa_points_plus_2026-04-24.pdf#page=23,"MP avril 2026 ➢ Sécurité des paiements : Avec la FE, on sait exactement quand la facture est reçue et acceptée. Moins de","MP avril 2026 ➢ Sécurité des paiements : Avec la FE, on sait exactement quand la facture est reçue et acceptée. Moins de litiges sur les délais. ➢ Centralisation dans vos outils : Puisque vous utilisez ou allez utiliser Dynamics 365 , vous avez déjà fait 50 % du chemin. Il suffit ""d'activer"" les bonnes fonctions et de voir avec votre éditeur vos cas d’usage, son avis sur les plates formes avec qui il a déjà collaboré au développement des connecteurs. ➢ Fin du papier : Gain de place, de temps de "
docs_specific/cegos_comexa_2026/comexa_points_plus_2026-04-24.pdf,24,/docs_specific/cegos_comexa_2026/comexa_points_plus_2026-04-24.pdf#page=24,MP avril 2026 Votre base tiers : sa qualité des données ? Les mentions obligatoires à faire figurer sur la facture et no,MP avril 2026 Votre base tiers : sa qualité des données ? Les mentions obligatoires à faire figurer sur la facture et nous verrons d’autres points à vérifier pour éviter des rejets de factures 24
docs_specific/cegos_comexa_2026/comexa_points_plus_2026-04-24.pdf,25,/docs_specific/cegos_comexa_2026/comexa_points_plus_2026-04-24.pdf#page=25,25MP janvier 2026 Des clients avec des obligations différentes : ➢ Secteur Public (B2G) : Communes et collectivités pas ,"25MP janvier 2026 Des clients avec des obligations différentes : ➢ Secteur Public (B2G) : Communes et collectivités pas concerné ➢ Secteur Privé (B2B) : Ce sont ces clients qui basculeront dans le flux de la réforme 2026/2027. ➢ Quelques particuliers et peut être des Associations? Profil des clients non-entreprises : ""Facturez-vous des associations, ou des collectivités qui ne seraient pas assujettis à la TVA ?"" Enjeu : Pour ces clients, COMEXA devra faire du e-reporting (transmission des donnée"
docs_specific/cegos_comexa_2026/comexa_points_plus_2026-04-24.pdf,26,/docs_specific/cegos_comexa_2026/comexa_points_plus_2026-04-24.pdf#page=26,26MP avril 2026 Quel est le volume de vos factures : Combien de factures émettez vous et recevez-vous par mois environ ?,"26MP avril 2026 Quel est le volume de vos factures : Combien de factures émettez vous et recevez-vous par mois environ ? Répartition des clients : part par typologie de clients ? Et en nombre de factures? Vision : e-invocing - e-reporting) ? Sous-traitance : Faites-vous appel à des sous-traitants ? Si oui, comment gérez vous les situations de ""paiement direct"" ou d'auto-liquidation de la TVA, qui sont des points complexes de la réforme ? Maturité Numérique et Choix de Plateforme ➢ Outils actuels"
docs_specific/cegos_comexa_2026/comexa_points_plus_2026-04-24.pdf,27,/docs_specific/cegos_comexa_2026/comexa_points_plus_2026-04-24.pdf#page=27,"27MP avril 2026 ➢ Avez-vous des ""factures complexes« que vous aborderez spécifiquement, car la plateforme que vous chois","27MP avril 2026 ➢ Avez-vous des ""factures complexes« que vous aborderez spécifiquement, car la plateforme que vous choisirez devra savoir gérer ces mentions particulières. ➢ …………; ➢ International (Clients et Fournisseurs étrangers) Ventes à l'export / Livraisons intracommunautaires : Avez-vous des clients basés hors de France (UE ou hors UE) ? Enjeu : Ces factures sortent du cadre du e-invoicing mais entrent dans celui du e-reporting international. Achats à l'étranger (Fournisseurs) : Avez-vous "
docs_specific/cegos_comexa_2026/comexa_points_plus_2026-04-24.pdf,28,/docs_specific/cegos_comexa_2026/comexa_points_plus_2026-04-24.pdf#page=28,28MP avril 2026 Thématique Points à évoquer Points de vigilance pour vous Associations Quel % de vos clients sont des as,28MP avril 2026 Thématique Points à évoquer Points de vigilance pour vous Associations Quel % de vos clients sont des associations non assujetties ? Flux E-reporting obligatoire. Étranger Importez-vous du matériel ou des services hors de France ? Obligation de e-reporting sur les achats étrangers. Credit Management Qui gère les relances et le suivi des paiements ? Opportunité de piloter le Cycle de Vie (statuts). Plateforme Vous avez déjà fait un choix avec votre Groupe /expert-comptable d'une s
docs_specific/cegos_comexa_2026/comexa_points_plus_2026-04-24.pdf,29,/docs_specific/cegos_comexa_2026/comexa_points_plus_2026-04-24.pdf#page=29,MP avril 2026 Points à partager car des leviers …….. Achats sur des plateformes en ligne ? 1. Récupération des factures ,"MP avril 2026 Points à partager car des leviers …….. Achats sur des plateformes en ligne ? 1. Récupération des factures : Sur beaucoup de plateformes, la facture ne ""tombe"" pas toute seule. Il faut aller la chercher dans l'espace client. Avec la réforme, ces plateformes devront soit envoyer la facture via le circuit officiel (e-invoicing), soit les données devront être traitées en e-reporting (si la plateforme est étrangère). 2. Paiement par carte bancaire : Souvent, ces achats sont payés par ca"
docs_specific/cegos_comexa_2026/comexa_points_plus_2026-04-24.pdf,30,/docs_specific/cegos_comexa_2026/comexa_points_plus_2026-04-24.pdf#page=30,Cartographier l’existant et réaliser un diagnostic initial (1/2) Première étape : faites un état des lieux complet de vo,"Cartographier l’existant et réaliser un diagnostic initial (1/2) Première étape : faites un état des lieux complet de votre situation actuelle en matière de facturation. Cela implique de cartographier vos flux et vos outils : ➢ Quels types de flux gérez-vous ? (émission de factures clients, réception de factures fournisseurs, volume mensuel/annuel, nature des transactions nationales/internationales, présence de factures en devises, etc.) ➢ Quels sont les logiciels utilisés aujourd’hui pour émett"
docs_specific/cegos_comexa_2026/comexa_points_plus_2026-04-24.pdf,31,/docs_specific/cegos_comexa_2026/comexa_points_plus_2026-04-24.pdf#page=31,"Qui intervient dans le processus aujourd’hui, en interne et en externe ? (identifiez les acteurs : service émetteur, ser","Qui intervient dans le processus aujourd’hui, en interne et en externe ? (identifiez les acteurs : service émetteur, service récepteur, validation par managers, cabinet d’expertise comptable externe, etc.). ➢ Comment se passe l’archivage des factures (format papier, numérisation, durée de conservation, accès) ? Cette analyse diagnostic vous permettra d’identifier les écarts entre votre situation de départ et le futur « cible ». C’est à ce stade qu’on repère d’éventuels doublons ou incohérences d"
docs_specific/cegos_comexa_2026/comexa_points_plus_2026-04-24.pdf,32,/docs_specific/cegos_comexa_2026/comexa_points_plus_2026-04-24.pdf#page=32,"Une fois le point de départ clarifié, il s’agit de définir la stratégie la plus adaptée pour atteindre le point d’arrivé","Une fois le point de départ clarifié, il s’agit de définir la stratégie la plus adaptée pour atteindre le point d’arrivée (septembre 2026/2027). Plusieurs axes sont à considérer : ➢ Choix de la solution technologique (PA et outils) : Comme vu en partie 1, chaque entreprise devra opter pour une Plateforme Agréée (PA) ou un prestataire s’appuyant sur une PA, pour émettre et recevoir ses e- factures. Ce choix est structurant, car il conditionne une partie de vos futurs processus. Il convient donc d"
docs_specific/cegos_comexa_2026/comexa_points_plus_2026-04-24.pdf,33,/docs_specific/cegos_comexa_2026/comexa_points_plus_2026-04-24.pdf#page=33,Découpage du projet et échéancier : Fixez-vous des étapes intermédiaires d’ici l’échéance légale. Un phasage clair vous ,"Découpage du projet et échéancier : Fixez-vous des étapes intermédiaires d’ici l’échéance légale. Un phasage clair vous permettra de suivre l’avancement et d’ajuster si besoin. Ne sous estimez pas les délais : l’expérience d’autres pays montre que l’intégration technique et surtout l’accompagnement du changement peuvent prendre plusieurs mois. ➢ Gouvernance et acteurs du projet : Dès le début, identifiez les interlocuteurs internes qui piloteront la transition. Idéalement, nommez un chef de proj"
docs_specific/cegos_comexa_2026/comexa_points_plus_2026-04-24.pdf,34,/docs_specific/cegos_comexa_2026/comexa_points_plus_2026-04-24.pdf#page=34,"Une fois la phase de définition terminée, on passe à l’implémentation pratique. Cela comprend plusieurs chantiers parall","Une fois la phase de définition terminée, on passe à l’implémentation pratique. Cela comprend plusieurs chantiers parallèles : ➢ Paramétrage et intégration de la solution : En collaboration avec votre prestataire (PA et/ou intégrateur), configurez les connexions entre vos systèmes et la plateforme. Assurez-vous que les formats de données générés correspondent aux spécifications. Intégrez également la réception : comment les factures fournisseurs arriveront dans votre système comptable depuis la "
docs_specific/cegos_comexa_2026/comexa_points_plus_2026-04-24.pdf,35,/docs_specific/cegos_comexa_2026/comexa_points_plus_2026-04-24.pdf#page=35,Le facteur humain est déterminant dans la réussite de la transition. Une technologie performante ne donnera rien si les ,"Le facteur humain est déterminant dans la réussite de la transition. Une technologie performante ne donnera rien si les collaborateurs ne l’adoptent pas correctement. Il faut donc investir dans la formation et l’accompagnement au changement : ➢ Former les utilisateurs clés : Identifiez les personnes qui auront à utiliser la nouvelle plateforme ou les nouveaux processus au quotidien : comptables clients, comptables fournisseurs, responsables ADV , etc. ➢ Sensibiliser sur les enjeux : Ne négligez "
docs_specific/cegos_comexa_2026/comexa_points_plus_2026-04-24.pdf,36,/docs_specific/cegos_comexa_2026/comexa_points_plus_2026-04-24.pdf#page=36,La mise en conformité ne s’arrête pas le jour où vous envoyez votre première e-facture officielle. Il faudra suivre dans,"La mise en conformité ne s’arrête pas le jour où vous envoyez votre première e-facture officielle. Il faudra suivre dans le temps et s’assurer que la pratique reste conforme et efficace : ➢ Contrôles réguliers : Effectuez des audits périodiques de vos flux de facturation électronique. Assurez-vous que personne ne déroge aux nouveaux processus ➢ Indicateurs de performance : Mettez en place des KPI pour mesurer l’efficacité du nouveau système : taux de factures émises électroniquement, taux de rej"
docs_specific/cegos_comexa_2026/comexa_points_plus_2026-04-24.pdf,37,/docs_specific/cegos_comexa_2026/comexa_points_plus_2026-04-24.pdf#page=37,"Si la facture électronique est le véhicule, la donnée en est le carburant. En effet, dématérialiser les factures impliqu","Si la facture électronique est le véhicule, la donnée en est le carburant. En effet, dématérialiser les factures implique de s’appuyer sur des informations 100% fiables, lisibles par les machines et harmonisées d’un système à l’autre. La moindre anomalie de donnée peut enrayer la mécanique bien huilée de l’e-invoicing. Données fiables = factures acceptées Pourquoi est-ce si important ? Parce qu’à la différence d’un processus manuel où une personne peut interpréter ou corriger une erreur sur une "
docs_specific/cegos_comexa_2026/comexa_points_plus_2026-04-24.pdf,38,/docs_specific/cegos_comexa_2026/comexa_points_plus_2026-04-24.pdf#page=38,Les conséquences concrètes d’une donnée de mauvaise qualité sont multiples : ➢ Rejet de la facture par la plateforme PDP,"Les conséquences concrètes d’une donnée de mauvaise qualité sont multiples : ➢ Rejet de la facture par la plateforme PDP : un libellé erroné peut empêcher la reconnaissance du destinataire dans l’annuaire, ou un code pays mal formaté peut bloquer l’envoi en e-reporting. Chaque rejet signifie perte de temps (il faut corriger et réémettre) et risque de retard de paiement. ➢ Retards de paiement et tension de trésorerie : tant qu’une facture n’est pas acceptée par le système du client, le délai de p"
docs_specific/cegos_comexa_2026/comexa_points_plus_2026-04-24.pdf,39,/docs_specific/cegos_comexa_2026/comexa_points_plus_2026-04-24.pdf#page=39,Les problèmes de données peuvent provenir de différents endroits de votre organisation : ➢ Bases clients dispersées : So,"Les problèmes de données peuvent provenir de différents endroits de votre organisation : ➢ Bases clients dispersées : Souvent, les informations d’un même client sont réparties dans plusieurs systèmes, par exemple le CRM contient les contacts commerciaux, l’ERP contient l’adresse de facturation, un autre outil contient l’adresse de livraison, etc. Si ces systèmes ne sont pas synchronisés, on peut avoir des incohérences (raison sociale différente, adresse plus à jour dans l’un que l’autre). Il est"
docs_specific/cegos_comexa_2026/comexa_points_plus_2026-04-24.pdf,40,/docs_specific/cegos_comexa_2026/comexa_points_plus_2026-04-24.pdf#page=40,"Comment s’assurer que vos données seront à la hauteur ? Voici quelques pistes d’action, dont certaines peuvent être mené","Comment s’assurer que vos données seront à la hauteur ? Voici quelques pistes d’action, dont certaines peuvent être menées en interne et d’autres avec le concours de spécialistes de la donnée : ➢ Nettoyage et enrichissement de vos bases : Profitez du temps avant l’échéance pour lancer un grand ménage de vos bases clients et fournisseurs. Vérifiez chaque fiche client : raison sociale conforme à celle du SIREN, SIRET à jour, adresse complète, n° de TVA valide, code postal normalisé, etc. Faites de"
docs_specific/cegos_comexa_2026/comexa_points_plus_2026-04-24.pdf,41,/docs_specific/cegos_comexa_2026/comexa_points_plus_2026-04-24.pdf#page=41,➢ Recours à des solutions externes de data quality : Il existe des prestataires spécialisés qui proposent des solutions ,"➢ Recours à des solutions externes de data quality : Il existe des prestataires spécialisés qui proposent des solutions pour garantir la qualité de vos données d’entreprise. Ces solutions peuvent souvent s’intégrer à vos logiciels via API. Altares – Dun & Bradstreet, expert en data, propose par exemple des services d’identification et de normalisation des données : vérification de l’existence et de l’activité réelle d’une entité via des critères multiples, comparaison de vos données avec plus de"
docs_specific/cegos_comexa_2026/comexa_points_plus_2026-04-24.pdf,42,/docs_specific/cegos_comexa_2026/comexa_points_plus_2026-04-24.pdf#page=42,Conclusion (1/2) La réforme de la facturation électronique en France marque le début d’une nouvelle ère pour les entrepr,"Conclusion (1/2) La réforme de la facturation électronique en France marque le début d’une nouvelle ère pour les entreprises. Elle représente un défi réglementaire de taille, mais aussi une formidable occasion d’accélérer la transformation digitale de la fonction finance. En obligeant chacun à revoir ses pratiques, elle agit comme un catalyseur d’optimisation : dématérialisation, automatisation, fiabilisation des échanges et des données… Les CFO et CEO de PME/ ETI ont tout intérêt à s’emparer du"
docs_specific/cegos_comexa_2026/comexa_points_plus_2026-04-24.pdf,43,/docs_specific/cegos_comexa_2026/comexa_points_plus_2026-04-24.pdf#page=43,Conclusion (2/2) ➢ La qualité de la donnée est apparue comme le fil rouge de cette transformation. Une donnée client/fou,"Conclusion (2/2) ➢ La qualité de la donnée est apparue comme le fil rouge de cette transformation. Une donnée client/fournisseur fiable et à jour est le passeport pour des factures électroniques fluides et acceptées du premier coup. Investir dans le nettoyage et la fiabilisation de vos bases dès maintenant vous évitera bien des tracas plus tard. C’est un domaine où l’accompagnement d’experts peut faire la différence, en vous faisant gagner du temps et en sécurisant vos flux. La facture électroni"
docs_specific/cegos_comexa_2026/comexa_points_plus_2026-04-24.pdf,44,/docs_specific/cegos_comexa_2026/comexa_points_plus_2026-04-24.pdf#page=44,1. Le e-reporting des ventes (B2C) La vente aux particuliers (B2C) n'entre pas dans le champ de la facturation électroni,"1. Le e-reporting des ventes (B2C) La vente aux particuliers (B2C) n'entre pas dans le champ de la facturation électronique, mais dans celui du e- reporting. Quelles données précises fournir ? Contrairement à la facture électronique où l'on transmet tout le détail, le e-reporting B2C est une agrégation quotidienne (ou par ticket de caisse si le logiciel le permet). ➢ Le montant total HT de la journée. ➢ Le montant de la TVA par taux (ex: 10% pour le transport). ➢ La devise (Euro). ➢ La date de l"
docs_specific/cegos_comexa_2026/comexa_points_plus_2026-04-24.pdf,45,/docs_specific/cegos_comexa_2026/comexa_points_plus_2026-04-24.pdf#page=45,2. Le e-reporting des achats internationaux Les échanges avec des fournisseurs étrangers (UE et hors UE) ne sont pas sou,"2. Le e-reporting des achats internationaux Les échanges avec des fournisseurs étrangers (UE et hors UE) ne sont pas soumis à l'e-invoicing (car le fournisseur n'est pas français), mais doivent faire l'objet d'un e-reporting des données d'achats pour permettre à l'administration de contrôler la TVA auto-liquidée. Fournisseurs dans l'Union Européenne (Acquisitions intracommunautaires) ➢ Données : Numéro de TVA du fournisseur, montant HT, taux de TVA applicable en France (auto-liquidation). ➢ Obje"
docs_specific/cegos_comexa_2026/comexa_points_plus_2026-04-24.pdf,46,/docs_specific/cegos_comexa_2026/comexa_points_plus_2026-04-24.pdf#page=46,Flux Type Obligation Vente (Particuliers) B2C e-reporting (globalisé par jour) Vente (Entreprise (B2B) B2B France e-invo,"Flux Type Obligation Vente (Particuliers) B2C e-reporting (globalisé par jour) Vente (Entreprise (B2B) B2B France e-invoicing (facture électronique structurée) Achats Fournisseurs UE/Hors UE B2B International e-reporting (données de paiement/facture) 3. Synthèse Points de vigilance ""Métier"" 46MP avril 2026"
docs_specific/cegos_comexa_2026/comexa_points_plus_2026-04-24.pdf,47,/docs_specific/cegos_comexa_2026/comexa_points_plus_2026-04-24.pdf#page=47,"En fonction de l’existant ; de votre système ou du logiciel comptable, votre ERP, de votre stratégie Pour votre une stru","En fonction de l’existant ; de votre système ou du logiciel comptable, votre ERP, de votre stratégie Pour votre une structure qui gère des activités, devis, factures, des flux d’encaissement, le minimum de saisies manuelles serait a éviter. Le schéma de transmission ressemblera certainement à ceci : 1. La collecte (Ventes B2C Particuliers) • Source : Factures. • Format : Le système doit générer un fichier XML (souvent au format UBL ou CII) ou un fichier CSV structuré. • Transmission : Ce fichier"
docs_specific/cegos_comexa_2026/comexa_points_plus_2026-04-24.pdf,48,/docs_specific/cegos_comexa_2026/comexa_points_plus_2026-04-24.pdf#page=48,Check-list : Données obligatoires pour le e-reporting Cette liste correspond aux données que le système d'information (E,"Check-list : Données obligatoires pour le e-reporting Cette liste correspond aux données que le système d'information (ERP et ou comptabilité devra impérativement extraire pour chaque période (décade). 1. Identification de l'émetteur •[ ] Numéro SIREN de l'entité. •[ ] Période de transmission (ex: du 01/01/2026 au 10/01/2026). 2. Pour les Ventes (B2C - Particuliers) •[ ] Type d'opération : Mention ""Prestation de services"". •[ ] Catégorie de transaction : Indiquer s'il s'agit de ventes à des part"
docs_specific/cegos_comexa_2026/comexa_points_plus_2026-04-24.pdf,49,/docs_specific/cegos_comexa_2026/comexa_points_plus_2026-04-24.pdf#page=49,"1. La mise en garde : ""L'iceberg de la donnée« Il est crucial de prévenir « tous » que le projet doit être porté par une","1. La mise en garde : ""L'iceberg de la donnée« Il est crucial de prévenir « tous » que le projet doit être porté par une équipe de la Direction et si possible avec des opérationnels. Le message à passer : « La facture électronique et le e-reporting ne sont pas que des projets comptables, ce sont des projets SI (Systèmes d'Information). 49MP avril 2026"
docs_specific/cegos_comexa_2026/comexa_points_plus_2026-04-24.pdf,50,/docs_specific/cegos_comexa_2026/comexa_points_plus_2026-04-24.pdf#page=50,Et quelques points plus précis qui seront probablement abordés. ▪ Quels sont les obligations en termes d’information de ,Et quelques points plus précis qui seront probablement abordés. ▪ Quels sont les obligations en termes d’information de paiement vis-à-vis de l’état (A charge du client ou du fournisseur) ? => dans le module ▪ Un zoom sur la gestion des rejets de factures et de la gestion des avoirs. => dans le module ▪ La gestion des fournisseurs ne respectant pas la réforme et les sanctions en cas de non-conformité. => dans le module ▪ L’accessibilité à l’annuaire des entreprises pour fiabiliser les bases tier
docs_specific/cegos_comexa_2026/comexa_points_plus_2026-04-24.pdf,51,/docs_specific/cegos_comexa_2026/comexa_points_plus_2026-04-24.pdf#page=51,L’accessibilité à l’annuaire des entreprises pour fiabiliser les bases tiers internes. => accessible LIEN Qu’est-ce que ,L’accessibilité à l’annuaire des entreprises pour fiabiliser les bases tiers internes. => accessible LIEN Qu’est-ce que l’annuaire de la facturation électronique ? | Ministère de l’Économie des Finances et de la Souveraineté industrielle et numérique 51MP janvier 2026
docs_specific/cegos_comexa_2026/comexa_points_plus_2026-04-24.pdf,52,/docs_specific/cegos_comexa_2026/comexa_points_plus_2026-04-24.pdf#page=52,MP janvier 2026,MP janvier 2026
docs_specific/cegos_comexa_2026/comexa_points_plus_2026-04-24.pdf,53,/docs_specific/cegos_comexa_2026/comexa_points_plus_2026-04-24.pdf#page=53,Reference documentation LIEN SOURCE Fiches pédagogiques pour mieux comprendre la facturation électronique Lien fiches : ,Reference documentation LIEN SOURCE Fiches pédagogiques pour mieux comprendre la facturation électronique Lien fiches : Fiches pédagogiques pour mieux comprendre la facturation électronique | impots.gouv.fr impots.gouv.fr Foire aux questions – J’approfondis la facturation électronique faq---fe_japprofondis-la-facturation- electronique.pdf Finances publiques Version 2 du 23/09/2025 Données de paiement à transmettre à l’administration (article 290 A du Code général des impôts (CGI)) mentionnées à 
docs_specific/cegos_comexa_2026/comexa_points_plus_2026-04-24.pdf,54,/docs_specific/cegos_comexa_2026/comexa_points_plus_2026-04-24.pdf#page=54,MP avril 2026,MP avril 2026
docs_specific/cegos_comexa_2026/comexa_points_plus_2026-04-24.pdf,55,/docs_specific/cegos_comexa_2026/comexa_points_plus_2026-04-24.pdf#page=55,"La facture électronique redéfinit la manière dont vos données financières sont collectées, fiabilisées et exploitées. Ob","La facture électronique redéfinit la manière dont vos données financières sont collectées, fiabilisées et exploitées. Objectifs à viser : revoir et optimiser les process afin que la réforme devienne le socle d'un reporting plus fiable, plus rapide et plus stratégique. ➢ Porter votre choix sur un partenaire - Une Plateforme Agréée qui : - centralise la totalité de vos factures et vos flux financiers afin de traiter automatiquement et plus rapidement vos factures, éviter les erreurs et les pénalit"
docs_specific/cegos_comexa_2026/comexa_points_plus_2026-04-24.pdf,56,/docs_specific/cegos_comexa_2026/comexa_points_plus_2026-04-24.pdf#page=56,Les cas d’usage occupent une place centrale dans le cadre de la réforme de la facturation électronique en France. Ils dé,"Les cas d’usage occupent une place centrale dans le cadre de la réforme de la facturation électronique en France. Ils décrivent des scénarios de facturation correspondant aux pratiques réelles des entreprises, souvent spécifiques à certains secteurs d’activité. Instruits dans la norme AFNOR XP Z12-014, les 44 cas d’usage visent à encadrer la diversité des situations rencontrées par les entreprises, bien au-delà du simple schéma d’émission d’une facture dite « standard ». 56MP mars 2026"
docs_specific/cegos_comexa_2026/comexa_points_plus_2026-04-24.pdf,57,/docs_specific/cegos_comexa_2026/comexa_points_plus_2026-04-24.pdf#page=57,Tout savoir sur la facturation électronique pour les entreprises | economie.gouv.fr 57MP mars 2026,Tout savoir sur la facturation électronique pour les entreprises | economie.gouv.fr 57MP mars 2026
docs_specific/cegos_comexa_2026/comexa_points_plus_2026-04-24.pdf,58,/docs_specific/cegos_comexa_2026/comexa_points_plus_2026-04-24.pdf#page=58,Tout savoir sur la facturation électronique pour les entreprises | economie.gouv.fr 58MP mars 2026,Tout savoir sur la facturation électronique pour les entreprises | economie.gouv.fr 58MP mars 2026
docs_specific/cegos_comexa_2026/comexa_points_plus_2026-04-24.pdf,59,/docs_specific/cegos_comexa_2026/comexa_points_plus_2026-04-24.pdf#page=59,Je passe à la facturation électronique |impots.gouv.fr 59MP mars 2026,Je passe à la facturation électronique |impots.gouv.fr 59MP mars 2026
docs_specific/cegos_comexa_2026/comexa_points_plus_2026-04-24.pdf,60,/docs_specific/cegos_comexa_2026/comexa_points_plus_2026-04-24.pdf#page=60,SOUS LE RADAR… LES INFOS IMMANQUABLES A (RE) DECOUVRIR ➢ Le site collaboratif national dédié à la facture électronique (,"SOUS LE RADAR… LES INFOS IMMANQUABLES A (RE) DECOUVRIR ➢ Le site collaboratif national dédié à la facture électronique (documentation officielle, supports de formation, agenda... ) ➢ La DGFiP a récemment publié une vidéo nationale dédiée à la réforme ➢ La liste des plateformes agréées immatriculées ➢ ERP et facture électronique : intégrer un connecteur efficace ➢ L'IA agentique au service des processus métier IMMANQUABLES A (RE) DECOUVRIR 60MP mars 2026"
docs_specific/cegos_comexa_2026/comexa_points_plus_2026-04-24.pdf,61,/docs_specific/cegos_comexa_2026/comexa_points_plus_2026-04-24.pdf#page=61,© Cegos - Tous droits réservés Cliquer pour retour au sommaire Cliquer pour diapositive suivanteCliquer pour retour diap,"© Cegos - Tous droits réservés Cliquer pour retour au sommaire Cliquer pour diapositive suivanteCliquer pour retour diapositive précédente Cliquer pour retour début de chapitre © Cegos - Tous droits réservés QCM à réponse Multiples REF-Gr_00055958,1.0,CURRENT, Bon pour publi"
docs_specific/cegos_comexa_2026/comexa_points_plus_2026-04-24.pdf,62,/docs_specific/cegos_comexa_2026/comexa_points_plus_2026-04-24.pdf#page=62,© Cegos - Tous droits réservés Cliquer pour retour au sommaire Cliquer pour diapositive suivanteCliquer pour retour diap,"© Cegos - Tous droits réservés Cliquer pour retour au sommaire Cliquer pour diapositive suivanteCliquer pour retour diapositive précédente Cliquer pour retour début de chapitre A- Plus de Papier pour les Factures entre B&B B- Portail Public de la Facturation C- Portage entre Professionnels des Factures 1 - Que signifie « PPF »? 62 REF-Gr_00055958,1.0,CURRENT, Bon pour publi"
docs_specific/cegos_comexa_2026/comexa_points_plus_2026-04-24.pdf,63,/docs_specific/cegos_comexa_2026/comexa_points_plus_2026-04-24.pdf#page=63,© Cegos - Tous droits réservés Cliquer pour retour au sommaire Cliquer pour diapositive suivanteCliquer pour retour diap,"© Cegos - Tous droits réservés Cliquer pour retour au sommaire Cliquer pour diapositive suivanteCliquer pour retour diapositive précédente Cliquer pour retour début de chapitre A- 3 millions B- 7 millions C- 10 millions 6 3 2 - Combien d’assujettis en France sont concernés par la dématérialisation des factures ? 63 REF-Gr_00055958,1.0,CURRENT, Bon pour publi"
docs_specific/cegos_comexa_2026/comexa_points_plus_2026-04-24.pdf,64,/docs_specific/cegos_comexa_2026/comexa_points_plus_2026-04-24.pdf#page=64,© Cegos - Tous droits réservés Cliquer pour retour au sommaire Cliquer pour diapositive suivanteCliquer pour retour diap,"© Cegos - Tous droits réservés Cliquer pour retour au sommaire Cliquer pour diapositive suivanteCliquer pour retour diapositive précédente Cliquer pour retour début de chapitre Une plateforme de dématérialisation partenaire est une plateforme qui a fait l’objet d’une procédure d’immatriculation par l’administration, pour une durée de trois ans renouvelable, dont les conditions sont précisées par voie réglementaire. Seule une plateforme partenaire est habilitée à assurer toutes les fonctionnalité"
docs_specific/cegos_comexa_2026/comexa_points_plus_2026-04-24.pdf,65,/docs_specific/cegos_comexa_2026/comexa_points_plus_2026-04-24.pdf#page=65,© Cegos - Tous droits réservés Cliquer pour retour au sommaire Cliquer pour diapositive suivanteCliquer pour retour diap,"© Cegos - Tous droits réservés Cliquer pour retour au sommaire Cliquer pour diapositive suivanteCliquer pour retour diapositive précédente Cliquer pour retour début de chapitre A- L’association est sans but lucratif non assujettie à la TVA B- L’association est à but lucratif et donc assujettie à la TVA C- L’association est à but non lucratif, ses activités non lucratives restent prépondérantes et elle a un chiffre d’affaires lié à ses activités lucratives ne dépassant pas la franchise des activi"
docs_specific/cegos_comexa_2026/comexa_points_plus_2026-04-24.pdf,66,/docs_specific/cegos_comexa_2026/comexa_points_plus_2026-04-24.pdf#page=66,© Cegos - Tous droits réservés Cliquer pour retour au sommaire Cliquer pour diapositive suivanteCliquer pour retour diap,"© Cegos - Tous droits réservés Cliquer pour retour au sommaire Cliquer pour diapositive suivanteCliquer pour retour diapositive précédente Cliquer pour retour début de chapitre A- Factur-X B- PDF C- CII (Cross Industry Invoice) D- Original papier envoyé par la poste E- UBL (Universal Business Language) 5 - Quel format de facture électronique sera reconnu par l’administration fiscale ? 66 REF-Gr_00055958,1.0,CURRENT, Bon pour publi Pensez aux: particuliers - associations - stes étrangères"
docs_specific/cegos_comexa_2026/comexa_points_plus_2026-04-24.pdf,67,/docs_specific/cegos_comexa_2026/comexa_points_plus_2026-04-24.pdf#page=67,© Cegos - Tous droits réservés Cliquer pour retour au sommaire Cliquer pour diapositive suivanteCliquer pour retour diap,© Cegos - Tous droits réservés Cliquer pour retour au sommaire Cliquer pour diapositive suivanteCliquer pour retour diapositive précédente Cliquer pour retour début de chapitre ATTENTION ▬ La facturation électronique comme on peut l’entendre aujourd’hui sous la forme de PDF ordinaires généré par un logiciel comptable (voire de factures « papier » scannées) puis envoyé par mail ne sera plus conforme à la réglementation. ▬ Seuls les trois formats de factures électroniques suivants seront admis : ►
docs_specific/cegos_comexa_2026/comexa_points_plus_2026-04-24.pdf,68,/docs_specific/cegos_comexa_2026/comexa_points_plus_2026-04-24.pdf#page=68,© Cegos - Tous droits réservés Cliquer pour retour au sommaire Cliquer pour diapositive suivanteCliquer pour retour diap,© Cegos - Tous droits réservés Cliquer pour retour au sommaire Cliquer pour diapositive suivanteCliquer pour retour diapositive précédente Cliquer pour retour début de chapitre A- 1er septembre 2026 pour toutes les entreprises assujetties à la TVA B- 1er septembre 2027 pour les petites et moyennes entreprises (PME) et les micro-entreprises C- 1er juillet 2026 pour les grandes entreprises et les entreprises de taille intermédiaire (ETI) Afin de garantir le passage à la facturation électronique de
docs_specific/cegos_comexa_2026/comexa_points_plus_2026-04-24.pdf,69,/docs_specific/cegos_comexa_2026/comexa_points_plus_2026-04-24.pdf#page=69,© Cegos - Tous droits réservés Cliquer pour retour au sommaire Cliquer pour diapositive suivanteCliquer pour retour diap,"© Cegos - Tous droits réservés Cliquer pour retour au sommaire Cliquer pour diapositive suivanteCliquer pour retour diapositive précédente Cliquer pour retour début de chapitre La loi de finances pour 2023 donne la possibilité d'avoir recours au cachet électronique qualifié afin de sécuriser les factures électroniques. Ce cachet est utilisé par les personnes morales afin de garantir l'authenticité de l'origine, l'intégrité du contenu et la lisibilité de la facture. Il permet d'attester que le cr"
docs_specific/cegos_comexa_2026/comexa_points_plus_2026-04-24.pdf,70,/docs_specific/cegos_comexa_2026/comexa_points_plus_2026-04-24.pdf#page=70,© Cegos - Tous droits réservés Cliquer pour retour au sommaire Cliquer pour diapositive suivanteCliquer pour retour diap,"© Cegos - Tous droits réservés Cliquer pour retour au sommaire Cliquer pour diapositive suivanteCliquer pour retour diapositive précédente Cliquer pour retour début de chapitre A- Le numéro SIREN du client. B- Le RIB de l’acheteur. C- La mention de la catégorie de l'opération faisant l'objet de la facture (vente, prestation de services ou à la fois une vente et une prestation distincte). D- La mention relative à l'option de paiement de la TVA sur les débits le cas échéant. E- L’adresse complète "
docs_specific/cegos_comexa_2026/comexa_points_plus_2026-04-24.pdf,71,/docs_specific/cegos_comexa_2026/comexa_points_plus_2026-04-24.pdf#page=71,© Cegos - Tous droits réservés Cliquer pour retour au sommaire Cliquer pour diapositive suivanteCliquer pour retour diap,"© Cegos - Tous droits réservés Cliquer pour retour au sommaire Cliquer pour diapositive suivanteCliquer pour retour diapositive précédente Cliquer pour retour début de chapitre ATTENTION Pour les opérations avec des entreprises étrangères : ►Les données à transmettre sont identiques à celles transmises dans le cadre de la facturation électronique, à l'exclusion du numéro SIREN de l'entreprise non établie en France. Le numéro de TVA intracommunautaire ou un numéro étranger d'identification rempla"
docs_specific/cegos_comexa_2026/comexa_points_plus_2026-04-24.pdf,72,/docs_specific/cegos_comexa_2026/comexa_points_plus_2026-04-24.pdf#page=72,© Cegos - Tous droits réservés Cliquer pour retour au sommaire Cliquer pour diapositive suivanteCliquer pour retour diap,"© Cegos - Tous droits réservés Cliquer pour retour au sommaire Cliquer pour diapositive suivanteCliquer pour retour diapositive précédente Cliquer pour retour début de chapitre A- Par décade 10 jours après la fin de chaque période. B- Mensuellement au plus tard le 25 du mois suivant. C- Au plus tard le 30 du mois suivant. 9 - Quand déposer mes factures lorsque que je suis au régime réel normal de TVA ? 72 REF-Gr_00055958,1.0,CURRENT, Bon pour publi"
docs_specific/cegos_comexa_2026/comexa_points_plus_2026-04-24.pdf,73,/docs_specific/cegos_comexa_2026/comexa_points_plus_2026-04-24.pdf#page=73,© Cegos - Tous droits réservés Cliquer pour retour au sommaire Cliquer pour diapositive suivanteCliquer pour retour diap,"© Cegos - Tous droits réservés Cliquer pour retour au sommaire Cliquer pour diapositive suivanteCliquer pour retour diapositive précédente Cliquer pour retour début de chapitre ATTENTION 73 REF-Gr_00055958,1.0,CURRENT, Bon pour publi"
docs_specific/cegos_comexa_2026/comexa_points_plus_2026-04-24.pdf,74,/docs_specific/cegos_comexa_2026/comexa_points_plus_2026-04-24.pdf#page=74,© Cegos - Tous droits réservés Cliquer pour retour au sommaire Cliquer pour diapositive suivanteCliquer pour retour diap,"© Cegos - Tous droits réservés Cliquer pour retour au sommaire Cliquer pour diapositive suivanteCliquer pour retour diapositive précédente Cliquer pour retour début de chapitre A- Par décade 10 jours après la fin de chaque période. B- Mensuellement au plus tard le 25 du mois suivant. C- Mensuellement avant le 10 du mois suivant. 10 - Quand déposer mes données de paiements lorsque que je suis au régime réel normal de TVA ? 74 REF-Gr_00055958,1.0,CURRENT, Bon pour publi"
docs_specific/cegos_comexa_2026/comexa_points_plus_2026-04-24.pdf,75,/docs_specific/cegos_comexa_2026/comexa_points_plus_2026-04-24.pdf#page=75,© Cegos - Tous droits réservés Cliquer pour retour au sommaire Cliquer pour diapositive suivanteCliquer pour retour diap,© Cegos - Tous droits réservés Cliquer pour retour au sommaire Cliquer pour diapositive suivanteCliquer pour retour diapositive précédente Cliquer pour retour début de chapitre A- 1er janvier 2024 B- 1er septembre 2026 C- 1er janvier 2027 1. À quelle date la réception des factures électroniques deviendra-t- elle obligatoire pour toutes les entreprises en France ? Réponse : B. La réforme a été décalée : toutes les entreprises devront être en mesure de recevoir des factures électroniques dès le 1e
docs_specific/cegos_comexa_2026/comexa_points_plus_2026-04-24.pdf,76,/docs_specific/cegos_comexa_2026/comexa_points_plus_2026-04-24.pdf#page=76,© Cegos - Tous droits réservés Cliquer pour retour au sommaire Cliquer pour diapositive suivanteCliquer pour retour diap,"© Cegos - Tous droits réservés Cliquer pour retour au sommaire Cliquer pour diapositive suivanteCliquer pour retour diapositive précédente Cliquer pour retour début de chapitre A- C'est la même chose B- Le E-invoicing concerne les transactions entre entreprises (B2B), le E-reporting concerne le détail des ventes (B2C) et les transactions internationales 2. Qu'est-ce que le ""E-invoicing"" par rapport au ""E- reporting"" ? Réponse : B. Le E-invoicing permet de transmettre la facture à l'administratio"
docs_specific/cegos_comexa_2026/comexa_points_plus_2026-04-24.pdf,77,/docs_specific/cegos_comexa_2026/comexa_points_plus_2026-04-24.pdf#page=77,© Cegos - Tous droits réservés Cliquer pour retour au sommaire Cliquer pour diapositive suivanteCliquer pour retour diap,"© Cegos - Tous droits réservés Cliquer pour retour au sommaire Cliquer pour diapositive suivanteCliquer pour retour diapositive précédente Cliquer pour retour début de chapitre A- Oui, tant qu'il est lisible B- Non, il doit obligatoirement contenir des données structurées (format hybride ou XML) 3. Un simple fichier PDF envoyé par email est-il considéré comme une ""facture électronique"" au sens de la nouvelle réforme ? Réponse : B. Un PDF simple (""PDF image"") ne suffit plus. Il faut un format com"
docs_specific/cegos_comexa_2026/comexa_points_plus_2026-04-24.pdf,78,/docs_specific/cegos_comexa_2026/comexa_points_plus_2026-04-24.pdf#page=78,© Cegos - Tous droits réservés Cliquer pour retour au sommaire Cliquer pour diapositive suivanteCliquer pour retour diap,"© Cegos - Tous droits réservés Cliquer pour retour au sommaire Cliquer pour diapositive suivanteCliquer pour retour diapositive précédente Cliquer pour retour début de chapitre A- Chorus Pro (ou le futur Portail Public de Facturation - PPF) B- Une simple boîte mail Outlook dédiée C- Uniquement des clés USB 4. Quelle plateforme centrale sera utilisée pour transmettre les factures à l'administration fiscale ? Réponse : A. Le PPF sera le pivot, mais vous pourrez aussi utiliser une PDP (Plateforme d"
docs_specific/cegos_comexa_2026/comexa_points_plus_2026-04-24.pdf,79,/docs_specific/cegos_comexa_2026/comexa_points_plus_2026-04-24.pdf#page=79,© Cegos - Tous droits réservés Cliquer pour retour au sommaire Cliquer pour diapositive suivanteCliquer pour retour diap,"© Cegos - Tous droits réservés Cliquer pour retour au sommaire Cliquer pour diapositive suivanteCliquer pour retour diapositive précédente Cliquer pour retour début de chapitre A- Utiliser plus de papier pour les archives B- Automatiser le traitement, réduire les délais de paiement et limiter les litiges C- Augmenter le temps de saisie manuelle 5. Quel est le principal avantage de la facturation électronique pour les équipes comptables? Réponse : B. L'automatisation permet de supprimer la saisie"
docs_specific/cegos_comexa_2026/comexa_points_plus_2026-04-24.pdf,80,/docs_specific/cegos_comexa_2026/comexa_points_plus_2026-04-24.pdf#page=80,© Cegos - Tous droits réservés Cliquer pour retour au sommaire Cliquer pour diapositive suivanteCliquer pour retour diap,"© Cegos - Tous droits réservés Cliquer pour retour au sommaire Cliquer pour diapositive suivanteCliquer pour retour diapositive précédente Cliquer pour retour début de chapitre VRAI FAUX 6. La facturation électronique permet une meilleure traçabilité du cycle de vie de la facture. Réponse : VRAI. On peut savoir en temps réel si la facture est ""déposée"" , ""approuvée"" , ""en litige"" ou ""payée"" . 80 REF-Gr_00055958,1.0,CURRENT, Bon pour publi"
docs_specific/cegos_comexa_2026/comexa_points_plus_2026-04-24.pdf,81,/docs_specific/cegos_comexa_2026/comexa_points_plus_2026-04-24.pdf#page=81,© Cegos - Tous droits réservés Cliquer pour retour au sommaire Cliquer pour diapositive suivanteCliquer pour retour diap,© Cegos - Tous droits réservés Cliquer pour retour au sommaire Cliquer pour diapositive suivanteCliquer pour retour diapositive précédente Cliquer pour retour début de chapitre A- Une réduction de l'empreinte carbone de 50% B- Une réduction de l'empreinte carbone de 70% C- Une réduction de l'empreinte carbone de 90% 7- Quel sera l'impact de la facture électronique sur l'environnement par rapport aux trajets de courrier actuels ? Sur la base d’envois « papier » Réponse : Une réduction massive de 
docs_specific/cegos_comexa_2026/comexa_points_plus_2026-04-24.pdf,82,/docs_specific/cegos_comexa_2026/comexa_points_plus_2026-04-24.pdf#page=82,Les acteurs et leurs rôles respectifs (le modèle décentralisé français) Source : 82,Les acteurs et leurs rôles respectifs (le modèle décentralisé français) Source : 82
docs_specific/cegos_comexa_2026/comexa_points_plus_2026-04-24.pdf,83,/docs_specific/cegos_comexa_2026/comexa_points_plus_2026-04-24.pdf#page=83,L’annuaire officiel de la réforme : Clé de Voûte Source : 83,L’annuaire officiel de la réforme : Clé de Voûte Source : 83
docs_specific/cegos_comexa_2026/comexa_points_plus_2026-04-24.pdf,84,/docs_specific/cegos_comexa_2026/comexa_points_plus_2026-04-24.pdf#page=84,Source : De quelles informations va avoir besoin l’annuaire pour router les factures 84,Source : De quelles informations va avoir besoin l’annuaire pour router les factures 84
docs_specific/cegos_comexa_2026/comexa_points_plus_2026-04-24.pdf,85,/docs_specific/cegos_comexa_2026/comexa_points_plus_2026-04-24.pdf#page=85,Vision Aujourd’hui ………Demain Source : Source : 85,Vision Aujourd’hui ………Demain Source : Source : 85
docs_specific/cegos_comexa_2026/comexa_points_plus_2026-04-24.pdf,86,/docs_specific/cegos_comexa_2026/comexa_points_plus_2026-04-24.pdf#page=86,Les formats des lignes d’adressage Source : 86,Les formats des lignes d’adressage Source : 86
docs_specific/cegos_comexa_2026/comexa_points_plus_2026-04-24.pdf,87,/docs_specific/cegos_comexa_2026/comexa_points_plus_2026-04-24.pdf#page=87,Source : L‘annuaire central de l’Etat 87,Source : L‘annuaire central de l’Etat 87
docs_specific/cegos_comexa_2026/comexa_points_plus_2026-04-24.pdf,88,/docs_specific/cegos_comexa_2026/comexa_points_plus_2026-04-24.pdf#page=88,88 Source :,88 Source :
docs_specific/cegos_comexa_2026/comexa_points_plus_2026-04-24.pdf,89,/docs_specific/cegos_comexa_2026/comexa_points_plus_2026-04-24.pdf#page=89,Pourquoi mettre à jour son réfrentiel client dès maintenant? Source : 89,Pourquoi mettre à jour son réfrentiel client dès maintenant? Source : 89
docs_specific/cegos_comexa_2026/comexa_points_plus_2026-04-24.pdf,90,/docs_specific/cegos_comexa_2026/comexa_points_plus_2026-04-24.pdf#page=90,Que faire avec vos fournisseurs? Source : 90,Que faire avec vos fournisseurs? Source : 90
docs_specific/cegos_comexa_2026/comexa_points_plus_2026-04-24.pdf,91,/docs_specific/cegos_comexa_2026/comexa_points_plus_2026-04-24.pdf#page=91,ZOOM SUR PA 91,ZOOM SUR PA 91
docs_specific/cegos_comexa_2026/comexa_points_plus_2026-04-24.pdf,92,/docs_specific/cegos_comexa_2026/comexa_points_plus_2026-04-24.pdf#page=92,92Source :,92Source :
docs_specific/cegos_comexa_2026/comexa_points_plus_2026-04-24.pdf,93,/docs_specific/cegos_comexa_2026/comexa_points_plus_2026-04-24.pdf#page=93,93Source :,93Source :
docs_specific/cegos_comexa_2026/comexa_points_plus_2026-04-24.pdf,94,/docs_specific/cegos_comexa_2026/comexa_points_plus_2026-04-24.pdf#page=94,94Source :,94Source :
docs_specific/cegos_comexa_2026/comexa_points_plus_2026-04-24.pdf,95,/docs_specific/cegos_comexa_2026/comexa_points_plus_2026-04-24.pdf#page=95,95Source :,95Source :
docs_specific/cegos_comexa_2026/comexa_points_plus_2026-04-24.pdf,96,/docs_specific/cegos_comexa_2026/comexa_points_plus_2026-04-24.pdf#page=96,96Source :,96Source :
docs_specific/cegos_comexa_2026/comexa_points_plus_2026-04-24.pdf,97,/docs_specific/cegos_comexa_2026/comexa_points_plus_2026-04-24.pdf#page=97,97Source :,97Source :
docs_specific/cegos_comexa_2026/comexa_points_plus_2026-04-24.pdf,98,/docs_specific/cegos_comexa_2026/comexa_points_plus_2026-04-24.pdf#page=98,98Source :,98Source :
docs_specific/cegos_comexa_2026/comexa_points_plus_2026-04-24.pdf,99,/docs_specific/cegos_comexa_2026/comexa_points_plus_2026-04-24.pdf#page=99,99Source :,99Source :
docs_specific/cegos_comexa_2026/comexa_points_plus_2026-04-24.pdf,100,/docs_specific/cegos_comexa_2026/comexa_points_plus_2026-04-24.pdf#page=100,100Source :,100Source :
docs_specific/cegos_comexa_2026/comexa_points_plus_2026-04-24.pdf,101,/docs_specific/cegos_comexa_2026/comexa_points_plus_2026-04-24.pdf#page=101,101Source :,101Source :
docs_specific/cegos_comexa_2026/comexa_points_plus_2026-04-24.pdf,102,/docs_specific/cegos_comexa_2026/comexa_points_plus_2026-04-24.pdf#page=102,Veille [Vidéo] Facturation électronique : point d’étape de la mise en œuvre de la réforme | economie.gouv.fr 102Source :,Veille [Vidéo] Facturation électronique : point d’étape de la mise en œuvre de la réforme | economie.gouv.fr 102Source : GOUVERNEMENT
docs_specific/cegos_comexa_2026/comexa_points_plus_2026-04-24.pdf,103,/docs_specific/cegos_comexa_2026/comexa_points_plus_2026-04-24.pdf#page=103,103Source : GOUVERNEMENT,103Source : GOUVERNEMENT
docs_specific/cegos_comexa_2026/comexa_points_plus_2026-04-24.pdf,104,/docs_specific/cegos_comexa_2026/comexa_points_plus_2026-04-24.pdf#page=104,Source : GOUVERNEMENT,Source : GOUVERNEMENT
docs_tech/afnor/afnor_xp_z12_012_2025.pdf,1,/docs_tech/afnor/afnor_xp_z12_012_2025.pdf#page=1,"XP Z12-012 MAI 2025 Ce document est à usage exclusif et non collectif des clients AFNOR. Toute mise en réseau, reproduct","XP Z12-012 MAI 2025 Ce document est à usage exclusif et non collectif des clients AFNOR. Toute mise en réseau, reproduction et rediffusion, sous quelque forme que ce soit, même partielle, sont strictement interdites. AFNOR, en tant que titulaire des droits d’auteur ou distributeur autorisé, s’oppose expressément à toute intégration, transmission ou absorption totale ou partielle du présent document par des moteurs ou algorithmes d’Intelligence Artificielle (IA). AFNOR s’oppose également à toute "
docs_tech/afnor/afnor_xp_z12_012_2025.pdf,2,/docs_tech/afnor/afnor_xp_z12_012_2025.pdf#page=2,afnor_xp_z12_012_2025 page 2,
docs_tech/afnor/afnor_xp_z12_012_2025.pdf,3,/docs_tech/afnor/afnor_xp_z12_012_2025.pdf#page=3,"Le cas échéant, seules les formes verbales doit et doivent sont utilisées pour exprimer une ou des exigences qui doivent","Le cas échéant, seules les formes verbales doit et doivent sont utilisées pour exprimer une ou des exigences qui doivent être respectées pour se conformer au présent document. Pour les méthodes d’essai , l’utilisation de l’infinitif correspond à une exigence. Des informations complémentaires sont disponibles sur votre espace client AFNOR (Relati ons avec normes Européennes et internationales, indice de classement, descripteurs, Etc.) Éditée et diffusée par l’!ssociation Française de Normalisatio"
docs_tech/afnor/afnor_xp_z12_012_2025.pdf,4,/docs_tech/afnor/afnor_xp_z12_012_2025.pdf#page=4,XP Z12-012 2 Sommaire Avant-propos......................................................................................,XP Z12-012 2 Sommaire Avant-propos.......................................................................................................................................................................... 3 Introduction ........................................................................................................................................................................... 4 1 Domaine d'application .......................................... .......................................
docs_tech/afnor/afnor_xp_z12_012_2025.pdf,5,/docs_tech/afnor/afnor_xp_z12_012_2025.pdf#page=5,XP Z12-012 3 Avant-propos Le présent document est destiné à tous les organismes qui souhaitent échanger des factures éle,"XP Z12-012 3 Avant-propos Le présent document est destiné à tous les organismes qui souhaitent échanger des factures électroniques dans le contexte de la réglementation française (Réforme de la Facture Électronique telle que décrite aux article 289, 289BIS, 290 et 290A du Code Générale des Impôts), mais aussi plus largement dans le respect des dispositions de la Directive 2006-112-CE, modifiée par le Directive UE 2025/516 dite ViDA (VAT in the Digital Age). Il est le résultat de différents group"
docs_tech/afnor/afnor_xp_z12_012_2025.pdf,6,/docs_tech/afnor/afnor_xp_z12_012_2025.pdf#page=6,"XP Z12-012 4 Introduction Dans le cadre de la Réforme Facture Électronique en France, régie par les articles 289bis, 290","XP Z12-012 4 Introduction Dans le cadre de la Réforme Facture Électronique en France, régie par les articles 289bis, 290, 290 A du Code Général des Impôts, applicable à compter de septembre 2026, la Commission AFNOR Facture Électroni que s’est constituée pour prendre en charge la description des formats et profils de facture et de statuts de cycle de vie constitutifs du socle minimum que les Plateformes de Dématérialisation Partenair es (PDP) devront supporter, permettant à toute entité soumise "
docs_tech/afnor/afnor_xp_z12_012_2025.pdf,7,/docs_tech/afnor/afnor_xp_z12_012_2025.pdf#page=7,XP Z12-012 5 1 Domaine d'application Le présent document vise à décrire les formats et profils des messages Facture et S,"XP Z12-012 5 1 Domaine d'application Le présent document vise à décrire les formats et profils des messages Facture et Statuts de Cycle de vie appliqués aux échanges de factures électroniques, constitutifs du socle minimal de la réfor me Facture Électronique en France. Il décrit ainsi ce que les entités soumises à la réforme doivent respecter s’agiss ant des factures électroniques et des statuts de cycle de vie, ainsi que les contrôles et transformations que les PDP doivent appliquer pour respec"
docs_tech/afnor/afnor_xp_z12_012_2025.pdf,8,/docs_tech/afnor/afnor_xp_z12_012_2025.pdf#page=8,XP Z12-012 6 3.2 CIUS « Core Invoice Usage Spécifiation » . Spécification d‘usage du message électro nique de facture 3.,"XP Z12-012 6 3.2 CIUS « Core Invoice Usage Spécifiation » . Spécification d‘usage du message électro nique de facture 3.3 Concentrateur des Données Service du PPF en charge de la concentration des données de e-invoicing (factures B2B do mestique et cycle de vie de ces factures) et de e-reporting (données de factures, transactions et de paiement hors e-i nvoicing), à destination de l’Administration fiscale/ 3.4 « e-invoicing » Désigne le périmètre de la Réforme Facture Électronique relatif aux éc"
docs_tech/afnor/afnor_xp_z12_012_2025.pdf,9,/docs_tech/afnor/afnor_xp_z12_012_2025.pdf#page=9,XP Z12-012 7 ⎯ Flux 6 : correspond au message de statuts de cycle de vie relatif aux échanges de fac tures électroniques,"XP Z12-012 7 ⎯ Flux 6 : correspond au message de statuts de cycle de vie relatif aux échanges de fac tures électroniques, implémenté en UN/CFACT CII. ⎯ Flux 8 : correspond au message facture échangé entre une entité soumise à la réforme et une ent ité internationale conforme aux dispositions du présent document. ⎯ Flux 9 : correspond au message facture échangé entre une entité soumise à la réforme un non assujetti établi en France (principalement un Particulier), conforme aux dispositions du pré"
docs_tech/afnor/afnor_xp_z12_012_2025.pdf,10,/docs_tech/afnor/afnor_xp_z12_012_2025.pdf#page=10,"XP Z12-012 8 3.12 PPF Portail Public de Facturation, plateforme de l’administration proposant les services d’Annuaire de","XP Z12-012 8 3.12 PPF Portail Public de Facturation, plateforme de l’administration proposant les services d’Annuaire des destinataires et de Concentrateur de Données 4 Formats et profils de facture électronique du socle minimum 4.1 Norme Sémantique Européenne EN16931 La Norme Sémantique Européenne a été construite comme une norme de données essentielles de f acture. L’objectif était de rendre obligatoire la réception de factures électroniques structurées implémentant cette norme dans les syntax"
docs_tech/afnor/afnor_xp_z12_012_2025.pdf,11,/docs_tech/afnor/afnor_xp_z12_012_2025.pdf#page=11,"XP Z12-012 9 Ces profils sémantiques décrivent donc chacun un arbre de données, en le parcourant branche par branche , s","XP Z12-012 9 Ces profils sémantiques décrivent donc chacun un arbre de données, en le parcourant branche par branche , sous-branche par sous-branche jusqu’à atteindre les feuilles qui sont les données/ Le parcours est guidé par l’indication d’un niveau dans la structure (1 ou N1 : premiers embranchements, 2 ou N2 : seconds embranchements, etc 0)/ A chaque branche et feuille est associée une cardinalité qui indique si la présence est facultative ou obligatoire, et si elle est répétable. La codifi"
docs_tech/afnor/afnor_xp_z12_012_2025.pdf,12,/docs_tech/afnor/afnor_xp_z12_012_2025.pdf#page=12,XP Z12-012 10 Structure de la Norme Sémantique EN16931 AFNOR (anatole.bouvierdyvoire@afnor.org) Pour : anatole.bouvierdy,XP Z12-012 10 Structure de la Norme Sémantique EN16931 AFNOR (anatole.bouvierdyvoire@afnor.org) Pour : anatole.bouvierdyvoire@afnor.org XP Z12-0122025-05
docs_tech/afnor/afnor_xp_z12_012_2025.pdf,13,/docs_tech/afnor/afnor_xp_z12_012_2025.pdf#page=13,XP Z12-012 11 Structure sémantique du profil EXTENDED-CTC-FR AFNOR (anatole.bouvierdyvoire@afnor.org) Pour : anatole.bou,XP Z12-012 11 Structure sémantique du profil EXTENDED-CTC-FR AFNOR (anatole.bouvierdyvoire@afnor.org) Pour : anatole.bouvierdyvoire@afnor.org XP Z12-0122025-05
docs_tech/afnor/afnor_xp_z12_012_2025.pdf,14,/docs_tech/afnor/afnor_xp_z12_012_2025.pdf#page=14,XP Z12-012 12 4.2 Implémentations des 2 profils EN16931 et EXTENDED-CTC-FR La Norme EN16931 est une description sémantiq,XP Z12-012 12 4.2 Implémentations des 2 profils EN16931 et EXTENDED-CTC-FR La Norme EN16931 est une description sémantique/ Il convient alors de l’implémenter dans un form at informatique exploitable automatiquement. Les syntaxes choisies sont les deux syntaxes XML retenues pour l’implémentation de la norme EN16931 pour le secteur public en UE : XML UBL et XML UN/CEFACT CII. Une autre implémentation a été documentée avec le format mixte Factur-X qui se présente sous la forme d’une représentation
docs_tech/afnor/afnor_xp_z12_012_2025.pdf,15,/docs_tech/afnor/afnor_xp_z12_012_2025.pdf#page=15,XP Z12-012 13 La conséquence est que l’implémentation des 2 profils EN16931 et EXTENDED -CTC-FR en UBL et en UN/CEFACT C,"XP Z12-012 13 La conséquence est que l’implémentation des 2 profils EN16931 et EXTENDED -CTC-FR en UBL et en UN/CEFACT CII est le résultat d’un mapping devant faire face à certains écarts sémantiques/ C’est pourquoi la correspondance d’un XPATH à chaque donnée du modèle sémantique n’est pas suffisante pour déc rire l’implémentation en XML/ Il est donc aussi nécessaire de décrire l’implémentat ion des 2 profils dans chacune des deux syntaxes, et de surcroît par profil, puisque la structure des do"
docs_tech/afnor/afnor_xp_z12_012_2025.pdf,16,/docs_tech/afnor/afnor_xp_z12_012_2025.pdf#page=16,"XP Z12-012 14 • UNE ADRESSE ÉLECTRONIQUE NORMALISÉE, qui pour le destinataire (l’ACHETEUR en général) est l’adresse élec","XP Z12-012 14 • UNE ADRESSE ÉLECTRONIQUE NORMALISÉE, qui pour le destinataire (l’ACHETEUR en général) est l’adresse électronique à laquelle il souhaite recevoir sa facture (adresse sous la forme SIREN_ XXX référencée dans l’Annuaire PPF)/ Pour l’émetteur (le VENDEUR en général), c’est l’adresse électronique à laquelle il souhaite recevoir ses statuts de cycle de vie. Il existe ensuite de nombreuses références, de niveau document, qui permettent de faire face déjà à un grand nombre de situations "
docs_tech/afnor/afnor_xp_z12_012_2025.pdf,17,/docs_tech/afnor/afnor_xp_z12_012_2025.pdf#page=17,"XP Z12-012 15 • Date d’échéance (BT -9), sachant qu’il est aussi possible de donner des informations relatives aux condi","XP Z12-012 15 • Date d’échéance (BT -9), sachant qu’il est aussi possible de donner des informations relatives aux conditions de paiement en BT-20, via un texte libre qui peut donc contenir par exemple « Paiement 30 jours net ». • Date d’exigibilité de la TVA (BT-7), qui n’est pas utilisée comme ceci en France, mais sous la forme d’un évènement en BT-8, pour indiquer si la TVA est exigible à la date de facture ou la date de livraison (TVA au débit) ou bien à la date de paiement (TVA à l’encaisse"
docs_tech/afnor/afnor_xp_z12_012_2025.pdf,18,/docs_tech/afnor/afnor_xp_z12_012_2025.pdf#page=18,"XP Z12-012 16 • Remises et charges de lignes qui sont 2 blocs distincts, répétables et constitués chacun : ✓ Du montant ","XP Z12-012 16 • Remises et charges de lignes qui sont 2 blocs distincts, répétables et constitués chacun : ✓ Du montant de la Remise / Charge (BT-136 / BT-141) ✓ D’une assiette (base) et d‘un taux, donnée facultative ✓ D’un motif en code ou en texte, l’un des deux étant obligatoire/ • D’un montant total HT de ligne (BT -131) • D’un code TVA et taux/ La TVA est en effet encodée avec un code de catégorie (Stand ard, Exemption, Autoliquidation, 0 cf chapitre dédié ci -dessous), et d‘un taux en pour"
docs_tech/afnor/afnor_xp_z12_012_2025.pdf,19,/docs_tech/afnor/afnor_xp_z12_012_2025.pdf#page=19,"XP Z12-012 17 La seule obligation sera pour les PDP et les solutions de validation de conformité de facture, de bien uti","XP Z12-012 17 La seule obligation sera pour les PDP et les solutions de validation de conformité de facture, de bien utiliser la dernière version des outils de validation publiée. Ce profil EXTENDED-CTC-FR a ajouté quelques nouveaux acteurs qui jouent un rôle dan s la transaction commerciale et le traitement des factures, ce qui rend parfois nécessaire leur désignation dans les factures. Il s’agit de : • L’AGENT d’ACHETEUR (EXT-FR-FE-BG-01), qui peu agir pour le compte de l’ACHETEUR, souvent dan"
docs_tech/afnor/afnor_xp_z12_012_2025.pdf,20,/docs_tech/afnor/afnor_xp_z12_012_2025.pdf#page=20,XP Z12-012 18 L’autre ajout de ce profil est la modification de certaines règles de gestion • pour permettre une toléran,"XP Z12-012 18 L’autre ajout de ce profil est la modification de certaines règles de gestion • pour permettre une tolérance de 0,01 centime par ligne ou remise ou charge de niveau Document dans les calculs de sommes en pied de facture ou en pied de TVA. • Pour permettre une facture qui ait des lignes hors scope (Catégorie TVA = O) et d’autres lignes (ce que la Norme EN16931 interdit pour l’instant)/ 4.3.3 Évolution de la Norme Dans le cadre des travaux européens du CEN TC434, la Norme EN16931 va "
docs_tech/afnor/afnor_xp_z12_012_2025.pdf,21,/docs_tech/afnor/afnor_xp_z12_012_2025.pdf#page=21,XP Z12-012 19 • Identifiant (Identifier) : il s’agit d’un type potentiellement composé de 3 champs texte (décrits dans l,"XP Z12-012 19 • Identifiant (Identifier) : il s’agit d’un type potentiellement composé de 3 champs texte (décrits dans la documentation détaillée) : ✓ La valeur de l’identifiant (texte)/ Par exemple FR13456789321 pour un n° de TVA intracommunautaire ✓ Un Schéma d’identification (Scheme Identifier), donnée obligatoire si plusieurs Schém as d’Identification sont possibles permettant de qualifier le référentiel de l’identifiant/ Par exemple, le qualifiant « VA ¬ permet de préciser que l’identifiant"
docs_tech/afnor/afnor_xp_z12_012_2025.pdf,22,/docs_tech/afnor/afnor_xp_z12_012_2025.pdf#page=22,XP Z12-012 20 4.4.3 Gestion des Notes Un certain nombre de mentions obligatoires ou conditionnellement obligatoires n’on,"XP Z12-012 20 4.4.3 Gestion des Notes Un certain nombre de mentions obligatoires ou conditionnellement obligatoires n’ont pas d’ex istence propre dans le modèle EN16931 et sont alors codifiées au travers d’une Note (texte en BT -22), avec un code sujet dédié (en BT-21). Les règles BR-FR-05, BR-FR-06, BR-FR-07 indiquent la codification attendue. Parmi l’ensemble des codes sujets, la lis te ci-dessous détaillent ceux à utiliser en fonction des sujets les plus courants : • AAB . Mention d’escompte/"
docs_tech/afnor/afnor_xp_z12_012_2025.pdf,23,/docs_tech/afnor/afnor_xp_z12_012_2025.pdf#page=23,XP Z12-012 21 4.4.5 Règle de calcul La règle de calcul des factures (hors factures B2C dans lesquelles le Prix Unitaire ,"XP Z12-012 21 4.4.5 Règle de calcul La règle de calcul des factures (hors factures B2C dans lesquelles le Prix Unitaire est souvent indiqué en TTC) est la suivante : • Au niveau de chaque ligne, le montant net de ligne (BT-131) est égal : ✓ au prix unitaire (positif, BT-146), le cas échéant divisé par la quantité de base du prix BT-149 qui indique la quantité de chaque lot de produit vendu, multiplié par la quantité facturée (positive ou négative, BT-129), arrondi à 2 décimales. ✓ diminué des mo"
docs_tech/afnor/afnor_xp_z12_012_2025.pdf,24,/docs_tech/afnor/afnor_xp_z12_012_2025.pdf#page=24,XP Z12-012 22 4.4.6 Règle d’arrondi dans les calculs Les règles de calcul d’une facture nécessitent un calcul d’arrondi ,"XP Z12-012 22 4.4.6 Règle d’arrondi dans les calculs Les règles de calcul d’une facture nécessitent un calcul d’arrondi à certaines étapes (dès qu’il y a multiplication ou division)/ La méthode d’arrondi est celle de la valeur la plus proche, avec la règle pour la détermination de la fraction résiduelle à 0,5 suivante : • Pour les nombres positifs : arrondi à la valeur supérieure. Par exemple, 13,455 arrondi à 2 chiffr es donne 13,46. • Pour les nombres négatifs . arrondi à la valeur inférieure "
docs_tech/afnor/afnor_xp_z12_012_2025.pdf,25,/docs_tech/afnor/afnor_xp_z12_012_2025.pdf#page=25,XP Z12-012 23 • La taxe n’est pas sou mise à la TVA ou est soumise à un taux de TVA différent de celui du bien ou servic,"XP Z12-012 23 • La taxe n’est pas sou mise à la TVA ou est soumise à un taux de TVA différent de celui du bien ou service auquel elle se réfère : dans ce cas, la taxe est codifiée comme une ligne de service additionnelle. De même, lorsqu’une taxe s’applique à l’ensemble de la facture (au nivea u document), elle peut être traitée comme une charge au niveau document, pour laquelle on peut indiquer une raison (BT-104) ou un code de raison (BT-105), puis définir la TVA qui s’applique (ou pas) en BT-"
docs_tech/afnor/afnor_xp_z12_012_2025.pdf,26,/docs_tech/afnor/afnor_xp_z12_012_2025.pdf#page=26,XP Z12-012 24 Ces règles de gestion sont de 2 types : • Des règles de gestion qui sont constitutives de contrôles additi,"XP Z12-012 24 Ces règles de gestion sont de 2 types : • Des règles de gestion qui sont constitutives de contrôles additionnels à opérer, sur le contenu des factures et parfois avec des référentiels externes (par exemple l’existence de SIREN ACHETEUR ou VENDEUR dans l’Annuaire PPF)/ On parle alors de contrôle métier/ • Des règles de mapping entre les données des factures et les fichiers attendus par l’Administr ation fiscale. Ces règles sont décrites dans l’annexe excel, et en particulier affecté"
docs_tech/afnor/afnor_xp_z12_012_2025.pdf,27,/docs_tech/afnor/afnor_xp_z12_012_2025.pdf#page=27,"XP Z12-012 25 CODE BR Titre Description S'applique à BR-FR-06 Note Parmi les notes (BG-3), les codes sujets (BT-21) PMD,","XP Z12-012 25 CODE BR Titre Description S'applique à BR-FR-06 Note Parmi les notes (BG-3), les codes sujets (BT-21) PMD, PMT, AAB et TXD ne DOIVENT être présents qu'UNE SEULE FOIS CHACUN BT-22, BT-21 BR-FR-07 Note Pour signifier les informations ci-dessous dans des notes (BT-22) les codes sujets correspondants (BT-21) doivent être les suivants : - ACC : Clause de subrogation factoring - AAI : Information générale : des éléments en général en fond de page des factures papier - SUR : Remarques fou"
docs_tech/afnor/afnor_xp_z12_012_2025.pdf,28,/docs_tech/afnor/afnor_xp_z12_012_2025.pdf#page=28,XP Z12-012 26 CODE BR Titre Description S'applique à BR-FR-12 Adresse électronique de l'acheteur Dès lors que la facture,"XP Z12-012 26 CODE BR Titre Description S'applique à BR-FR-12 Adresse électronique de l'acheteur Dès lors que la facture électronique doit être transmise et attend des statuts de cycle de vie en retour, l'adresse électronique de l'Acheteur (BT-49) est OBLIGATOIRE. C'est l'adresse électronique à laquelle la facture est transmise (hors autofactures), ainsi que les statuts de cycle de vie à destination de l'Acheteur. Pour les factures hors autofacturation relevant du périmètre ""e-invoicing"", cette "
docs_tech/afnor/afnor_xp_z12_012_2025.pdf,29,/docs_tech/afnor/afnor_xp_z12_012_2025.pdf#page=29,XP Z12-012 27 CODE BR Titre Description S'applique à BR-FR-16 Taux de TVA autorisé Le taux de la TVA applicable est conf,"XP Z12-012 27 CODE BR Titre Description S'applique à BR-FR-16 Taux de TVA autorisé Le taux de la TVA applicable est conforme à la liste suivante : Taux 0, 0.0, 0.00 10, 10.0, 10.00 13, 13.0, 13.00 20, 20.0, 20.00 8.5, 8.50 19.6, 19.60 2.1, 2.10 5.5, 5.50 7, 7.0, 7.00 20.6, 20.60 1.05 0.9, 0.90 1.75 9.2, 9.20 9.6, 9.60 Le taux est exprimé en pourcentage et non en coefficient (exemple : 20). Le symbole « % ¬ n’est pas à indiquer. Le séparateur (« . ») n'est pas comptabilisé dans les 5 caractères. "
docs_tech/afnor/afnor_xp_z12_012_2025.pdf,30,/docs_tech/afnor/afnor_xp_z12_012_2025.pdf#page=30,XP Z12-012 28 CODE BR Titre Description S'applique à BR-FR-CO-02 Unicité de la facture L'identifiant unique de facture d,XP Z12-012 28 CODE BR Titre Description S'applique à BR-FR-CO-02 Unicité de la facture L'identifiant unique de facture doit être composé des éléments suivants: - Numéro de facture (BT-1) - Année de production de la facture (Issue de la date d'émission de la facture (BT-2)) - Identifiant légal du Vendeur : numéro SIREN (BT-30) L’unicité de la facture vise à éviter les erreurs de fact uration (double facturation notamment). Une facture présentant des informations similaires cumulativement sur ces 
docs_tech/afnor/afnor_xp_z12_012_2025.pdf,31,/docs_tech/afnor/afnor_xp_z12_012_2025.pdf#page=31,XP Z12-012 29 CODE BR Titre Description S'applique à BR-FR-CO-07 Date de versement de l'acompte La Date d'échéance (BT-9,"XP Z12-012 29 CODE BR Titre Description S'applique à BR-FR-CO-07 Date de versement de l'acompte La Date d'échéance (BT-9), si présente, DOIT être postérieure ou égale à la Date de facture (BT-2), SAUF SI la facture est de type acompte (BT-3) : - Facture d'acompte (386) - Facture d’acompte auto -facturé (500) (*) - Avoir de facture d'acompte (503) (*) OU SAUF SI le Cadre de facturation (BT-23) est égal à : - B2 : Dépôt d'une facture de bien déjà payée - S2 : Dépôt d'une facture de prestation de s"
docs_tech/afnor/afnor_xp_z12_012_2025.pdf,32,/docs_tech/afnor/afnor_xp_z12_012_2025.pdf#page=32,XP Z12-012 30 CODE BR Titre Description S'applique à BR-FR-CO-16 Franchise en base Les factures en franchise en base de ,"XP Z12-012 30 CODE BR Titre Description S'applique à BR-FR-CO-16 Franchise en base Les factures en franchise en base de TVA comportent un bloc de détail TVA avec une BT-118 = ""E"" ET une raison d'exemption en CODE BT-121 = ""VATEX-FR- FRANCHISE"". Si le Vendeur n'a pas de n° de TVA, il doit répéter son n° de SIREN en BT-32 BT-118, BT-121, BT-120 BR-FR-CO-17 Date de Livraison Donnée à fournir dans la mesure où elle est déterminée et différente de la date d'émission de la facture (art. 242 nonies A 1"
docs_tech/afnor/afnor_xp_z12_012_2025.pdf,33,/docs_tech/afnor/afnor_xp_z12_012_2025.pdf#page=33,XP Z12-012 31 CODE BR Titre Description S'applique à BR-FR-MAP-02 Codestypes documents Si le codetype de la facture (BT-,"XP Z12-012 31 CODE BR Titre Description S'applique à BR-FR-MAP-02 Codestypes documents Si le codetype de la facture (BT-3) est égal à 262 (Avoir pour Remise Globale), alors : Pour le flux 1 : - le codetype de la facture (BT-3 = 262) DOIT être mappé en 381 dans le flux 1 (BT-3) - le numéro de Contrat (BT-12) de la facture doit être mappé dans la Référence à une facture antérieure (BT-25) du Flux 1, et la Date de début de période de facturation (BT-73) DOIT être mappée dans la Date de facture anté"
docs_tech/afnor/afnor_xp_z12_012_2025.pdf,34,/docs_tech/afnor/afnor_xp_z12_012_2025.pdf#page=34,"XP Z12-012 32 CODE BR Titre Description S'applique à BR-FR-MAP-11 Adresse de Livraison Si EXT-FR-FE-157 est présent, il ","XP Z12-012 32 CODE BR Titre Description S'applique à BR-FR-MAP-11 Adresse de Livraison Si EXT-FR-FE-157 est présent, il y a une Adresse de Livraison en ligne et il faut renseigner tous les champs présents du groupe Adresse de Livraison (EXT-FR-FE-BG-10) sauf l'identifiant global du lieu (EXT-FR-FE-146, EXT- FR-FE-148) en flux 1 ou 10.1, et en cas d'absence de la Ligne 1 (EXT-FR-FE- 151), du Code postal (EXT-FR-FE-154) ou Localité (EXT-FR-FE-155), fournir la donnée ""-"" à la place. EXT-FR-FE-BG-10"
docs_tech/afnor/afnor_xp_z12_012_2025.pdf,35,/docs_tech/afnor/afnor_xp_z12_012_2025.pdf#page=35,"XP Z12-012 33 CODE BR Titre Description S'applique à - ""0227"" --> HORS_UE (dont Wallis et Futuna) (correspond au code Pa","XP Z12-012 33 CODE BR Titre Description S'applique à - ""0227"" --> HORS_UE (dont Wallis et Futuna) (correspond au code Pays et aux 16 premiers caractères de la raison sociale) sur 18 caractères - ""0228"" --> RIDET sur 9 ou 10 caractères - ""0229"" --> TAHITI sur 9 caractères BR-FR-MAP-17 TRONQUER A 255 Caractères Tronquer à 255 caractères à gauche BT-75, BT-76, BT-165, BT- 77, BT-79, EXT-FR-FE-151, EXT-FR-FE-152, EXT-FR-FE- 153, EXT-FR-FE-154, EXT- FR-FE-156, BT-153 BR-FR-MAP-18 TRONQUER A 1024 Cara"
docs_tech/afnor/afnor_xp_z12_012_2025.pdf,36,/docs_tech/afnor/afnor_xp_z12_012_2025.pdf#page=36,"XP Z12-012 34 Nom de la feuille Description Flux 2 UBL EXT-CTC-FR Description du format de Facture en UBL, pour le profi","XP Z12-012 34 Nom de la feuille Description Flux 2 UBL EXT-CTC-FR Description du format de Facture en UBL, pour le profil EXTENDED-CTC-FR. Il s'agit de l'implémentation syntaxique du profil Sémantique EN16931, avec prise en compte des règles de gestion spécifiques France CII D22B & FX EN16931 FR Description du format de Facture en UN/CEFACT CII D22B, pour le profil EN16931 (et donc aussi Factur-X EN16931). Il s'agit de l'implémentation syntaxique de la Norme EN16931, avec prise en compte des règ"
docs_tech/afnor/afnor_xp_z12_012_2025.pdf,37,/docs_tech/afnor/afnor_xp_z12_012_2025.pdf#page=37,"XP Z12-012 35 • N et O . longueur de champs telle qu’exigée pour le flux 1, et pour les flux 2, 8 et 9 c’est-à-dire la f","XP Z12-012 35 • N et O . longueur de champs telle qu’exigée pour le flux 1, et pour les flux 2, 8 et 9 c’est-à-dire la facture objet du présent document. • P : liste de code à utiliser quand le champ doit trouver sa valeur dans une liste. • Q . indication d’implémentation • R et S . description et note d’usage du champ (repris de EN16931) • T : règle de gestion des flux 1 et 10.1 applicable • U à Z : Règles de gestion spécifiques France applicables aux factures dans les formats du socle minimum "
docs_tech/afnor/afnor_xp_z12_012_2025.pdf,38,/docs_tech/afnor/afnor_xp_z12_012_2025.pdf#page=38,"XP Z12-012 36 4.6.3 Feuille « BR EN16931 + EXT FR et FX » Cette feuille présente les règles de la Norme EN16931, et les ","XP Z12-012 36 4.6.3 Feuille « BR EN16931 + EXT FR et FX » Cette feuille présente les règles de la Norme EN16931, et les règles des profils EXTENDED-CTC -FR et EXTENDED de Factur-x qui remplacent certaines des règles de de la Norme sur ces profils. Pour chaque règle, il est précisé sur quel(s) profil(s) elle s’applique (y compris les profil s de Factur -x MINIMUM, BASIC WL, BASIC et EXTENDED). Les Factures doivent donc d’abord être conformes à ces ensembles de règles, puis en com plément, aux règ"
docs_tech/afnor/afnor_xp_z12_012_2025.pdf,39,/docs_tech/afnor/afnor_xp_z12_012_2025.pdf#page=39,"XP Z12-012 37 ✓ Les règles BR-CO-10, 11, 12, 13 et 15 sont remplacées par des règles BR-FREXT-CO-10, 11, 12, 13 et 15 po","XP Z12-012 37 ✓ Les règles BR-CO-10, 11, 12, 13 et 15 sont remplacées par des règles BR-FREXT-CO-10, 11, 12, 13 et 15 pour le profil EXTENDED-CTC-FR et BR-FXEXT-CO-10, 11, 12, 13 et 15 pour le profil EXTENDED de Factur-X (tolérance de calculs de sommes). 4.6.4 Feuille « Codelists for XML Fx - 15 05 25 » Cette feuille donne les différentes listes de codes applicables à compter du 15 mai 2025, y com pris celles qui s’appliquent sur certains champs d’extension essentiellement sur données du profil "
docs_tech/afnor/afnor_xp_z12_012_2025.pdf,40,/docs_tech/afnor/afnor_xp_z12_012_2025.pdf#page=40,XP Z12-012 38 ✓ Colonne AG : nom du terme du champ de la Norme. ✓ Colonne AH : description de la donnée (Norme EN16931).,"XP Z12-012 38 ✓ Colonne AG : nom du terme du champ de la Norme. ✓ Colonne AH : description de la donnée (Norme EN16931). ✓ Colonne AI . Note d’usage de la donnée (Norme EN16931). ✓ Colonne AJ : règles de CIUS ChorusPro (pour rappel, et info). ✓ Colonne AK : règles de la Norme EN16931 applicable, ainsi que quelques règles PEPPOLBI S 3.0, pour info. ✓ Colonne AL : type de la donnée. ✓ Colonne AM : cardinalité du modèle UBL du profil EN16931 (source de la colonne G pour le profil EN16931). ✓ Colonn"
docs_tech/afnor/afnor_xp_z12_012_2025.pdf,41,/docs_tech/afnor/afnor_xp_z12_012_2025.pdf#page=41,XP Z12-012 39 AFNOR (anatole.bouvierdyvoire@afnor.org) Pour : anatole.bouvierdyvoire@afnor.org XP Z12-0122025-05,XP Z12-012 39 AFNOR (anatole.bouvierdyvoire@afnor.org) Pour : anatole.bouvierdyvoire@afnor.org XP Z12-0122025-05
docs_tech/afnor/afnor_xp_z12_012_2025.pdf,42,/docs_tech/afnor/afnor_xp_z12_012_2025.pdf#page=42,XP Z12-012 40 AFNOR (anatole.bouvierdyvoire@afnor.org) Pour : anatole.bouvierdyvoire@afnor.org XP Z12-0122025-05,XP Z12-012 40 AFNOR (anatole.bouvierdyvoire@afnor.org) Pour : anatole.bouvierdyvoire@afnor.org XP Z12-0122025-05
docs_tech/afnor/afnor_xp_z12_012_2025.pdf,43,/docs_tech/afnor/afnor_xp_z12_012_2025.pdf#page=43,"XP Z12-012 41 Ce qui donne la structure suivante, plus arborescente que la Norme EN16931 et l’UBL : • rsm:ExchangedDocum","XP Z12-012 41 Ce qui donne la structure suivante, plus arborescente que la Norme EN16931 et l’UBL : • rsm:ExchangedDocumentContext : Bloc d’identification (Contexte) du message, qui contient les informations définissant le processus sous-jacent (BT-23), puis le profil du message (BT-24), par exemple urn:cen.eu:en16931:2017 pour le profil EN16931 • rsm:ExchangedDocument : Bloc d’entête du message, qui contient des informations sur le message lui-même avec le Numéro de facture (BT-1), puis son cod"
docs_tech/afnor/afnor_xp_z12_012_2025.pdf,44,/docs_tech/afnor/afnor_xp_z12_012_2025.pdf#page=44,XP Z12-012 42 • Colonnes AG à AU : description du mapping UN/CEFACT CII : ✓ Colonne AG : nom du terme du champ de la Nor,"XP Z12-012 42 • Colonnes AG à AU : description du mapping UN/CEFACT CII : ✓ Colonne AG : nom du terme du champ de la Norme. ✓ Colonne AH : description de la donnée (Norme EN16931). ✓ Colonne AI . Note d’usage de la donnée (Norme EN16931)/ ✓ Colonne AJ : règles de CIUS ChorusPro (pour rappel, et info). ✓ Colonne AK : règles de la Norme EN16931 applicable, ainsi que quelques règles PEPPOLBI S 3.0, pour info. ✓ Colonne AL : type de la donnée. ✓ Colonne AM : cardinalité du modèle UN/CEFACT CII des p"
docs_tech/afnor/afnor_xp_z12_012_2025.pdf,45,/docs_tech/afnor/afnor_xp_z12_012_2025.pdf#page=45,XP Z12-012 43 • Feuille « Flux 1 UBL » : la description du Flux 1 en UBL faite à partir du filtrage de la feuille « CII ,"XP Z12-012 43 • Feuille « Flux 1 UBL » : la description du Flux 1 en UBL faite à partir du filtrage de la feuille « CII D22B & FX EXT-CTC-FR » sur les données Flux 1 CIBLE (colonne AE), à laquelle les charge s de niveau Document ont été ajoutés (car ils le seront). • Feuille « Flux 1 CII » : la description du Flux 1 en UN/CEFACT faite à partir du filtrage de la feuille « Flux 2 UBL EXT-CTC-FR » sur les données Flux 1 CIBLE (colonne AF), à laquelle les charges de niveau Document ont été ajoutés ("
docs_tech/afnor/afnor_xp_z12_012_2025.pdf,46,/docs_tech/afnor/afnor_xp_z12_012_2025.pdf#page=46,XP Z12-012 44 Les messages de statuts de cycles de vie ont vocation à être utilisés pour trois fonction distinctes : • I,"XP Z12-012 44 Les messages de statuts de cycles de vie ont vocation à être utilisés pour trois fonction distinctes : • Informer sur le statut de transmission et de traitement, en indiquant le cas échéant des err eurs constatées et des actions attendues. • Agir sur le proces sus ou cas d’usage en indiquant des changements de situation, par exemple l’affacturage d’une facture, la nécessité de payer sur un autre compte bancaire que celui indiqué dans la facture, le cas échéant fournir une informati"
docs_tech/afnor/afnor_xp_z12_012_2025.pdf,47,/docs_tech/afnor/afnor_xp_z12_012_2025.pdf#page=47,"XP Z12-012 45 Sa structure se présente donc de la façon suivante : • Un bloc d’entête « Exhange Document Context », qui ","XP Z12-012 45 Sa structure se présente donc de la façon suivante : • Un bloc d’entête « Exhange Document Context », qui contient le profil du message CDAR. • Un bloc d’entête « Exchange Document », identifiant essentiellement les Parties : qui crée, qui transmet, pour qui est-ce destiné ? • Un bloc « Aknowledgement », obligatoire et répétable (cardinalité 0//n), mais qui ne sera utilisé qu’une fois seulement par message CDAR. Ce bloc contient lui-même un bloc « Document » (ci-dessous), obligatoi"
docs_tech/afnor/afnor_xp_z12_012_2025.pdf,48,/docs_tech/afnor/afnor_xp_z12_012_2025.pdf#page=48,XP Z12-012 46 • MDT-5 (Name) : un nom de message. • MDG-4 (IssueDateTime) : une date et heure de création du message de ,"XP Z12-012 46 • MDT-5 (Name) : un nom de message. • MDG-4 (IssueDateTime) : une date et heure de création du message de cycle de vie. • MDT-9 (LanguageID) : une langue du message (français ou anglais). • MDG-9 (SenderTradeParty) : une Partie en charge de la transmission du message (« Sender ») : dans notre contexte : ▪ Pour la phase de transmission, il s’agit des PDP, qui ne seront qualifiés que par le code rôle (« WK ») en MDT-21. ▪ Pour la phase de traiteme nt, il s’agira des utilisateurs (ACH"
docs_tech/afnor/afnor_xp_z12_012_2025.pdf,49,/docs_tech/afnor/afnor_xp_z12_012_2025.pdf#page=49,"XP Z12-012 47 Ensuite, le bloc Document (MDG-32) est composé des éléments suivants : • MDT-87 : le numéro de facture. • ","XP Z12-012 47 Ensuite, le bloc Document (MDG-32) est composé des éléments suivants : • MDT-87 : le numéro de facture. • MDT-88 (StatusCode). un code statut standard, c’est-à-dire venant d’une liste standard UNTDID 1373, les valeurs sont détaillées dans l’Excel et dans les règles de gestion/ C’est un statut facultatif, mais à utiliser notamment pour les factures internationales, et en cohérence avec le code statut spécifique de la réforme (en MDT-105). • MDT-91 (Typecode). code type de la facture"
docs_tech/afnor/afnor_xp_z12_012_2025.pdf,50,/docs_tech/afnor/afnor_xp_z12_012_2025.pdf#page=50,"XP Z12-012 48 • MDG-40 (IssuerTradeParty) : identifie TOUJOURS le VENDEUR , ce qui permet d’identifier la facture de faç","XP Z12-012 48 • MDG-40 (IssuerTradeParty) : identifie TOUJOURS le VENDEUR , ce qui permet d’identifier la facture de façon unique (numéro, date et n° de SIREN du Vendeur) • MDG-41 (RecipientTradeParty) : par convention, permet de nommer un nouveau Bénéficiaire en cas d’Affacturage/ • MDG-42 (SenderTradeParty) : sans utilité • MDG-37 (SpecifiedDocumentStatus) : Bloc permettant de donner des détails sur le statut (et potentiellement plusieurs puisque c’est une cardinalité 0//n)/ On peut alors déta"
docs_tech/afnor/afnor_xp_z12_012_2025.pdf,51,/docs_tech/afnor/afnor_xp_z12_012_2025.pdf#page=51,XP Z12-012 49 • MDT-111 (ConditionCode) : A utiliser en cas de Message Cycle de Vie transmettant un historique des statu,"XP Z12-012 49 • MDT-111 (ConditionCode) : A utiliser en cas de Message Cycle de Vie transmettant un historique des statuts de cycle de vie, correspond au code statut standard fourni en MDT-88. • MDT-113 (ReasonCode) : permet de renseigner le motif du statut en code, à choisir dans une liste. • MDT-114 (Reason) : permet de renseigner le motif en texte. • MDT-112 (Condition) : libellé du statut renseigné en MDT-111, uniquement en cas de fourniture d’un historique de statuts. • MDT-115 (ProcessCond"
docs_tech/afnor/afnor_xp_z12_012_2025.pdf,52,/docs_tech/afnor/afnor_xp_z12_012_2025.pdf#page=52,XP Z12-012 50 • MDG-43 (SpecifiedDocumentCharacteristic) : Bloc d’information répétable permettant de fournir des donnée,"XP Z12-012 50 • MDG-43 (SpecifiedDocumentCharacteristic) : Bloc d’information répétable permettant de fournir des données nécessaires pour le statut, composé des éléments suivants : • MDT-206 (ID) : code de la donnée sur laquelle le détail de statut porte (BT-84 pour un IBAN par exemple). • MDT-207 (TypeCode) : Code permettant de qualifier comment le bloc va être utilisé, cf règle BR-FR- CDV-CL-11. • MDT-208 (ValueChangeIndicator) : permet d’indiquer s’il s’agit de proposer ou de demander une mo"
docs_tech/afnor/afnor_xp_z12_012_2025.pdf,53,/docs_tech/afnor/afnor_xp_z12_012_2025.pdf#page=53,XP Z12-012 51 • MDT-215 (ValueAmount) : Valeur de montant quand il faut référencer un montant. En particulier pour un mo,"XP Z12-012 51 • MDT-215 (ValueAmount) : Valeur de montant quand il faut référencer un montant. En particulier pour un montant à e-reporter - un montant de paiement, un montant d’approbation de facture, 0 • MDT-217 (ValueMesure) : permet de signifier une Valeur de type unité de mesure attendue. • MDT-218 (ValueDateTime) : permet de signifier une Valeur de type Date et / ou heure attendue. • MDT-221 (ValueCode) : permet de signifier une Valeur de type Code attendue. • MDT-222 (ValueQuantity) : per"
docs_tech/afnor/afnor_xp_z12_012_2025.pdf,54,/docs_tech/afnor/afnor_xp_z12_012_2025.pdf#page=54,XP Z12-012 52 CODE BR Titre Description S'applique à BR-FR-CDV-06 Donnée Obligatoire MDT-21 est obligatoire MDT-21 BR-FR,"XP Z12-012 52 CODE BR Titre Description S'applique à BR-FR-CDV-06 Donnée Obligatoire MDT-21 est obligatoire MDT-21 BR-FR-CDV-07 ID légal du Destinataire du CDV SI MDT-77 est égal à 23 ALORS MDT-38 est obligatoire C'est un ID (légal, privé) de celui qui pose le statut SI MDT-77 est égal à 305 ALORS MDT-38 n'est pas renseignée MDT-38 BR-FR-CDV-08 Adresse électronique du Destinataire du CDV si MDT-59 EST DIFFERENT de WK, MDT-73 est Obligatoire MDT-73 BR-FR-CDV-09 CDV Transmission ou Traitement MDT-"
docs_tech/afnor/afnor_xp_z12_012_2025.pdf,55,/docs_tech/afnor/afnor_xp_z12_012_2025.pdf#page=55,XP Z12-012 53 CODE BR Titre Description S'applique à BR-FR-CDV-CL-03 CodeRole du Créateur (Issuer) du CDV Si le statut (,"XP Z12-012 53 CODE BR Titre Description S'applique à BR-FR-CDV-CL-03 CodeRole du Créateur (Issuer) du CDV Si le statut (MDT-77) est égal à 305, alors MDT-40 DOIT être égal à WK Si le statut (MDT-77) est égal à 23, alors MDT-40 est dans la liste suivante : (extrait de UNCL 3035) BY : Acheteur ; AB : Représentant de l'acheteur pour la vente. DL : Affactureur (Factor) SE : Vendeur AB : Agent d'acheteur SR : Agent de Vendeur PE : Bénéficiaire (Payee) PR : Payeur II : INVOICER (Facturant) IV : INVOIC"
docs_tech/afnor/afnor_xp_z12_012_2025.pdf,56,/docs_tech/afnor/afnor_xp_z12_012_2025.pdf#page=56,XP Z12-012 54 CODE BR Titre Description S'applique à BR-FR-CDV-CL-08 CodeRole du Destinataire de la facture (Nouveau Bén,XP Z12-012 54 CODE BR Titre Description S'applique à BR-FR-CDV-CL-08 CodeRole du Destinataire de la facture (Nouveau Bénéficiaire) MDT-132 DOIT ETRE dans la liste ci-dessous : (Extrait de UNCL 3035) BY : Acheteur ; AB : Représentant de l'acheteur pour la vente. DL : Affactureur (Factor) SE : Vendeur AB : Agent d'acheteur SR : Agent de Vendeur WK : Plateforme ou opérateur de dématérialisation (du fournisseur/vendeur ou de l'acheteur) ; DFH : Pour le PPF PE : Bénéficiaire (Payee) PR : Payeur II : 
docs_tech/afnor/afnor_xp_z12_012_2025.pdf,57,/docs_tech/afnor/afnor_xp_z12_012_2025.pdf#page=57,XP Z12-012 55 • Colonne C : Cardinalité dans le message CDAR • Colonne D (masquée) . cardinalité corrigée pour le PPF da,"XP Z12-012 55 • Colonne C : Cardinalité dans le message CDAR • Colonne D (masquée) . cardinalité corrigée pour le PPF dans l’annexe 2 des spécifications externes 3/0. Ceci sera géré par des règles de schematron et pas par une modification de cardinalité xsd. • Colonnes F à I : description des données, par niveau. • Colonne J (et K, masquée) : Xpath en présentation dépliée (la présentation en une ligne est en colonne K, masquée) • Colonne L : règle de présence des données : R (Requise), O (Option"
docs_tech/afnor/afnor_xp_z12_012_2025.pdf,58,/docs_tech/afnor/afnor_xp_z12_012_2025.pdf#page=58,"XP Z12-012 56 (normative) Description Excel des formats et profils Vous trouverez en Annexe A, un tableau Excel détailla","XP Z12-012 56 (normative) Description Excel des formats et profils Vous trouverez en Annexe A, un tableau Excel détaillant les Formats et Profils des messages Factures et Statuts de cycle de vie, constitutifs du socle minimal applicable à la Réforme Facture Électronique en France. AFNOR (anatole.bouvierdyvoire@afnor.org) Pour : anatole.bouvierdyvoire@afnor.org XP Z12-0122025-05"
docs_tech/afnor/afnor_xp_z12_012_2025.pdf,59,/docs_tech/afnor/afnor_xp_z12_012_2025.pdf#page=59,XP Z12-012 57 Bibliographie [1] Dossier de spécifications externes de la Facture électronique 3.0 - Dossier général - Ag,"XP Z12-012 57 Bibliographie [1] Dossier de spécifications externes de la Facture électronique 3.0 - Dossier général - Agence pour l’informatique financière de l’État . [2] Dossier de spécifications externes de la Facture électronique 2.4 - Dossier général - Agence pour l’informatique financière de l’État . [3] Documentation du format Factur-X, publié par le FNFE-MPE et le FeRD, mis à jour tous les 6 mois, les 15 mai et 15 novembre de chaque année sur le site www.fnfe-mpe.org AFNOR (anatole.bouvi"
docs_tech/afnor/afnor_xp_z12_012_formats_profils_factures_statuts.pdf,1,/docs_tech/afnor/afnor_xp_z12_012_formats_profils_factures_statuts.pdf#page=1,"XP Z12-012 MAI 2025 Annulé le / Withdrawn on 2025-07-30 En tant que titulaire des droits d’auteurs sur ce document, ayan","XP Z12-012 MAI 2025 Annulé le / Withdrawn on 2025-07-30 En tant que titulaire des droits d’auteurs sur ce document, ayant-droit ou distributeur autorisé de ce document, AFNOR autorise la consultation et le téléchargement selon les droits qui vous sont alloués pour votre abonnement ou votre achat. Tous autres droits relatifs à ces documents sont réservés. AFNOR s’oppose expressément à toute intégration, transmission ou absorption totale ou partielle du présent document par des moteurs ou algorith"
docs_tech/afnor/afnor_xp_z12_012_formats_profils_factures_statuts.pdf,2,/docs_tech/afnor/afnor_xp_z12_012_formats_profils_factures_statuts.pdf#page=2,afnor_xp_z12_012_formats_profils_factures_statuts page 2,
docs_tech/afnor/afnor_xp_z12_012_formats_profils_factures_statuts.pdf,3,/docs_tech/afnor/afnor_xp_z12_012_formats_profils_factures_statuts.pdf#page=3,"Le cas échéant, seules les formes verbales doit et doivent sont utilisées pour exprimer une ou des exigences qui doivent","Le cas échéant, seules les formes verbales doit et doivent sont utilisées pour exprimer une ou des exigences qui doivent être respectées pour se conformer au présent document. Pour les méthodes d’essai , l’utilisation de l’infinitif correspond à une exigence. Des informations complémentaires sont disponibles sur votre espace client AFNOR (Relati ons avec normes Européennes et internationales, indice de classement, descripteurs, Etc.) Éditée et diffusée par l’!ssociation Française de Normalisatio"
docs_tech/afnor/afnor_xp_z12_012_formats_profils_factures_statuts.pdf,4,/docs_tech/afnor/afnor_xp_z12_012_formats_profils_factures_statuts.pdf#page=4,XP Z12-012 2 Sommaire Avant-propos......................................................................................,XP Z12-012 2 Sommaire Avant-propos.......................................................................................................................................................................... 3 Introduction ........................................................................................................................................................................... 4 1 Domaine d'application .......................................... .......................................
docs_tech/afnor/afnor_xp_z12_012_formats_profils_factures_statuts.pdf,5,/docs_tech/afnor/afnor_xp_z12_012_formats_profils_factures_statuts.pdf#page=5,XP Z12-012 3 Avant-propos Le présent document est destiné à tous les organismes qui souhaitent échanger des factures éle,"XP Z12-012 3 Avant-propos Le présent document est destiné à tous les organismes qui souhaitent échanger des factures électroniques dans le contexte de la réglementation française (Réforme de la Facture Électronique telle que décrite aux article 289, 289BIS, 290 et 290A du Code Générale des Impôts), mais aussi plus largement dans le respect des dispositions de la Directive 2006-112-CE, modifiée par le Directive UE 2025/516 dite ViDA (VAT in the Digital Age). Il est le résultat de différents group"
docs_tech/afnor/afnor_xp_z12_012_formats_profils_factures_statuts.pdf,6,/docs_tech/afnor/afnor_xp_z12_012_formats_profils_factures_statuts.pdf#page=6,"XP Z12-012 4 Introduction Dans le cadre de la Réforme Facture Électronique en France, régie par les articles 289bis, 290","XP Z12-012 4 Introduction Dans le cadre de la Réforme Facture Électronique en France, régie par les articles 289bis, 290, 290 A du Code Général des Impôts, applicable à compter de septembre 2026, la Commission AFNOR Facture Électroni que s’est constituée pour prendre en charge la description des formats et profils de facture et de statuts de cycle de vie constitutifs du socle minimum que les Plateformes de Dématérialisation Partenair es (PDP) devront supporter, permettant à toute entité soumise "
docs_tech/afnor/afnor_xp_z12_012_formats_profils_factures_statuts.pdf,7,/docs_tech/afnor/afnor_xp_z12_012_formats_profils_factures_statuts.pdf#page=7,XP Z12-012 5 1 Domaine d'application Le présent document vise à décrire les formats et profils des messages Facture et S,"XP Z12-012 5 1 Domaine d'application Le présent document vise à décrire les formats et profils des messages Facture et Statuts de Cycle de vie appliqués aux échanges de factures électroniques, constitutifs du socle minimal de la réfor me Facture Électronique en France. Il décrit ainsi ce que les entités soumises à la réforme doivent respecter s’agiss ant des factures électroniques et des statuts de cycle de vie, ainsi que les contrôles et transformations que les PDP doivent appliquer pour respec"
docs_tech/afnor/afnor_xp_z12_012_formats_profils_factures_statuts.pdf,8,/docs_tech/afnor/afnor_xp_z12_012_formats_profils_factures_statuts.pdf#page=8,XP Z12-012 6 3.2 CIUS « Core Invoice Usage Spécifiation » . Spécification d‘usage du message électro nique de facture 3.,"XP Z12-012 6 3.2 CIUS « Core Invoice Usage Spécifiation » . Spécification d‘usage du message électro nique de facture 3.3 Concentrateur des Données Service du PPF en charge de la concentration des données de e-invoicing (factures B2B do mestique et cycle de vie de ces factures) et de e-reporting (données de factures, transactions et de paiement hors e-i nvoicing), à destination de l’Administration fiscale/ 3.4 « e-invoicing » Désigne le périmètre de la Réforme Facture Électronique relatif aux éc"
docs_tech/afnor/afnor_xp_z12_012_formats_profils_factures_statuts.pdf,9,/docs_tech/afnor/afnor_xp_z12_012_formats_profils_factures_statuts.pdf#page=9,XP Z12-012 7 ⎯ Flux 6 : correspond au message de statuts de cycle de vie relatif aux échanges de fac tures électroniques,"XP Z12-012 7 ⎯ Flux 6 : correspond au message de statuts de cycle de vie relatif aux échanges de fac tures électroniques, implémenté en UN/CFACT CII. ⎯ Flux 8 : correspond au message facture échangé entre une entité soumise à la réforme et une ent ité internationale conforme aux dispositions du présent document. ⎯ Flux 9 : correspond au message facture échangé entre une entité soumise à la réforme un non assujetti établi en France (principalement un Particulier), conforme aux dispositions du pré"
docs_tech/afnor/afnor_xp_z12_012_formats_profils_factures_statuts.pdf,10,/docs_tech/afnor/afnor_xp_z12_012_formats_profils_factures_statuts.pdf#page=10,"XP Z12-012 8 3.12 PPF Portail Public de Facturation, plateforme de l’administration proposant les services d’Annuaire de","XP Z12-012 8 3.12 PPF Portail Public de Facturation, plateforme de l’administration proposant les services d’Annuaire des destinataires et de Concentrateur de Données 4 Formats et profils de facture électronique du socle minimum 4.1 Norme Sémantique Européenne EN16931 La Norme Sémantique Européenne a été construite comme une norme de données essentielles de f acture. L’objectif était de rendre obligatoire la réception de factures électroniques structurées implémentant cette norme dans les syntax"
docs_tech/afnor/afnor_xp_z12_012_formats_profils_factures_statuts.pdf,11,/docs_tech/afnor/afnor_xp_z12_012_formats_profils_factures_statuts.pdf#page=11,"XP Z12-012 9 Ces profils sémantiques décrivent donc chacun un arbre de données, en le parcourant branche par branche , s","XP Z12-012 9 Ces profils sémantiques décrivent donc chacun un arbre de données, en le parcourant branche par branche , sous-branche par sous-branche jusqu’à atteindre les feuilles qui sont les données/ Le parcours est guidé par l’indication d’un niveau dans la structure (1 ou N1 : premiers embranchements, 2 ou N2 : seconds embranchements, etc 0)/ A chaque branche et feuille est associée une cardinalité qui indique si la présence est facultative ou obligatoire, et si elle est répétable. La codifi"
docs_tech/afnor/afnor_xp_z12_012_formats_profils_factures_statuts.pdf,12,/docs_tech/afnor/afnor_xp_z12_012_formats_profils_factures_statuts.pdf#page=12,XP Z12-012 10 Structure de la Norme Sémantique EN16931 AFNOR XP Z12-0122025-05 (Annulé le 2025-07-30),XP Z12-012 10 Structure de la Norme Sémantique EN16931 AFNOR XP Z12-0122025-05 (Annulé le 2025-07-30)
docs_tech/afnor/afnor_xp_z12_012_formats_profils_factures_statuts.pdf,13,/docs_tech/afnor/afnor_xp_z12_012_formats_profils_factures_statuts.pdf#page=13,XP Z12-012 11 Structure sémantique du profil EXTENDED-CTC-FR AFNOR XP Z12-0122025-05 (Annulé le 2025-07-30),XP Z12-012 11 Structure sémantique du profil EXTENDED-CTC-FR AFNOR XP Z12-0122025-05 (Annulé le 2025-07-30)
docs_tech/afnor/afnor_xp_z12_012_formats_profils_factures_statuts.pdf,14,/docs_tech/afnor/afnor_xp_z12_012_formats_profils_factures_statuts.pdf#page=14,XP Z12-012 12 4.2 Implémentations des 2 profils EN16931 et EXTENDED-CTC-FR La Norme EN16931 est une description sémantiq,XP Z12-012 12 4.2 Implémentations des 2 profils EN16931 et EXTENDED-CTC-FR La Norme EN16931 est une description sémantique/ Il convient alors de l’implémenter dans un form at informatique exploitable automatiquement. Les syntaxes choisies sont les deux syntaxes XML retenues pour l’implémentation de la norme EN16931 pour le secteur public en UE : XML UBL et XML UN/CEFACT CII. Une autre implémentation a été documentée avec le format mixte Factur-X qui se présente sous la forme d’une représentation
docs_tech/afnor/afnor_xp_z12_012_formats_profils_factures_statuts.pdf,15,/docs_tech/afnor/afnor_xp_z12_012_formats_profils_factures_statuts.pdf#page=15,XP Z12-012 13 La conséquence est que l’implémentation des 2 profils EN16931 et EXTENDED -CTC-FR en UBL et en UN/CEFACT C,"XP Z12-012 13 La conséquence est que l’implémentation des 2 profils EN16931 et EXTENDED -CTC-FR en UBL et en UN/CEFACT CII est le résultat d’un mapping devant faire face à certains écarts sémantiques/ C’est pourquoi la correspondance d’un XPATH à chaque donnée du modèle sémantique n’est pas suffisante pour déc rire l’implémentation en XML/ Il est donc aussi nécessaire de décrire l’implémentat ion des 2 profils dans chacune des deux syntaxes, et de surcroît par profil, puisque la structure des do"
docs_tech/afnor/afnor_xp_z12_012_formats_profils_factures_statuts.pdf,16,/docs_tech/afnor/afnor_xp_z12_012_formats_profils_factures_statuts.pdf#page=16,"XP Z12-012 14 • UNE ADRESSE ÉLECTRONIQUE NORMALISÉE, qui pour le destinataire (l’ACHETEUR en général) est l’adresse élec","XP Z12-012 14 • UNE ADRESSE ÉLECTRONIQUE NORMALISÉE, qui pour le destinataire (l’ACHETEUR en général) est l’adresse électronique à laquelle il souhaite recevoir sa facture (adresse sous la forme SIREN_ XXX référencée dans l’Annuaire PPF)/ Pour l’émetteur (le VENDEUR en général), c’est l’adresse électronique à laquelle il souhaite recevoir ses statuts de cycle de vie. Il existe ensuite de nombreuses références, de niveau document, qui permettent de faire face déjà à un grand nombre de situations "
docs_tech/afnor/afnor_xp_z12_012_formats_profils_factures_statuts.pdf,17,/docs_tech/afnor/afnor_xp_z12_012_formats_profils_factures_statuts.pdf#page=17,"XP Z12-012 15 • Date d’échéance (BT -9), sachant qu’il est aussi possible de donner des informations relatives aux condi","XP Z12-012 15 • Date d’échéance (BT -9), sachant qu’il est aussi possible de donner des informations relatives aux conditions de paiement en BT-20, via un texte libre qui peut donc contenir par exemple « Paiement 30 jours net ». • Date d’exigibilité de la TVA (BT-7), qui n’est pas utilisée comme ceci en France, mais sous la forme d’un évènement en BT-8, pour indiquer si la TVA est exigible à la date de facture ou la date de livraison (TVA au débit) ou bien à la date de paiement (TVA à l’encaisse"
docs_tech/afnor/afnor_xp_z12_012_formats_profils_factures_statuts.pdf,18,/docs_tech/afnor/afnor_xp_z12_012_formats_profils_factures_statuts.pdf#page=18,"XP Z12-012 16 • Remises et charges de lignes qui sont 2 blocs distincts, répétables et constitués chacun : ✓ Du montant ","XP Z12-012 16 • Remises et charges de lignes qui sont 2 blocs distincts, répétables et constitués chacun : ✓ Du montant de la Remise / Charge (BT-136 / BT-141) ✓ D’une assiette (base) et d‘un taux, donnée facultative ✓ D’un motif en code ou en texte, l’un des deux étant obligatoire/ • D’un montant total HT de ligne (BT -131) • D’un code TVA et taux/ La TVA est en effet encodée avec un code de catégorie (Stand ard, Exemption, Autoliquidation, 0 cf chapitre dédié ci -dessous), et d‘un taux en pour"
docs_tech/afnor/afnor_xp_z12_012_formats_profils_factures_statuts.pdf,19,/docs_tech/afnor/afnor_xp_z12_012_formats_profils_factures_statuts.pdf#page=19,"XP Z12-012 17 La seule obligation sera pour les PDP et les solutions de validation de conformité de facture, de bien uti","XP Z12-012 17 La seule obligation sera pour les PDP et les solutions de validation de conformité de facture, de bien utiliser la dernière version des outils de validation publiée. Ce profil EXTENDED-CTC-FR a ajouté quelques nouveaux acteurs qui jouent un rôle dan s la transaction commerciale et le traitement des factures, ce qui rend parfois nécessaire leur désignation dans les factures. Il s’agit de : • L’AGENT d’ACHETEUR (EXT-FR-FE-BG-01), qui peu agir pour le compte de l’ACHETEUR, souvent dan"
docs_tech/afnor/afnor_xp_z12_012_formats_profils_factures_statuts.pdf,20,/docs_tech/afnor/afnor_xp_z12_012_formats_profils_factures_statuts.pdf#page=20,XP Z12-012 18 L’autre ajout de ce profil est la modification de certaines règles de gestion • pour permettre une toléran,"XP Z12-012 18 L’autre ajout de ce profil est la modification de certaines règles de gestion • pour permettre une tolérance de 0,01 centime par ligne ou remise ou charge de niveau Document dans les calculs de sommes en pied de facture ou en pied de TVA. • Pour permettre une facture qui ait des lignes hors scope (Catégorie TVA = O) et d’autres lignes (ce que la Norme EN16931 interdit pour l’instant)/ 4.3.3 Évolution de la Norme Dans le cadre des travaux européens du CEN TC434, la Norme EN16931 va "
docs_tech/afnor/afnor_xp_z12_012_formats_profils_factures_statuts.pdf,21,/docs_tech/afnor/afnor_xp_z12_012_formats_profils_factures_statuts.pdf#page=21,XP Z12-012 19 • Identifiant (Identifier) : il s’agit d’un type potentiellement composé de 3 champs texte (décrits dans l,"XP Z12-012 19 • Identifiant (Identifier) : il s’agit d’un type potentiellement composé de 3 champs texte (décrits dans la documentation détaillée) : ✓ La valeur de l’identifiant (texte)/ Par exemple FR13456789321 pour un n° de TVA intracommunautaire ✓ Un Schéma d’identification (Scheme Identifier), donnée obligatoire si plusieurs Schém as d’Identification sont possibles permettant de qualifier le référentiel de l’identifiant/ Par exemple, le qualifiant « VA ¬ permet de préciser que l’identifiant"
docs_tech/afnor/afnor_xp_z12_012_formats_profils_factures_statuts.pdf,22,/docs_tech/afnor/afnor_xp_z12_012_formats_profils_factures_statuts.pdf#page=22,XP Z12-012 20 4.4.3 Gestion des Notes Un certain nombre de mentions obligatoires ou conditionnellement obligatoires n’on,"XP Z12-012 20 4.4.3 Gestion des Notes Un certain nombre de mentions obligatoires ou conditionnellement obligatoires n’ont pas d’ex istence propre dans le modèle EN16931 et sont alors codifiées au travers d’une Note (texte en BT -22), avec un code sujet dédié (en BT-21). Les règles BR-FR-05, BR-FR-06, BR-FR-07 indiquent la codification attendue. Parmi l’ensemble des codes sujets, la lis te ci-dessous détaillent ceux à utiliser en fonction des sujets les plus courants : • AAB . Mention d’escompte/"
docs_tech/afnor/afnor_xp_z12_012_formats_profils_factures_statuts.pdf,23,/docs_tech/afnor/afnor_xp_z12_012_formats_profils_factures_statuts.pdf#page=23,XP Z12-012 21 4.4.5 Règle de calcul La règle de calcul des factures (hors factures B2C dans lesquelles le Prix Unitaire ,"XP Z12-012 21 4.4.5 Règle de calcul La règle de calcul des factures (hors factures B2C dans lesquelles le Prix Unitaire est souvent indiqué en TTC) est la suivante : • Au niveau de chaque ligne, le montant net de ligne (BT-131) est égal : ✓ au prix unitaire (positif, BT-146), le cas échéant divisé par la quantité de base du prix BT-149 qui indique la quantité de chaque lot de produit vendu, multiplié par la quantité facturée (positive ou négative, BT-129), arrondi à 2 décimales. ✓ diminué des mo"
docs_tech/afnor/afnor_xp_z12_012_formats_profils_factures_statuts.pdf,24,/docs_tech/afnor/afnor_xp_z12_012_formats_profils_factures_statuts.pdf#page=24,XP Z12-012 22 4.4.6 Règle d’arrondi dans les calculs Les règles de calcul d’une facture nécessitent un calcul d’arrondi ,"XP Z12-012 22 4.4.6 Règle d’arrondi dans les calculs Les règles de calcul d’une facture nécessitent un calcul d’arrondi à certaines étapes (dès qu’il y a multiplication ou division)/ La méthode d’arrondi est celle de la valeur la plus proche, avec la règle pour la détermination de la fraction résiduelle à 0,5 suivante : • Pour les nombres positifs : arrondi à la valeur supérieure. Par exemple, 13,455 arrondi à 2 chiffr es donne 13,46. • Pour les nombres négatifs . arrondi à la valeur inférieure "
docs_tech/afnor/afnor_xp_z12_012_formats_profils_factures_statuts.pdf,25,/docs_tech/afnor/afnor_xp_z12_012_formats_profils_factures_statuts.pdf#page=25,XP Z12-012 23 • La taxe n’est pas sou mise à la TVA ou est soumise à un taux de TVA différent de celui du bien ou servic,"XP Z12-012 23 • La taxe n’est pas sou mise à la TVA ou est soumise à un taux de TVA différent de celui du bien ou service auquel elle se réfère : dans ce cas, la taxe est codifiée comme une ligne de service additionnelle. De même, lorsqu’une taxe s’applique à l’ensemble de la facture (au nivea u document), elle peut être traitée comme une charge au niveau document, pour laquelle on peut indiquer une raison (BT-104) ou un code de raison (BT-105), puis définir la TVA qui s’applique (ou pas) en BT-"
docs_tech/afnor/afnor_xp_z12_012_formats_profils_factures_statuts.pdf,26,/docs_tech/afnor/afnor_xp_z12_012_formats_profils_factures_statuts.pdf#page=26,XP Z12-012 24 Ces règles de gestion sont de 2 types : • Des règles de gestion qui sont constitutives de contrôles additi,"XP Z12-012 24 Ces règles de gestion sont de 2 types : • Des règles de gestion qui sont constitutives de contrôles additionnels à opérer, sur le contenu des factures et parfois avec des référentiels externes (par exemple l’existence de SIREN ACHETEUR ou VENDEUR dans l’Annuaire PPF)/ On parle alors de contrôle métier/ • Des règles de mapping entre les données des factures et les fichiers attendus par l’Administr ation fiscale. Ces règles sont décrites dans l’annexe excel, et en particulier affecté"
docs_tech/afnor/afnor_xp_z12_012_formats_profils_factures_statuts.pdf,27,/docs_tech/afnor/afnor_xp_z12_012_formats_profils_factures_statuts.pdf#page=27,"XP Z12-012 25 CODE BR Titre Description S'applique à BR-FR-06 Note Parmi les notes (BG-3), les codes sujets (BT-21) PMD,","XP Z12-012 25 CODE BR Titre Description S'applique à BR-FR-06 Note Parmi les notes (BG-3), les codes sujets (BT-21) PMD, PMT, AAB et TXD ne DOIVENT être présents qu'UNE SEULE FOIS CHACUN BT-22, BT-21 BR-FR-07 Note Pour signifier les informations ci-dessous dans des notes (BT-22) les codes sujets correspondants (BT-21) doivent être les suivants : - ACC : Clause de subrogation factoring - AAI : Information générale : des éléments en général en fond de page des factures papier - SUR : Remarques fou"
docs_tech/afnor/afnor_xp_z12_012_formats_profils_factures_statuts.pdf,28,/docs_tech/afnor/afnor_xp_z12_012_formats_profils_factures_statuts.pdf#page=28,XP Z12-012 26 CODE BR Titre Description S'applique à BR-FR-12 Adresse électronique de l'acheteur Dès lors que la facture,"XP Z12-012 26 CODE BR Titre Description S'applique à BR-FR-12 Adresse électronique de l'acheteur Dès lors que la facture électronique doit être transmise et attend des statuts de cycle de vie en retour, l'adresse électronique de l'Acheteur (BT-49) est OBLIGATOIRE. C'est l'adresse électronique à laquelle la facture est transmise (hors autofactures), ainsi que les statuts de cycle de vie à destination de l'Acheteur. Pour les factures hors autofacturation relevant du périmètre ""e-invoicing"", cette "
docs_tech/afnor/afnor_xp_z12_012_formats_profils_factures_statuts.pdf,29,/docs_tech/afnor/afnor_xp_z12_012_formats_profils_factures_statuts.pdf#page=29,XP Z12-012 27 CODE BR Titre Description S'applique à BR-FR-16 Taux de TVA autorisé Le taux de la TVA applicable est conf,"XP Z12-012 27 CODE BR Titre Description S'applique à BR-FR-16 Taux de TVA autorisé Le taux de la TVA applicable est conforme à la liste suivante : Taux 0, 0.0, 0.00 10, 10.0, 10.00 13, 13.0, 13.00 20, 20.0, 20.00 8.5, 8.50 19.6, 19.60 2.1, 2.10 5.5, 5.50 7, 7.0, 7.00 20.6, 20.60 1.05 0.9, 0.90 1.75 9.2, 9.20 9.6, 9.60 Le taux est exprimé en pourcentage et non en coefficient (exemple : 20). Le symbole « % ¬ n’est pas à indiquer. Le séparateur (« . ») n'est pas comptabilisé dans les 5 caractères. "
docs_tech/afnor/afnor_xp_z12_012_formats_profils_factures_statuts.pdf,30,/docs_tech/afnor/afnor_xp_z12_012_formats_profils_factures_statuts.pdf#page=30,XP Z12-012 28 CODE BR Titre Description S'applique à BR-FR-CO-02 Unicité de la facture L'identifiant unique de facture d,XP Z12-012 28 CODE BR Titre Description S'applique à BR-FR-CO-02 Unicité de la facture L'identifiant unique de facture doit être composé des éléments suivants: - Numéro de facture (BT-1) - Année de production de la facture (Issue de la date d'émission de la facture (BT-2)) - Identifiant légal du Vendeur : numéro SIREN (BT-30) L’unicité de la facture vise à éviter les erreurs de fact uration (double facturation notamment). Une facture présentant des informations similaires cumulativement sur ces 
docs_tech/afnor/afnor_xp_z12_012_formats_profils_factures_statuts.pdf,31,/docs_tech/afnor/afnor_xp_z12_012_formats_profils_factures_statuts.pdf#page=31,XP Z12-012 29 CODE BR Titre Description S'applique à BR-FR-CO-07 Date de versement de l'acompte La Date d'échéance (BT-9,"XP Z12-012 29 CODE BR Titre Description S'applique à BR-FR-CO-07 Date de versement de l'acompte La Date d'échéance (BT-9), si présente, DOIT être postérieure ou égale à la Date de facture (BT-2), SAUF SI la facture est de type acompte (BT-3) : - Facture d'acompte (386) - Facture d’acompte auto -facturé (500) (*) - Avoir de facture d'acompte (503) (*) OU SAUF SI le Cadre de facturation (BT-23) est égal à : - B2 : Dépôt d'une facture de bien déjà payée - S2 : Dépôt d'une facture de prestation de s"
docs_tech/afnor/afnor_xp_z12_012_formats_profils_factures_statuts.pdf,32,/docs_tech/afnor/afnor_xp_z12_012_formats_profils_factures_statuts.pdf#page=32,XP Z12-012 30 CODE BR Titre Description S'applique à BR-FR-CO-16 Franchise en base Les factures en franchise en base de ,"XP Z12-012 30 CODE BR Titre Description S'applique à BR-FR-CO-16 Franchise en base Les factures en franchise en base de TVA comportent un bloc de détail TVA avec une BT-118 = ""E"" ET une raison d'exemption en CODE BT-121 = ""VATEX-FR- FRANCHISE"". Si le Vendeur n'a pas de n° de TVA, il doit répéter son n° de SIREN en BT-32 BT-118, BT-121, BT-120 BR-FR-CO-17 Date de Livraison Donnée à fournir dans la mesure où elle est déterminée et différente de la date d'émission de la facture (art. 242 nonies A 1"
docs_tech/afnor/afnor_xp_z12_012_formats_profils_factures_statuts.pdf,33,/docs_tech/afnor/afnor_xp_z12_012_formats_profils_factures_statuts.pdf#page=33,XP Z12-012 31 CODE BR Titre Description S'applique à BR-FR-MAP-02 Codestypes documents Si le codetype de la facture (BT-,"XP Z12-012 31 CODE BR Titre Description S'applique à BR-FR-MAP-02 Codestypes documents Si le codetype de la facture (BT-3) est égal à 262 (Avoir pour Remise Globale), alors : Pour le flux 1 : - le codetype de la facture (BT-3 = 262) DOIT être mappé en 381 dans le flux 1 (BT-3) - le numéro de Contrat (BT-12) de la facture doit être mappé dans la Référence à une facture antérieure (BT-25) du Flux 1, et la Date de début de période de facturation (BT-73) DOIT être mappée dans la Date de facture anté"
docs_tech/afnor/afnor_xp_z12_012_formats_profils_factures_statuts.pdf,34,/docs_tech/afnor/afnor_xp_z12_012_formats_profils_factures_statuts.pdf#page=34,"XP Z12-012 32 CODE BR Titre Description S'applique à BR-FR-MAP-11 Adresse de Livraison Si EXT-FR-FE-157 est présent, il ","XP Z12-012 32 CODE BR Titre Description S'applique à BR-FR-MAP-11 Adresse de Livraison Si EXT-FR-FE-157 est présent, il y a une Adresse de Livraison en ligne et il faut renseigner tous les champs présents du groupe Adresse de Livraison (EXT-FR-FE-BG-10) sauf l'identifiant global du lieu (EXT-FR-FE-146, EXT- FR-FE-148) en flux 1 ou 10.1, et en cas d'absence de la Ligne 1 (EXT-FR-FE- 151), du Code postal (EXT-FR-FE-154) ou Localité (EXT-FR-FE-155), fournir la donnée ""-"" à la place. EXT-FR-FE-BG-10"
docs_tech/afnor/afnor_xp_z12_012_formats_profils_factures_statuts.pdf,35,/docs_tech/afnor/afnor_xp_z12_012_formats_profils_factures_statuts.pdf#page=35,"XP Z12-012 33 CODE BR Titre Description S'applique à - ""0227"" --> HORS_UE (dont Wallis et Futuna) (correspond au code Pa","XP Z12-012 33 CODE BR Titre Description S'applique à - ""0227"" --> HORS_UE (dont Wallis et Futuna) (correspond au code Pays et aux 16 premiers caractères de la raison sociale) sur 18 caractères - ""0228"" --> RIDET sur 9 ou 10 caractères - ""0229"" --> TAHITI sur 9 caractères BR-FR-MAP-17 TRONQUER A 255 Caractères Tronquer à 255 caractères à gauche BT-75, BT-76, BT-165, BT- 77, BT-79, EXT-FR-FE-151, EXT-FR-FE-152, EXT-FR-FE- 153, EXT-FR-FE-154, EXT- FR-FE-156, BT-153 BR-FR-MAP-18 TRONQUER A 1024 Cara"
docs_tech/afnor/afnor_xp_z12_012_formats_profils_factures_statuts.pdf,36,/docs_tech/afnor/afnor_xp_z12_012_formats_profils_factures_statuts.pdf#page=36,"XP Z12-012 34 Nom de la feuille Description Flux 2 UBL EXT-CTC-FR Description du format de Facture en UBL, pour le profi","XP Z12-012 34 Nom de la feuille Description Flux 2 UBL EXT-CTC-FR Description du format de Facture en UBL, pour le profil EXTENDED-CTC-FR. Il s'agit de l'implémentation syntaxique du profil Sémantique EN16931, avec prise en compte des règles de gestion spécifiques France CII D22B & FX EN16931 FR Description du format de Facture en UN/CEFACT CII D22B, pour le profil EN16931 (et donc aussi Factur-X EN16931). Il s'agit de l'implémentation syntaxique de la Norme EN16931, avec prise en compte des règ"
docs_tech/afnor/afnor_xp_z12_012_formats_profils_factures_statuts.pdf,37,/docs_tech/afnor/afnor_xp_z12_012_formats_profils_factures_statuts.pdf#page=37,"XP Z12-012 35 • N et O . longueur de champs telle qu’exigée pour le flux 1, et pour les flux 2, 8 et 9 c’est-à-dire la f","XP Z12-012 35 • N et O . longueur de champs telle qu’exigée pour le flux 1, et pour les flux 2, 8 et 9 c’est-à-dire la facture objet du présent document. • P : liste de code à utiliser quand le champ doit trouver sa valeur dans une liste. • Q . indication d’implémentation • R et S . description et note d’usage du champ (repris de EN16931) • T : règle de gestion des flux 1 et 10.1 applicable • U à Z : Règles de gestion spécifiques France applicables aux factures dans les formats du socle minimum "
docs_tech/afnor/afnor_xp_z12_012_formats_profils_factures_statuts.pdf,38,/docs_tech/afnor/afnor_xp_z12_012_formats_profils_factures_statuts.pdf#page=38,"XP Z12-012 36 4.6.3 Feuille « BR EN16931 + EXT FR et FX » Cette feuille présente les règles de la Norme EN16931, et les ","XP Z12-012 36 4.6.3 Feuille « BR EN16931 + EXT FR et FX » Cette feuille présente les règles de la Norme EN16931, et les règles des profils EXTENDED-CTC -FR et EXTENDED de Factur-x qui remplacent certaines des règles de de la Norme sur ces profils. Pour chaque règle, il est précisé sur quel(s) profil(s) elle s’applique (y compris les profil s de Factur -x MINIMUM, BASIC WL, BASIC et EXTENDED). Les Factures doivent donc d’abord être conformes à ces ensembles de règles, puis en com plément, aux règ"
docs_tech/afnor/afnor_xp_z12_012_formats_profils_factures_statuts.pdf,39,/docs_tech/afnor/afnor_xp_z12_012_formats_profils_factures_statuts.pdf#page=39,"XP Z12-012 37 ✓ Les règles BR-CO-10, 11, 12, 13 et 15 sont remplacées par des règles BR-FREXT-CO-10, 11, 12, 13 et 15 po","XP Z12-012 37 ✓ Les règles BR-CO-10, 11, 12, 13 et 15 sont remplacées par des règles BR-FREXT-CO-10, 11, 12, 13 et 15 pour le profil EXTENDED-CTC-FR et BR-FXEXT-CO-10, 11, 12, 13 et 15 pour le profil EXTENDED de Factur-X (tolérance de calculs de sommes). 4.6.4 Feuille « Codelists for XML Fx - 15 05 25 » Cette feuille donne les différentes listes de codes applicables à compter du 15 mai 2025, y com pris celles qui s’appliquent sur certains champs d’extension essentiellement sur données du profil "
docs_tech/afnor/afnor_xp_z12_012_formats_profils_factures_statuts.pdf,40,/docs_tech/afnor/afnor_xp_z12_012_formats_profils_factures_statuts.pdf#page=40,XP Z12-012 38 ✓ Colonne AG : nom du terme du champ de la Norme. ✓ Colonne AH : description de la donnée (Norme EN16931).,"XP Z12-012 38 ✓ Colonne AG : nom du terme du champ de la Norme. ✓ Colonne AH : description de la donnée (Norme EN16931). ✓ Colonne AI . Note d’usage de la donnée (Norme EN16931). ✓ Colonne AJ : règles de CIUS ChorusPro (pour rappel, et info). ✓ Colonne AK : règles de la Norme EN16931 applicable, ainsi que quelques règles PEPPOLBI S 3.0, pour info. ✓ Colonne AL : type de la donnée. ✓ Colonne AM : cardinalité du modèle UBL du profil EN16931 (source de la colonne G pour le profil EN16931). ✓ Colonn"
docs_tech/afnor/afnor_xp_z12_012_formats_profils_factures_statuts.pdf,41,/docs_tech/afnor/afnor_xp_z12_012_formats_profils_factures_statuts.pdf#page=41,XP Z12-012 39 AFNOR XP Z12-0122025-05 (Annulé le 2025-07-30),XP Z12-012 39 AFNOR XP Z12-0122025-05 (Annulé le 2025-07-30)
docs_tech/afnor/afnor_xp_z12_012_formats_profils_factures_statuts.pdf,42,/docs_tech/afnor/afnor_xp_z12_012_formats_profils_factures_statuts.pdf#page=42,XP Z12-012 40 AFNOR XP Z12-0122025-05 (Annulé le 2025-07-30),XP Z12-012 40 AFNOR XP Z12-0122025-05 (Annulé le 2025-07-30)
docs_tech/afnor/afnor_xp_z12_012_formats_profils_factures_statuts.pdf,43,/docs_tech/afnor/afnor_xp_z12_012_formats_profils_factures_statuts.pdf#page=43,"XP Z12-012 41 Ce qui donne la structure suivante, plus arborescente que la Norme EN16931 et l’UBL : • rsm:ExchangedDocum","XP Z12-012 41 Ce qui donne la structure suivante, plus arborescente que la Norme EN16931 et l’UBL : • rsm:ExchangedDocumentContext : Bloc d’identification (Contexte) du message, qui contient les informations définissant le processus sous-jacent (BT-23), puis le profil du message (BT-24), par exemple urn:cen.eu:en16931:2017 pour le profil EN16931 • rsm:ExchangedDocument : Bloc d’entête du message, qui contient des informations sur le message lui-même avec le Numéro de facture (BT-1), puis son cod"
docs_tech/afnor/afnor_xp_z12_012_formats_profils_factures_statuts.pdf,44,/docs_tech/afnor/afnor_xp_z12_012_formats_profils_factures_statuts.pdf#page=44,XP Z12-012 42 • Colonnes AG à AU : description du mapping UN/CEFACT CII : ✓ Colonne AG : nom du terme du champ de la Nor,"XP Z12-012 42 • Colonnes AG à AU : description du mapping UN/CEFACT CII : ✓ Colonne AG : nom du terme du champ de la Norme. ✓ Colonne AH : description de la donnée (Norme EN16931). ✓ Colonne AI . Note d’usage de la donnée (Norme EN16931)/ ✓ Colonne AJ : règles de CIUS ChorusPro (pour rappel, et info). ✓ Colonne AK : règles de la Norme EN16931 applicable, ainsi que quelques règles PEPPOLBI S 3.0, pour info. ✓ Colonne AL : type de la donnée. ✓ Colonne AM : cardinalité du modèle UN/CEFACT CII des p"
docs_tech/afnor/afnor_xp_z12_012_formats_profils_factures_statuts.pdf,45,/docs_tech/afnor/afnor_xp_z12_012_formats_profils_factures_statuts.pdf#page=45,XP Z12-012 43 • Feuille « Flux 1 UBL » : la description du Flux 1 en UBL faite à partir du filtrage de la feuille « CII ,"XP Z12-012 43 • Feuille « Flux 1 UBL » : la description du Flux 1 en UBL faite à partir du filtrage de la feuille « CII D22B & FX EXT-CTC-FR » sur les données Flux 1 CIBLE (colonne AE), à laquelle les charge s de niveau Document ont été ajoutés (car ils le seront). • Feuille « Flux 1 CII » : la description du Flux 1 en UN/CEFACT faite à partir du filtrage de la feuille « Flux 2 UBL EXT-CTC-FR » sur les données Flux 1 CIBLE (colonne AF), à laquelle les charges de niveau Document ont été ajoutés ("
docs_tech/afnor/afnor_xp_z12_012_formats_profils_factures_statuts.pdf,46,/docs_tech/afnor/afnor_xp_z12_012_formats_profils_factures_statuts.pdf#page=46,XP Z12-012 44 Les messages de statuts de cycles de vie ont vocation à être utilisés pour trois fonction distinctes : • I,"XP Z12-012 44 Les messages de statuts de cycles de vie ont vocation à être utilisés pour trois fonction distinctes : • Informer sur le statut de transmission et de traitement, en indiquant le cas échéant des err eurs constatées et des actions attendues. • Agir sur le proces sus ou cas d’usage en indiquant des changements de situation, par exemple l’affacturage d’une facture, la nécessité de payer sur un autre compte bancaire que celui indiqué dans la facture, le cas échéant fournir une informati"
docs_tech/afnor/afnor_xp_z12_012_formats_profils_factures_statuts.pdf,47,/docs_tech/afnor/afnor_xp_z12_012_formats_profils_factures_statuts.pdf#page=47,"XP Z12-012 45 Sa structure se présente donc de la façon suivante : • Un bloc d’entête « Exhange Document Context », qui ","XP Z12-012 45 Sa structure se présente donc de la façon suivante : • Un bloc d’entête « Exhange Document Context », qui contient le profil du message CDAR. • Un bloc d’entête « Exchange Document », identifiant essentiellement les Parties : qui crée, qui transmet, pour qui est-ce destiné ? • Un bloc « Aknowledgement », obligatoire et répétable (cardinalité 0//n), mais qui ne sera utilisé qu’une fois seulement par message CDAR. Ce bloc contient lui-même un bloc « Document » (ci-dessous), obligatoi"
docs_tech/afnor/afnor_xp_z12_012_formats_profils_factures_statuts.pdf,48,/docs_tech/afnor/afnor_xp_z12_012_formats_profils_factures_statuts.pdf#page=48,XP Z12-012 46 • MDT-5 (Name) : un nom de message. • MDG-4 (IssueDateTime) : une date et heure de création du message de ,"XP Z12-012 46 • MDT-5 (Name) : un nom de message. • MDG-4 (IssueDateTime) : une date et heure de création du message de cycle de vie. • MDT-9 (LanguageID) : une langue du message (français ou anglais). • MDG-9 (SenderTradeParty) : une Partie en charge de la transmission du message (« Sender ») : dans notre contexte : ▪ Pour la phase de transmission, il s’agit des PDP, qui ne seront qualifiés que par le code rôle (« WK ») en MDT-21. ▪ Pour la phase de traiteme nt, il s’agira des utilisateurs (ACH"
docs_tech/afnor/afnor_xp_z12_012_formats_profils_factures_statuts.pdf,49,/docs_tech/afnor/afnor_xp_z12_012_formats_profils_factures_statuts.pdf#page=49,"XP Z12-012 47 Ensuite, le bloc Document (MDG-32) est composé des éléments suivants : • MDT-87 : le numéro de facture. • ","XP Z12-012 47 Ensuite, le bloc Document (MDG-32) est composé des éléments suivants : • MDT-87 : le numéro de facture. • MDT-88 (StatusCode). un code statut standard, c’est-à-dire venant d’une liste standard UNTDID 1373, les valeurs sont détaillées dans l’Excel et dans les règles de gestion/ C’est un statut facultatif, mais à utiliser notamment pour les factures internationales, et en cohérence avec le code statut spécifique de la réforme (en MDT-105). • MDT-91 (Typecode). code type de la facture"
docs_tech/afnor/afnor_xp_z12_012_formats_profils_factures_statuts.pdf,50,/docs_tech/afnor/afnor_xp_z12_012_formats_profils_factures_statuts.pdf#page=50,"XP Z12-012 48 • MDG-40 (IssuerTradeParty) : identifie TOUJOURS le VENDEUR , ce qui permet d’identifier la facture de faç","XP Z12-012 48 • MDG-40 (IssuerTradeParty) : identifie TOUJOURS le VENDEUR , ce qui permet d’identifier la facture de façon unique (numéro, date et n° de SIREN du Vendeur) • MDG-41 (RecipientTradeParty) : par convention, permet de nommer un nouveau Bénéficiaire en cas d’Affacturage/ • MDG-42 (SenderTradeParty) : sans utilité • MDG-37 (SpecifiedDocumentStatus) : Bloc permettant de donner des détails sur le statut (et potentiellement plusieurs puisque c’est une cardinalité 0//n)/ On peut alors déta"
docs_tech/afnor/afnor_xp_z12_012_formats_profils_factures_statuts.pdf,51,/docs_tech/afnor/afnor_xp_z12_012_formats_profils_factures_statuts.pdf#page=51,XP Z12-012 49 • MDT-111 (ConditionCode) : A utiliser en cas de Message Cycle de Vie transmettant un historique des statu,"XP Z12-012 49 • MDT-111 (ConditionCode) : A utiliser en cas de Message Cycle de Vie transmettant un historique des statuts de cycle de vie, correspond au code statut standard fourni en MDT-88. • MDT-113 (ReasonCode) : permet de renseigner le motif du statut en code, à choisir dans une liste. • MDT-114 (Reason) : permet de renseigner le motif en texte. • MDT-112 (Condition) : libellé du statut renseigné en MDT-111, uniquement en cas de fourniture d’un historique de statuts. • MDT-115 (ProcessCond"
docs_tech/afnor/afnor_xp_z12_012_formats_profils_factures_statuts.pdf,52,/docs_tech/afnor/afnor_xp_z12_012_formats_profils_factures_statuts.pdf#page=52,XP Z12-012 50 • MDG-43 (SpecifiedDocumentCharacteristic) : Bloc d’information répétable permettant de fournir des donnée,"XP Z12-012 50 • MDG-43 (SpecifiedDocumentCharacteristic) : Bloc d’information répétable permettant de fournir des données nécessaires pour le statut, composé des éléments suivants : • MDT-206 (ID) : code de la donnée sur laquelle le détail de statut porte (BT-84 pour un IBAN par exemple). • MDT-207 (TypeCode) : Code permettant de qualifier comment le bloc va être utilisé, cf règle BR-FR- CDV-CL-11. • MDT-208 (ValueChangeIndicator) : permet d’indiquer s’il s’agit de proposer ou de demander une mo"
docs_tech/afnor/afnor_xp_z12_012_formats_profils_factures_statuts.pdf,53,/docs_tech/afnor/afnor_xp_z12_012_formats_profils_factures_statuts.pdf#page=53,XP Z12-012 51 • MDT-215 (ValueAmount) : Valeur de montant quand il faut référencer un montant. En particulier pour un mo,"XP Z12-012 51 • MDT-215 (ValueAmount) : Valeur de montant quand il faut référencer un montant. En particulier pour un montant à e-reporter - un montant de paiement, un montant d’approbation de facture, 0 • MDT-217 (ValueMesure) : permet de signifier une Valeur de type unité de mesure attendue. • MDT-218 (ValueDateTime) : permet de signifier une Valeur de type Date et / ou heure attendue. • MDT-221 (ValueCode) : permet de signifier une Valeur de type Code attendue. • MDT-222 (ValueQuantity) : per"
docs_tech/afnor/afnor_xp_z12_012_formats_profils_factures_statuts.pdf,54,/docs_tech/afnor/afnor_xp_z12_012_formats_profils_factures_statuts.pdf#page=54,XP Z12-012 52 CODE BR Titre Description S'applique à BR-FR-CDV-06 Donnée Obligatoire MDT-21 est obligatoire MDT-21 BR-FR,"XP Z12-012 52 CODE BR Titre Description S'applique à BR-FR-CDV-06 Donnée Obligatoire MDT-21 est obligatoire MDT-21 BR-FR-CDV-07 ID légal du Destinataire du CDV SI MDT-77 est égal à 23 ALORS MDT-38 est obligatoire C'est un ID (légal, privé) de celui qui pose le statut SI MDT-77 est égal à 305 ALORS MDT-38 n'est pas renseignée MDT-38 BR-FR-CDV-08 Adresse électronique du Destinataire du CDV si MDT-59 EST DIFFERENT de WK, MDT-73 est Obligatoire MDT-73 BR-FR-CDV-09 CDV Transmission ou Traitement MDT-"
docs_tech/afnor/afnor_xp_z12_012_formats_profils_factures_statuts.pdf,55,/docs_tech/afnor/afnor_xp_z12_012_formats_profils_factures_statuts.pdf#page=55,XP Z12-012 53 CODE BR Titre Description S'applique à BR-FR-CDV-CL-03 CodeRole du Créateur (Issuer) du CDV Si le statut (,"XP Z12-012 53 CODE BR Titre Description S'applique à BR-FR-CDV-CL-03 CodeRole du Créateur (Issuer) du CDV Si le statut (MDT-77) est égal à 305, alors MDT-40 DOIT être égal à WK Si le statut (MDT-77) est égal à 23, alors MDT-40 est dans la liste suivante : (extrait de UNCL 3035) BY : Acheteur ; AB : Représentant de l'acheteur pour la vente. DL : Affactureur (Factor) SE : Vendeur AB : Agent d'acheteur SR : Agent de Vendeur PE : Bénéficiaire (Payee) PR : Payeur II : INVOICER (Facturant) IV : INVOIC"
docs_tech/afnor/afnor_xp_z12_012_formats_profils_factures_statuts.pdf,56,/docs_tech/afnor/afnor_xp_z12_012_formats_profils_factures_statuts.pdf#page=56,XP Z12-012 54 CODE BR Titre Description S'applique à BR-FR-CDV-CL-08 CodeRole du Destinataire de la facture (Nouveau Bén,XP Z12-012 54 CODE BR Titre Description S'applique à BR-FR-CDV-CL-08 CodeRole du Destinataire de la facture (Nouveau Bénéficiaire) MDT-132 DOIT ETRE dans la liste ci-dessous : (Extrait de UNCL 3035) BY : Acheteur ; AB : Représentant de l'acheteur pour la vente. DL : Affactureur (Factor) SE : Vendeur AB : Agent d'acheteur SR : Agent de Vendeur WK : Plateforme ou opérateur de dématérialisation (du fournisseur/vendeur ou de l'acheteur) ; DFH : Pour le PPF PE : Bénéficiaire (Payee) PR : Payeur II : 
docs_tech/afnor/afnor_xp_z12_012_formats_profils_factures_statuts.pdf,57,/docs_tech/afnor/afnor_xp_z12_012_formats_profils_factures_statuts.pdf#page=57,XP Z12-012 55 • Colonne C : Cardinalité dans le message CDAR • Colonne D (masquée) . cardinalité corrigée pour le PPF da,"XP Z12-012 55 • Colonne C : Cardinalité dans le message CDAR • Colonne D (masquée) . cardinalité corrigée pour le PPF dans l’annexe 2 des spécifications externes 3/0. Ceci sera géré par des règles de schematron et pas par une modification de cardinalité xsd. • Colonnes F à I : description des données, par niveau. • Colonne J (et K, masquée) : Xpath en présentation dépliée (la présentation en une ligne est en colonne K, masquée) • Colonne L : règle de présence des données : R (Requise), O (Option"
docs_tech/afnor/afnor_xp_z12_012_formats_profils_factures_statuts.pdf,58,/docs_tech/afnor/afnor_xp_z12_012_formats_profils_factures_statuts.pdf#page=58,"XP Z12-012 56 (normative) Description Excel des formats et profils Vous trouverez en Annexe A, un tableau Excel détailla","XP Z12-012 56 (normative) Description Excel des formats et profils Vous trouverez en Annexe A, un tableau Excel détaillant les Formats et Profils des messages Factures et Statuts de cycle de vie, constitutifs du socle minimal applicable à la Réforme Facture Électronique en France. AFNOR XP Z12-0122025-05 (Annulé le 2025-07-30)"
docs_tech/afnor/afnor_xp_z12_012_formats_profils_factures_statuts.pdf,59,/docs_tech/afnor/afnor_xp_z12_012_formats_profils_factures_statuts.pdf#page=59,XP Z12-012 57 Bibliographie [1] Dossier de spécifications externes de la Facture électronique 3.0 - Dossier général - Ag,"XP Z12-012 57 Bibliographie [1] Dossier de spécifications externes de la Facture électronique 3.0 - Dossier général - Agence pour l’informatique financière de l’État . [2] Dossier de spécifications externes de la Facture électronique 2.4 - Dossier général - Agence pour l’informatique financière de l’État . [3] Documentation du format Factur-X, publié par le FNFE-MPE et le FeRD, mis à jour tous les 6 mois, les 15 mai et 15 novembre de chaque année sur le site www.fnfe-mpe.org AFNOR XP Z12-0122025"
docs_tech/afnor/afnor_xp_z12_013_api_plateformes_dematerialisation.pdf,1,/docs_tech/afnor/afnor_xp_z12_013_api_plateformes_dematerialisation.pdf#page=1,"XP Z12-013 MAI 2025 Annulé le / Withdrawn on 2025-11-12 En tant que titulaire des droits d’auteurs sur ce document, ayan","XP Z12-013 MAI 2025 Annulé le / Withdrawn on 2025-11-12 En tant que titulaire des droits d’auteurs sur ce document, ayant-droit ou distributeur autorisé de ce document, AFNOR autorise la consultation et le téléchargement selon les droits qui vous sont alloués pour votre abonnement ou votre achat. Tous autres droits relatifs à ces documents sont réservés. AFNOR s’oppose expressément à toute intégration, transmission ou absorption totale ou partielle du présent document par des moteurs ou algorith"
docs_tech/afnor/afnor_xp_z12_013_api_plateformes_dematerialisation.pdf,2,/docs_tech/afnor/afnor_xp_z12_013_api_plateformes_dematerialisation.pdf#page=2,afnor_xp_z12_013_api_plateformes_dematerialisation page 2,
docs_tech/afnor/afnor_xp_z12_013_api_plateformes_dematerialisation.pdf,3,/docs_tech/afnor/afnor_xp_z12_013_api_plateformes_dematerialisation.pdf#page=3,"Le cas échéant, seules les formes verbales doit et doivent sont utilisées pour exprimer une ou des exigences qui doivent","Le cas échéant, seules les formes verbales doit et doivent sont utilisées pour exprimer une ou des exigences qui doivent être respectées pour se conformer au présent document. Pour les méthodes d’essai , l’utilisation de l’infinitif correspond à une exigence. Des informations complémentaires sont disponibles sur votre espace client AFNOR (Relati ons avec normes Européennes et internationales, indice de classement, descripteurs, Etc.) Éditée et diffusée par l’!ssociation Française de Normalisatio"
docs_tech/afnor/afnor_xp_z12_013_api_plateformes_dematerialisation.pdf,4,/docs_tech/afnor/afnor_xp_z12_013_api_plateformes_dematerialisation.pdf#page=4,XP Z12-013 2 Sommaire Avant-propos .....................................................................................,XP Z12-013 2 Sommaire Avant-propos ...................................................................................................................................... 3 Introduction ........................................................................................................................................ 4 1 Domaine d'application .......................................................................................................... 5 2 Références normatives ...................
docs_tech/afnor/afnor_xp_z12_013_api_plateformes_dematerialisation.pdf,5,/docs_tech/afnor/afnor_xp_z12_013_api_plateformes_dematerialisation.pdf#page=5,XP Z12-013 3 Avant-propos Le présent document est destiné à tous les organismes qui souhaitent échanger des factures éle,"XP Z12-013 3 Avant-propos Le présent document est destiné à tous les organismes qui souhaitent échanger des factures électroniques dans le contexte de la réglementation française (Réforme de la Facture Électronique telle que décrite aux article 289, 289BIS, 290 et 290A du Code Générale des Impôts), mais aussi plus largement dans le respect des dispositions de la Directive 2006-112-CE, modifiée par le Directive UE 2025/516 dite ViDA (VAT in the Digital Age). Le présent document présente des API d"
docs_tech/afnor/afnor_xp_z12_013_api_plateformes_dematerialisation.pdf,6,/docs_tech/afnor/afnor_xp_z12_013_api_plateformes_dematerialisation.pdf#page=6,XP Z12-013 4 Introduction Le contexte de ce travail de standardisation est la mise en place de la facturation électroniq,"XP Z12-013 4 Introduction Le contexte de ce travail de standardisation est la mise en place de la facturation électroniq ue obligatoire en France. L’objectif des !PI (Interface de programmation applicative) standardisées est de permettre une interface standard entre le système d’information (SI) de l’entreprise dans son ensemble intégrant aussi les OD (Opérateur de Dématérialisation) d’une part, et les PDP (Plateforme de Dématérialisation Partenaire) d’autre part, de façon à construire une inter"
docs_tech/afnor/afnor_xp_z12_013_api_plateformes_dematerialisation.pdf,7,/docs_tech/afnor/afnor_xp_z12_013_api_plateformes_dematerialisation.pdf#page=7,XP Z12-013 5 1 Domaine d'application Le présent document vise à décrire des API (Interface de programmation applicative),XP Z12-013 5 1 Domaine d'application Le présent document vise à décrire des API (Interface de programmation applicative) standardisées et les règles applicables afin de faciliter les échanges entre les différents acteurs de la Réforme de la F acture électronique en France. Ces API sont des interfaces communes permettant : ⎯ L’interaction des Opérateurs de Dématérialisation (OD) et les Systèmes d'Information (SI) des entreprises avec l'ensemble des Plateformes de Dématérialisation Partenaires (PD
docs_tech/afnor/afnor_xp_z12_013_api_plateformes_dematerialisation.pdf,8,/docs_tech/afnor/afnor_xp_z12_013_api_plateformes_dematerialisation.pdf#page=8,XP Z12-013 6 Figure 3 — Périmètre des API La figure 3 ci-dessus décrit : • Ce qui est inclus en termes d’exigence dans l,"XP Z12-013 6 Figure 3 — Périmètre des API La figure 3 ci-dessus décrit : • Ce qui est inclus en termes d’exigence dans le périmètre du présent document : ▪ Règles communes : Authentification ▪ API Flux : Envoyer, rechercher et récupérer un Flux ▪ Fonctionnel : Les flux réglementés français (facture entre assujettis à la TVA en France) ▪ Protocole de communication : API REST • Ce qui est inclus en termes de recommandations : ▪ Règles communes : Paramétrage des droits. ▪ API Flux : Webhook d’arriv"
docs_tech/afnor/afnor_xp_z12_013_api_plateformes_dematerialisation.pdf,9,/docs_tech/afnor/afnor_xp_z12_013_api_plateformes_dematerialisation.pdf#page=9,XP Z12-013 7 ▪ API Métier : Envoyer / rechercher et recevoir un flux facture ou un flux de cycle de vie. ▪ API Métier : ,"XP Z12-013 7 ▪ API Métier : Envoyer / rechercher et recevoir un flux facture ou un flux de cycle de vie. ▪ API Métier : Envoyer des données du E-Reporting, gérer des déclarations de E-Reporting. ▪ Protocole de communication : SFTP / AS2 / AS4 2 Références normatives Les documents de référence suivants sont indispensables pour l'application du présent document. Pour les références datées, seule l'édition citée s'applique. Pour les références non datées, la dernière édition du document de référenc"
docs_tech/afnor/afnor_xp_z12_013_api_plateformes_dematerialisation.pdf,10,/docs_tech/afnor/afnor_xp_z12_013_api_plateformes_dematerialisation.pdf#page=10,"XP Z12-013 8 avec n'importe quel protocole ou format de données, l'architecture REST utilise le plus souvent le protocol","XP Z12-013 8 avec n'importe quel protocole ou format de données, l'architecture REST utilise le plus souvent le protocole HTTP et transfère les données en utilisant majoritairement le JSON (JavaScript Object Notation). Une API REST liste un ensemble de « Routes » qui permettent au Client API d’agir; 3.3 API publiée par le Fournisseur API L’ensemble des !PI mises à dispositions du Fournisseur !PI qui sont dans le domaine d’application du présent document. 3.4 Bearer L'authentification via un ‘bea"
docs_tech/afnor/afnor_xp_z12_013_api_plateformes_dematerialisation.pdf,11,/docs_tech/afnor/afnor_xp_z12_013_api_plateformes_dematerialisation.pdf#page=11,XP Z12-013 9 ⎯ Flux 8 : correspond au message facture échangé entre une entité soumise à la réforme et une enti té inter,"XP Z12-013 9 ⎯ Flux 8 : correspond au message facture échangé entre une entité soumise à la réforme et une enti té internationale conforme aux dispositions du présent document. ⎯ Flux 9 : correspond au message facture échangé entre une entité soumise à la réforme un non assujetti établi en France (principalement un Particulier), conforme aux dispositions du présent document. ⎯ Flux 10 : correspond au message de « e-reporting » que les entités soumises à la Réforme Facture Électronique doivent tr"
docs_tech/afnor/afnor_xp_z12_013_api_plateformes_dematerialisation.pdf,12,/docs_tech/afnor/afnor_xp_z12_013_api_plateformes_dematerialisation.pdf#page=12,XP Z12-013 10 mais peuvent agir au nom et pour le compte de l’entreprise auprès de s plateformes de leur choix (y compri,"XP Z12-013 10 mais peuvent agir au nom et pour le compte de l’entreprise auprès de s plateformes de leur choix (y compris ChorusPro). Note 1 au 3.11 : Les OD sont par exemple des solutions de gestion, des ERP, des plateformes de Purchase to Pay ou d’Order to Cash, des solutions EDI, des solutions bancaires, de refinancement de factures, de carte d’achat … Ayant à intervenir sur le pèrimétre facture (soit en crèation, soit en intègration, validation, paiement, …). 3.12 PDP (Plateforme de Dématéri"
docs_tech/afnor/afnor_xp_z12_013_api_plateformes_dematerialisation.pdf,13,/docs_tech/afnor/afnor_xp_z12_013_api_plateformes_dematerialisation.pdf#page=13,"XP Z12-013 11 Si un Compte API peut envoyer et recevoir des flux pour le compte de plusieurs entreprises, il est recomma","XP Z12-013 11 Si un Compte API peut envoyer et recevoir des flux pour le compte de plusieurs entreprises, il est recommandé qu’un compte !PI ne permette d’agir que pour un nombre restreint d’entreprises. 4.3 Pagination L’!PI publiée par le Fournisseur !PI doit utiliser un système de pagination basé sur les propriétés ‘limit’ et ‘offset’ lors de l’appel et retourner ‘total’ , ‘offset’ et ‘limit’ dans la réponse. 4.4 Route GET / healthcheck L’!PI publiée par le Fournisseur !PI doit avoir une route"
docs_tech/afnor/afnor_xp_z12_013_api_plateformes_dematerialisation.pdf,14,/docs_tech/afnor/afnor_xp_z12_013_api_plateformes_dematerialisation.pdf#page=14,XP Z12-013 12 5.2.3 Retour de la route Le Fournisseur API doit retourner en synchrone un objet avec une propriété ‘flowI,XP Z12-013 12 5.2.3 Retour de la route Le Fournisseur API doit retourner en synchrone un objet avec une propriété ‘flowId’ permettant d’identifier de manière unique le flux dans son système d’information pour un Client !PI donné. 5.3 Rechercher un flux (Route POST / Search) 5.3.1 Gestion du différentiel Le Fournisseur API doit mettre à disposition la route POST / Search pour permettre la récup ération des flux en différentiel en permettant à ce dernier de ne récupérer que les dernières factures 
docs_tech/afnor/afnor_xp_z12_013_api_plateformes_dematerialisation.pdf,15,/docs_tech/afnor/afnor_xp_z12_013_api_plateformes_dematerialisation.pdf#page=15,XP Z12-013 13 Tableau 2 — Routes de consultation de l’!nnuaire Ressource Route Description SIREN POST/siren/search Reche,XP Z12-013 13 Tableau 2 — Routes de consultation de l’!nnuaire Ressource Route Description SIREN POST/siren/search Rechercher un SIREN avec plusieurs critères en JSON GET/siren/code-insee:{siren} Rechercher un SIREN avec le SIREN (test d’existence ou récupération des informations du SIREN) GET/siren/id-instance:{id-instance} Rechercher un SIREN avec l’id - instance SIRET POST/siret/search Rechercher un SIRET avec plusieurs critères en JSON GET/siret/code-insee:{siret} Rechercher un SIRET avec le
docs_tech/afnor/afnor_xp_z12_013_api_plateformes_dematerialisation.pdf,16,/docs_tech/afnor/afnor_xp_z12_013_api_plateformes_dematerialisation.pdf#page=16,XP Z12-013 14 Tableau 3 — Routes de demande de mise à jour de l’!nnuaire Ressource Route Description Code routage POST/r,XP Z12-013 14 Tableau 3 — Routes de demande de mise à jour de l’!nnuaire Ressource Route Description Code routage POST/routing-code Demander la création d’un code routage PATCH/routing-code/id-instance{id- instance} Demander la modification d’un code de routage PUT/routing-code/id-instance{id- instance} Demander la modification d’un code de routage Ligne d’adressage POST/directory-line Demander la création d’une ligne d’adressage PATCH/directory-line/id-instance:{id- instance} Demander la modifi
docs_tech/afnor/afnor_xp_z12_013_api_plateformes_dematerialisation.pdf,17,/docs_tech/afnor/afnor_xp_z12_013_api_plateformes_dematerialisation.pdf#page=17,XP Z12-013 15 (normative) Vous trouverez en Annexe A un fichier JSON correspondant au swagger AFNOR-Directory_Service-1.,XP Z12-013 15 (normative) Vous trouverez en Annexe A un fichier JSON correspondant au swagger AFNOR-Directory_Service-1.0.0. AFNOR XP Z12-0132025-05 (Annulé le 2025-11-12)
docs_tech/afnor/afnor_xp_z12_013_api_plateformes_dematerialisation.pdf,18,/docs_tech/afnor/afnor_xp_z12_013_api_plateformes_dematerialisation.pdf#page=18,XP Z12-013 16 (normative) Vous trouverez en Annexe B un fichier JSON correspondant au swagger AFNOR-Flow_Service-1.0.2. ,XP Z12-013 16 (normative) Vous trouverez en Annexe B un fichier JSON correspondant au swagger AFNOR-Flow_Service-1.0.2. AFNOR XP Z12-0132025-05 (Annulé le 2025-11-12)
docs_tech/afnor/afnor_xp_z12_013_api_plateformes_dematerialisation.pdf,19,/docs_tech/afnor/afnor_xp_z12_013_api_plateformes_dematerialisation.pdf#page=19,XP Z12-013 17 Bibliographie [1] Dossier de spécifications externes de la Facture électronique 3.0 - Dossier général - Ag,XP Z12-013 17 Bibliographie [1] Dossier de spécifications externes de la Facture électronique 3.0 - Dossier général - Agence pour l’informatique financière de l’État; AFNOR XP Z12-0132025-05 (Annulé le 2025-11-12)
docs_tech/afnor/afnor_xp_z12_014_annexe_a_cas_usage_b2b.pdf,1,/docs_tech/afnor/afnor_xp_z12_014_annexe_a_cas_usage_b2b.pdf#page=1,XP Z12-014 - Cas d’usage B2B applicables dans le cadre la Réforme Facture Électronique en France. ANNEXE A (normative) :,"XP Z12-014 - Cas d’usage B2B applicables dans le cadre la Réforme Facture Électronique en France. ANNEXE A (normative) : Description des principaux cas d’usage spécifiques Page 1/108 Commission de Normalisation AFNOR Facture Électronique XP Z12-014 Annexe A Description des principaux cas d’usage spécifiques Version 1.0 du 13 juin 2025 GESTION DE VERSION N° de Version Date de Version Description des évolutions V1.0 2025 06 13 Version initiale Rédacteur : FNFE-MPE, sur la base des travaux initiaux"
docs_tech/afnor/afnor_xp_z12_014_annexe_a_cas_usage_b2b.pdf,2,/docs_tech/afnor/afnor_xp_z12_014_annexe_a_cas_usage_b2b.pdf#page=2,XP Z12-014 - Cas d’usage B2B applicables dans le cadre la Réforme Facture Électronique en France. ANNEXE A (normative) :,XP Z12-014 - Cas d’usage B2B applicables dans le cadre la Réforme Facture Électronique en France. ANNEXE A (normative) : Description des principaux cas d’usage spécifiques Page 2/108 Table des matières 1 Présentation générale .................................................................................................... 5 1.1 Présentation du circuit de facturation et des acteurs impliqués ............................................................. 5 1.2 Présentation des annexes utilisées 
docs_tech/afnor/afnor_xp_z12_014_annexe_a_cas_usage_b2b.pdf,3,/docs_tech/afnor/afnor_xp_z12_014_annexe_a_cas_usage_b2b.pdf#page=3,XP Z12-014 - Cas d’usage B2B applicables dans le cadre la Réforme Facture Électronique en France. ANNEXE A (normative) :,XP Z12-014 - Cas d’usage B2B applicables dans le cadre la Réforme Facture Électronique en France. ANNEXE A (normative) : Description des principaux cas d’usage spécifiques Page 3/108 3.2.18.1 Cas n°19a : Facture émise par un tiers Facturant avec mandat de facturation ............................................................. 74 3.2.18.2 Cas n°19b : Auto-facturation .................................................................................................................................
docs_tech/afnor/afnor_xp_z12_014_annexe_a_cas_usage_b2b.pdf,4,/docs_tech/afnor/afnor_xp_z12_014_annexe_a_cas_usage_b2b.pdf#page=4,XP Z12-014 - Cas d’usage B2B applicables dans le cadre la Réforme Facture Électronique en France. ANNEXE A (normative) :,XP Z12-014 - Cas d’usage B2B applicables dans le cadre la Réforme Facture Électronique en France. ANNEXE A (normative) : Description des principaux cas d’usage spécifiques Page 4/108 Table des figures Figure 1 : Illustration du cycle de vie et des différents statuts .......................................................................................... 9 Figure 2 : cas nominal d’échange de facture ................................................................................................
docs_tech/afnor/afnor_xp_z12_014_annexe_a_cas_usage_b2b.pdf,5,/docs_tech/afnor/afnor_xp_z12_014_annexe_a_cas_usage_b2b.pdf#page=5,XP Z12-014 - Cas d’usage B2B applicables dans le cadre la Réforme Facture Électronique en France. ANNEXE A (normative) :,"XP Z12-014 - Cas d’usage B2B applicables dans le cadre la Réforme Facture Électronique en France. ANNEXE A (normative) : Description des principaux cas d’usage spécifiques Page 5/108 Figure 39 : Paiements mensuels dans le cadre d’une vente B2C, option pour les débits et complément à payer (cas 1b) .............................................................................................................................................................. 103 Figure 40 : Paiements mensuels et trop"
docs_tech/afnor/afnor_xp_z12_014_annexe_a_cas_usage_b2b.pdf,6,/docs_tech/afnor/afnor_xp_z12_014_annexe_a_cas_usage_b2b.pdf#page=6,XP Z12-014 - Cas d’usage B2B applicables dans le cadre la Réforme Facture Électronique en France. ANNEXE A (normative) :,"XP Z12-014 - Cas d’usage B2B applicables dans le cadre la Réforme Facture Électronique en France. ANNEXE A (normative) : Description des principaux cas d’usage spécifiques Page 6/108 impliqués (VENDEUR, ACHETEURS, leurs PDP et systèmes d’informations y compris OD, ainsi que différents tiers et leurs PDP / OD). Ces cas d’usage peuvent se répartir en trois grandes familles, sachant que certains font appel à plusieurs familles : • Les cas d’usage nécessitant des indications pour implémenter les don"
docs_tech/afnor/afnor_xp_z12_014_annexe_a_cas_usage_b2b.pdf,7,/docs_tech/afnor/afnor_xp_z12_014_annexe_a_cas_usage_b2b.pdf#page=7,XP Z12-014 - Cas d’usage B2B applicables dans le cadre la Réforme Facture Électronique en France. ANNEXE A (normative) :,"XP Z12-014 - Cas d’usage B2B applicables dans le cadre la Réforme Facture Électronique en France. ANNEXE A (normative) : Description des principaux cas d’usage spécifiques Page 7/108 • Les OD (Opérateurs de Dématérialisation), qui sont des prestataires ou solutions de gestion en amont et en aval de l’échange de factures et de cycles de vie, et peuvent intervenir en interface entre les différentes Parties décrites ci-dessus et les PDP. • Le PPF (Portail Public de Facturation) est en charge de l’A"
docs_tech/afnor/afnor_xp_z12_014_annexe_a_cas_usage_b2b.pdf,8,/docs_tech/afnor/afnor_xp_z12_014_annexe_a_cas_usage_b2b.pdf#page=8,XP Z12-014 - Cas d’usage B2B applicables dans le cadre la Réforme Facture Électronique en France. ANNEXE A (normative) :,"XP Z12-014 - Cas d’usage B2B applicables dans le cadre la Réforme Facture Électronique en France. ANNEXE A (normative) : Description des principaux cas d’usage spécifiques Page 8/108 • « SIREN » de l’entité juridique. C’est l’adresse la plus courante utilisée par les entreprises (surtout quand elles n’en ont qu’une seule). • « SIREN_SIRET » : si l’entreprise a souhaité créer des adresses de facturation électroniques pour un de ses établissements, qui doit lui-même être actif et présent dans l’An"
docs_tech/afnor/afnor_xp_z12_014_annexe_a_cas_usage_b2b.pdf,9,/docs_tech/afnor/afnor_xp_z12_014_annexe_a_cas_usage_b2b.pdf#page=9,XP Z12-014 - Cas d’usage B2B applicables dans le cadre la Réforme Facture Électronique en France. ANNEXE A (normative) :,"XP Z12-014 - Cas d’usage B2B applicables dans le cadre la Réforme Facture Électronique en France. ANNEXE A (normative) : Description des principaux cas d’usage spécifiques Page 9/108 Figure 1 : Illustration du cycle de vie et des différents statuts L’analyse des cas d’usage montre qu’il sera nécessaire de prévoir des statuts additionnels complémentaires, venant soutenir le traitement, comme un statut « Affacturée », « Affacturée confidentiel », « Non Affacturée », « Demande de Paiement direct »,"
docs_tech/afnor/afnor_xp_z12_014_annexe_a_cas_usage_b2b.pdf,10,/docs_tech/afnor/afnor_xp_z12_014_annexe_a_cas_usage_b2b.pdf#page=10,XP Z12-014 - Cas d’usage B2B applicables dans le cadre la Réforme Facture Électronique en France. ANNEXE A (normative) :,"XP Z12-014 - Cas d’usage B2B applicables dans le cadre la Réforme Facture Électronique en France. ANNEXE A (normative) : Description des principaux cas d’usage spécifiques Page 10/108 Étape Nom de l’étape Acteur responsable Description 2 Transmission du flux 1, de la facture (flux 2) et des statuts afférents PDP-E La PDP-E ayant effectué les contrôles réglementaires de conformité, y compris les contrôles de doublons et d’existence d’une adresse de facturation électronique du destinataire active,"
docs_tech/afnor/afnor_xp_z12_014_annexe_a_cas_usage_b2b.pdf,11,/docs_tech/afnor/afnor_xp_z12_014_annexe_a_cas_usage_b2b.pdf#page=11,XP Z12-014 - Cas d’usage B2B applicables dans le cadre la Réforme Facture Électronique en France. ANNEXE A (normative) :,"XP Z12-014 - Cas d’usage B2B applicables dans le cadre la Réforme Facture Électronique en France. ANNEXE A (normative) : Description des principaux cas d’usage spécifiques Page 11/108 • MDT-207 (Code du type de donnée) : MEN (signifiant « Montant encaissé (TTC) »). • MDT-215 (Montant) : le Montant TTC Encaissé. • MDT-224 : le taux de TVA applicable au montant encaissé TTC. Exemple : une facture de 1 160 € TTC, dont 600 € HT à 20% de TVA (120 €) et 400 € HT à 10% (40 €) : • MDG-43 (1ère occurrenc"
docs_tech/afnor/afnor_xp_z12_014_annexe_a_cas_usage_b2b.pdf,12,/docs_tech/afnor/afnor_xp_z12_014_annexe_a_cas_usage_b2b.pdf#page=12,XP Z12-014 - Cas d’usage B2B applicables dans le cadre la Réforme Facture Électronique en France. ANNEXE A (normative) :,"XP Z12-014 - Cas d’usage B2B applicables dans le cadre la Réforme Facture Électronique en France. ANNEXE A (normative) : Description des principaux cas d’usage spécifiques Page 12/108 Ø De transmettre les statuts de la phase de transmission à la PDP contrepartie à l’échange SAUF le statut « Emise » et le statut « Rejetée » à l’émission, lorsqu’il est posé par la PDP-E en charge du traitement à l’émission. Ø De transmettre à la PDP contrepartie à l‘échange les statuts qu’elle reçoit de ses utilis"
docs_tech/afnor/afnor_xp_z12_014_annexe_a_cas_usage_b2b.pdf,13,/docs_tech/afnor/afnor_xp_z12_014_annexe_a_cas_usage_b2b.pdf#page=13,XP Z12-014 - Cas d’usage B2B applicables dans le cadre la Réforme Facture Électronique en France. ANNEXE A (normative) :,"XP Z12-014 - Cas d’usage B2B applicables dans le cadre la Réforme Facture Électronique en France. ANNEXE A (normative) : Description des principaux cas d’usage spécifiques Page 13/108 Figure 3 : Rejet à l’émission d’une facture e-invoicing Obligations de la PDP-E en cas de Rejet à l’émission : Ø Poser le statut « Rejetée », avec un motif de rejet de la liste des motifs applicables, le transmettre au CdD PPF et le mettre à disposition du VENDEUR. Fonctionnalités optionnelles de la PDP-E en cas de"
docs_tech/afnor/afnor_xp_z12_014_annexe_a_cas_usage_b2b.pdf,14,/docs_tech/afnor/afnor_xp_z12_014_annexe_a_cas_usage_b2b.pdf#page=14,XP Z12-014 - Cas d’usage B2B applicables dans le cadre la Réforme Facture Électronique en France. ANNEXE A (normative) :,"XP Z12-014 - Cas d’usage B2B applicables dans le cadre la Réforme Facture Électronique en France. ANNEXE A (normative) : Description des principaux cas d’usage spécifiques Page 14/108 Étape Nom de l’étape Acteur responsable Description 3a 3b Rejet de la facture en réception PDP-R La plateforme de l’ACHETEUR (PDP-R) reçoit la facture (flux 2 ou flux 3), exécute les contrôles réglementaires et constate une erreur. Elle doit créer une statut « Rejetée » (code 213) avec le motif de Rejet, et le tran"
docs_tech/afnor/afnor_xp_z12_014_annexe_a_cas_usage_b2b.pdf,15,/docs_tech/afnor/afnor_xp_z12_014_annexe_a_cas_usage_b2b.pdf#page=15,XP Z12-014 - Cas d’usage B2B applicables dans le cadre la Réforme Facture Électronique en France. ANNEXE A (normative) :,"XP Z12-014 - Cas d’usage B2B applicables dans le cadre la Réforme Facture Électronique en France. ANNEXE A (normative) : Description des principaux cas d’usage spécifiques Page 15/108 Fonctionnalités optionnelles de la PDP-E en cas de Rejet en réception : Ø Si le VENDEUR transmet à sa PDP-E un AVOIR faisant référence à une facture initiale Rejetée référencée en BG-3 (référence à une facture antérieure), la PDP-E ne transmet pas l’AVOIR à l’ACHETEUR et ne transmet pas de flux 1 de cet avoir au Cd"
docs_tech/afnor/afnor_xp_z12_014_annexe_a_cas_usage_b2b.pdf,16,/docs_tech/afnor/afnor_xp_z12_014_annexe_a_cas_usage_b2b.pdf#page=16,XP Z12-014 - Cas d’usage B2B applicables dans le cadre la Réforme Facture Électronique en France. ANNEXE A (normative) :,"XP Z12-014 - Cas d’usage B2B applicables dans le cadre la Réforme Facture Électronique en France. ANNEXE A (normative) : Description des principaux cas d’usage spécifiques Page 16/108 Étape Nom de l’étape Acteur responsable Description 1a Le VENDEUR procède à une annulation comptable de la facture « Refusée » VENDEUR Le VENDEUR annule la facture « Refusée » dans ses comptes, par exemple par la création d’un AVOIR INTERNE. Il ne le transmet pas à sa PDP-E, sauf pour archivage uniquement le cas éc"
docs_tech/afnor/afnor_xp_z12_014_annexe_a_cas_usage_b2b.pdf,17,/docs_tech/afnor/afnor_xp_z12_014_annexe_a_cas_usage_b2b.pdf#page=17,XP Z12-014 - Cas d’usage B2B applicables dans le cadre la Réforme Facture Électronique en France. ANNEXE A (normative) :,"XP Z12-014 - Cas d’usage B2B applicables dans le cadre la Réforme Facture Électronique en France. ANNEXE A (normative) : Description des principaux cas d’usage spécifiques Page 17/108 Fonctionnalités optionnelles de la PDP-E en cas de Refus par l’ACHETEUR : Ø Si le VENDEUR transmet à sa PDP-E un AVOIR faisant référence à une facture initiale Refusée référencée en BG-3 (référence à une facture antérieure), la PDP-E ne transmet pas l’AVOIR à l’ACHETEUR et ne transmet pas de flux 1 au CdD PPF. Acti"
docs_tech/afnor/afnor_xp_z12_014_annexe_a_cas_usage_b2b.pdf,18,/docs_tech/afnor/afnor_xp_z12_014_annexe_a_cas_usage_b2b.pdf#page=18,XP Z12-014 - Cas d’usage B2B applicables dans le cadre la Réforme Facture Électronique en France. ANNEXE A (normative) :,"XP Z12-014 - Cas d’usage B2B applicables dans le cadre la Réforme Facture Électronique en France. ANNEXE A (normative) : Description des principaux cas d’usage spécifiques Page 18/108 Étape Nom de l’étape Acteur responsable Description 4a 4b Traitement de la facture et mise à jour des statuts avant son paiement ACHETEUR PDP-R L’ACHETEUR traite la facture et constate un écart avec ce qui est attendu. Il pose donc un statut « en Litige », avec un motif, obligatoire, et le cas échéant une action at"
docs_tech/afnor/afnor_xp_z12_014_annexe_a_cas_usage_b2b.pdf,19,/docs_tech/afnor/afnor_xp_z12_014_annexe_a_cas_usage_b2b.pdf#page=19,XP Z12-014 - Cas d’usage B2B applicables dans le cadre la Réforme Facture Électronique en France. ANNEXE A (normative) :,"XP Z12-014 - Cas d’usage B2B applicables dans le cadre la Réforme Facture Électronique en France. ANNEXE A (normative) : Description des principaux cas d’usage spécifiques Page 19/108 Figure 6 : Facture en litige, suivie d’un AVOIR partiel ou total Obligations de la PDP-R en cas de statut « en Litige » suivi d’un AVOIR partiel ou total : Ø Transmettre le statut « En Litige » de F1 à la PDP-E, puis traiter l’AVOIR F2 comme une facture normale, avec ses statuts posés par l’ACHETEUR. Obligations de"
docs_tech/afnor/afnor_xp_z12_014_annexe_a_cas_usage_b2b.pdf,20,/docs_tech/afnor/afnor_xp_z12_014_annexe_a_cas_usage_b2b.pdf#page=20,XP Z12-014 - Cas d’usage B2B applicables dans le cadre la Réforme Facture Électronique en France. ANNEXE A (normative) :,XP Z12-014 - Cas d’usage B2B applicables dans le cadre la Réforme Facture Électronique en France. ANNEXE A (normative) : Description des principaux cas d’usage spécifiques Page 20/108 2.6 Gestion d’un « Litige » suivi d’une Facture Rectificative Ce cas décrit surtout comment se passe la gestion d’une facture rectificative créée pour annuler et remplacer une facture en litige. Étape Nom de l’étape Acteur responsable Description 1 Création de la facture F1 à destination de l’ACHETEUR VENDEUR Suite
docs_tech/afnor/afnor_xp_z12_014_annexe_a_cas_usage_b2b.pdf,21,/docs_tech/afnor/afnor_xp_z12_014_annexe_a_cas_usage_b2b.pdf#page=21,XP Z12-014 - Cas d’usage B2B applicables dans le cadre la Réforme Facture Électronique en France. ANNEXE A (normative) :,XP Z12-014 - Cas d’usage B2B applicables dans le cadre la Réforme Facture Électronique en France. ANNEXE A (normative) : Description des principaux cas d’usage spécifiques Page 21/108 Étape Nom de l’étape Acteur responsable Description 5a 5b Paiement de la facture F2 Création et transmission du statut « Paiement transmis) ACHETEUR / PDP-R L’ACHETEUR paye la facture F2 au VENDEUR. Il peut transmettre un statut « Paiement Transmis » au VENDEUR au travers de la PDP-R (recommandé). 5c Réception du s
docs_tech/afnor/afnor_xp_z12_014_annexe_a_cas_usage_b2b.pdf,22,/docs_tech/afnor/afnor_xp_z12_014_annexe_a_cas_usage_b2b.pdf#page=22,XP Z12-014 - Cas d’usage B2B applicables dans le cadre la Réforme Facture Électronique en France. ANNEXE A (normative) :,"XP Z12-014 - Cas d’usage B2B applicables dans le cadre la Réforme Facture Électronique en France. ANNEXE A (normative) : Description des principaux cas d’usage spécifiques Page 22/108 Obligations de la PDP-R en cas de statut « en Litige » suivi d’une Facture Rectificative : Ø Transmettre le statut « En Litige » de la facture F1 à la PDP-E, puis traiter la Facture Rectificative F2 comme une facture normale, avec ses statuts posés par l’ACHETEUR. Obligations de la PDP-E en cas de statut « en Litig"
docs_tech/afnor/afnor_xp_z12_014_annexe_a_cas_usage_b2b.pdf,23,/docs_tech/afnor/afnor_xp_z12_014_annexe_a_cas_usage_b2b.pdf#page=23,XP Z12-014 - Cas d’usage B2B applicables dans le cadre la Réforme Facture Électronique en France. ANNEXE A (normative) :,XP Z12-014 - Cas d’usage B2B applicables dans le cadre la Réforme Facture Électronique en France. ANNEXE A (normative) : Description des principaux cas d’usage spécifiques Page 23/108 Catégorie ID Cas d’usage Facture avec « adressée à » différent de l’acheteur 11 Cas n°11 : Facture devant être reçue et traitée par un Tiers pour le compte de l’ACHETEUR Intermédiaire transparent 12 Cas n°12 : Intermédiaire transparent gestionnaire de facture pour son commettant ACHETEUR Facture de sous-traitance e
docs_tech/afnor/afnor_xp_z12_014_annexe_a_cas_usage_b2b.pdf,24,/docs_tech/afnor/afnor_xp_z12_014_annexe_a_cas_usage_b2b.pdf#page=24,XP Z12-014 - Cas d’usage B2B applicables dans le cadre la Réforme Facture Électronique en France. ANNEXE A (normative) :,XP Z12-014 - Cas d’usage B2B applicables dans le cadre la Réforme Facture Électronique en France. ANNEXE A (normative) : Description des principaux cas d’usage spécifiques Page 24/108 Catégorie ID Cas d’usage Gestion des paiements mensuels 32 Cas n°32 : Les paiements mensuels Régime de TVA sur la marge 33 Cas n°33 : Les opérations soumises au régime de la marge bénéficiaire Encaissement partiel et annulation d’encaissement 34 Cas n°34 : Encaissement partiel et annulation Notes d’auteur 35 Cas n°
docs_tech/afnor/afnor_xp_z12_014_annexe_a_cas_usage_b2b.pdf,25,/docs_tech/afnor/afnor_xp_z12_014_annexe_a_cas_usage_b2b.pdf#page=25,XP Z12-014 - Cas d’usage B2B applicables dans le cadre la Réforme Facture Électronique en France. ANNEXE A (normative) :,"XP Z12-014 - Cas d’usage B2B applicables dans le cadre la Réforme Facture Électronique en France. ANNEXE A (normative) : Description des principaux cas d’usage spécifiques Page 25/108 3.2.2 Cas n°1 : Multi-commande / Multi-livraison La norme EN16931 ne permet pas de transmettre des factures multi-commandes / multi-livraisons. Afin de pouvoir transmettre ces factures, des extensions ont été ajoutées permettant de gérer une multiplicité de commande/livraison sur la facture. Il est ainsi possible d"
docs_tech/afnor/afnor_xp_z12_014_annexe_a_cas_usage_b2b.pdf,26,/docs_tech/afnor/afnor_xp_z12_014_annexe_a_cas_usage_b2b.pdf#page=26,XP Z12-014 - Cas d’usage B2B applicables dans le cadre la Réforme Facture Électronique en France. ANNEXE A (normative) :,"XP Z12-014 - Cas d’usage B2B applicables dans le cadre la Réforme Facture Électronique en France. ANNEXE A (normative) : Description des principaux cas d’usage spécifiques Page 26/108 Obligations du VENDEUR : Ø Créer le statut « Encaissée » en parallèle de la facture, si la TVA est due à l’encaissement, et le transmettre au travers de sa PDP-E. Fonctionnalité optionnelle de la PDP-E : Ø Proposer la création du message de cycle de vie « Encaissée » pour le compte du VENDEUR en cas de facture déjà"
docs_tech/afnor/afnor_xp_z12_014_annexe_a_cas_usage_b2b.pdf,27,/docs_tech/afnor/afnor_xp_z12_014_annexe_a_cas_usage_b2b.pdf#page=27,XP Z12-014 - Cas d’usage B2B applicables dans le cadre la Réforme Facture Électronique en France. ANNEXE A (normative) :,"XP Z12-014 - Cas d’usage B2B applicables dans le cadre la Réforme Facture Électronique en France. ANNEXE A (normative) : Description des principaux cas d’usage spécifiques Page 27/108 Etape Nom de l’étape Acteur responsable Description 2 Émission de la facture et Transmission des données du flux 1 au PPF PDP-E La PDP-E ayant effectué les contrôles réglementaires de conformité, y compris les contrôles de doublons et d’existence d’une adresse de facturation électronique du destinataire active, DOI"
docs_tech/afnor/afnor_xp_z12_014_annexe_a_cas_usage_b2b.pdf,28,/docs_tech/afnor/afnor_xp_z12_014_annexe_a_cas_usage_b2b.pdf#page=28,XP Z12-014 - Cas d’usage B2B applicables dans le cadre la Réforme Facture Électronique en France. ANNEXE A (normative) :,"XP Z12-014 - Cas d’usage B2B applicables dans le cadre la Réforme Facture Électronique en France. ANNEXE A (normative) : Description des principaux cas d’usage spécifiques Page 28/108 Figure 9 : Facture à payer par un tiers désigné à la facturation En utilisant le profil EXTENDED-CTC-FR, il est possible de nommer le tiers PAYEUR dans la facture : • Bloc EXT-FR-FE-BG-02, et en particulier : ü Sa raison Sociale (EXT-FR-FE-43) ü Son identifiant légal (EXT-FR-FE-48) : n° de SIREN, qualifié avec 0002"
docs_tech/afnor/afnor_xp_z12_014_annexe_a_cas_usage_b2b.pdf,29,/docs_tech/afnor/afnor_xp_z12_014_annexe_a_cas_usage_b2b.pdf#page=29,XP Z12-014 - Cas d’usage B2B applicables dans le cadre la Réforme Facture Électronique en France. ANNEXE A (normative) :,"XP Z12-014 - Cas d’usage B2B applicables dans le cadre la Réforme Facture Électronique en France. ANNEXE A (normative) : Description des principaux cas d’usage spécifiques Page 29/108 paiement des factures et au retour d’exécution de ces paiements pour la création du statut de « Paiement transmis ». Fonctionnalité optionnelle de la PDP-R : Ø Proposer un service permettant de référencer des tiers pour ses clients « ACHETEUR », leur ouvrant un accès suivant différents canaux (Portail, API standard"
docs_tech/afnor/afnor_xp_z12_014_annexe_a_cas_usage_b2b.pdf,30,/docs_tech/afnor/afnor_xp_z12_014_annexe_a_cas_usage_b2b.pdf#page=30,XP Z12-014 - Cas d’usage B2B applicables dans le cadre la Réforme Facture Électronique en France. ANNEXE A (normative) :,"XP Z12-014 - Cas d’usage B2B applicables dans le cadre la Réforme Facture Électronique en France. ANNEXE A (normative) : Description des principaux cas d’usage spécifiques Page 30/108 ü Le e-reporting d’encaissement du montant payé par l’assureur qui ne porte pas de TVA : MDT-215 = montant payé par l’assureur et MDT-224 (taux de TVA applicable) = 0. Les étapes du cas n°4, illustrées par le schéma ci-dessous, sont les suivantes : Etape Nom de l’étape Acteur responsable Description 1 Création de l"
docs_tech/afnor/afnor_xp_z12_014_annexe_a_cas_usage_b2b.pdf,31,/docs_tech/afnor/afnor_xp_z12_014_annexe_a_cas_usage_b2b.pdf#page=31,XP Z12-014 - Cas d’usage B2B applicables dans le cadre la Réforme Facture Électronique en France. ANNEXE A (normative) :,"XP Z12-014 - Cas d’usage B2B applicables dans le cadre la Réforme Facture Électronique en France. ANNEXE A (normative) : Description des principaux cas d’usage spécifiques Page 31/108 Etape Nom de l’étape Acteur responsable Description 6c Émission du statut « Encaissée » pour l’encaissement de la partie payée par l’ACHETEUR VENDEUR / PDP-E Si la TVA de la facture est exigible à l’encaissement, le VENDEUR crée le statut « Encaissé » correspondant au montant payé par l’ACHETEUR, avec le bon détail"
docs_tech/afnor/afnor_xp_z12_014_annexe_a_cas_usage_b2b.pdf,32,/docs_tech/afnor/afnor_xp_z12_014_annexe_a_cas_usage_b2b.pdf#page=32,XP Z12-014 - Cas d’usage B2B applicables dans le cadre la Réforme Facture Électronique en France. ANNEXE A (normative) :,"XP Z12-014 - Cas d’usage B2B applicables dans le cadre la Réforme Facture Électronique en France. ANNEXE A (normative) : Description des principaux cas d’usage spécifiques Page 32/108 Fonctionnalité optionnelle de la PDP-R : Ø Proposer un service permettant de référencer des tiers pour ses clients « VENDEUR », leur ouvrant un accès suivant différents canaux (Portail, API standard, EDI), associé à une délégation pour ouvrir un accès aux factures devant faire l’objet d’un paiement par un tiers PAY"
docs_tech/afnor/afnor_xp_z12_014_annexe_a_cas_usage_b2b.pdf,33,/docs_tech/afnor/afnor_xp_z12_014_annexe_a_cas_usage_b2b.pdf#page=33,XP Z12-014 - Cas d’usage B2B applicables dans le cadre la Réforme Facture Électronique en France. ANNEXE A (normative) :,"XP Z12-014 - Cas d’usage B2B applicables dans le cadre la Réforme Facture Électronique en France. ANNEXE A (normative) : Description des principaux cas d’usage spécifiques Page 33/108 3.2.7 Cas n°6 : Frais payés par des collaborateurs sans facture adressée à l’entreprise (simple ticket de caisse) L’autre cas de gestion correspond au cas où le VENDEUR remet soit une facture, soit un ticket de caisse au Collaborateur qui paye, et à son nom. Cette vente est alors faite entre le VENDEUR, assujetti, "
docs_tech/afnor/afnor_xp_z12_014_annexe_a_cas_usage_b2b.pdf,34,/docs_tech/afnor/afnor_xp_z12_014_annexe_a_cas_usage_b2b.pdf#page=34,XP Z12-014 - Cas d’usage B2B applicables dans le cadre la Réforme Facture Électronique en France. ANNEXE A (normative) :,"XP Z12-014 - Cas d’usage B2B applicables dans le cadre la Réforme Facture Électronique en France. ANNEXE A (normative) : Description des principaux cas d’usage spécifiques Page 34/108 • Par conséquent, le Montant à payer (BT-115) est égal à 0 ; • La Date d’échéance (BT-9), si présente, est égale à la date de paiement de la facture (antérieure ou égale à la date de facture). • Si la TVA est exigible à l’Encaissement (facture de service (cadre de facturation S2 ou S1) pour laquelle le VENDEUR n’a "
docs_tech/afnor/afnor_xp_z12_014_annexe_a_cas_usage_b2b.pdf,35,/docs_tech/afnor/afnor_xp_z12_014_annexe_a_cas_usage_b2b.pdf#page=35,XP Z12-014 - Cas d’usage B2B applicables dans le cadre la Réforme Facture Électronique en France. ANNEXE A (normative) :,"XP Z12-014 - Cas d’usage B2B applicables dans le cadre la Réforme Facture Électronique en France. ANNEXE A (normative) : Description des principaux cas d’usage spécifiques Page 35/108 4d Traitement de la facture et mise à jour des statuts avant son paiement ACHETEUR L’ACHETEUR traite la facture et pose les statuts de traitement correspondant auprès de sa PDP-R (statuts « Refusée », « Prise en charge », « En litige », « Approuvée », « Approuvée Partiellement », « Suspendue », …), pour transmissio"
docs_tech/afnor/afnor_xp_z12_014_annexe_a_cas_usage_b2b.pdf,36,/docs_tech/afnor/afnor_xp_z12_014_annexe_a_cas_usage_b2b.pdf#page=36,XP Z12-014 - Cas d’usage B2B applicables dans le cadre la Réforme Facture Électronique en France. ANNEXE A (normative) :,"XP Z12-014 - Cas d’usage B2B applicables dans le cadre la Réforme Facture Électronique en France. ANNEXE A (normative) : Description des principaux cas d’usage spécifiques Page 36/108 3.2.9 Cas n°8 à 10 : Factures à payer à un tiers (dont affacturage) 3.2.9.1 Focus sur la gestion de l’affacturage L’affacturage est une opération de crédit au sens de l’article L. 313-1 du code monétaire et financier. Ce service financier réglementé, fourni par des établissements de crédit spécialisés ou des sociét"
docs_tech/afnor/afnor_xp_z12_014_annexe_a_cas_usage_b2b.pdf,37,/docs_tech/afnor/afnor_xp_z12_014_annexe_a_cas_usage_b2b.pdf#page=37,XP Z12-014 - Cas d’usage B2B applicables dans le cadre la Réforme Facture Électronique en France. ANNEXE A (normative) :,"XP Z12-014 - Cas d’usage B2B applicables dans le cadre la Réforme Facture Électronique en France. ANNEXE A (normative) : Description des principaux cas d’usage spécifiques Page 37/108 de l’Affactureur, c’est-à-dire la transmission à la plateforme de l’Affactureur des factures dès lors qu’elles sont affacturées, ainsi que les différents messages de cycle de vie échangés avec l’ACHETEUR au travers de la PDP-E du VENDEUR. D’autre part, lorsque les factures sont effectivement payées à l’Affactureur "
docs_tech/afnor/afnor_xp_z12_014_annexe_a_cas_usage_b2b.pdf,38,/docs_tech/afnor/afnor_xp_z12_014_annexe_a_cas_usage_b2b.pdf#page=38,XP Z12-014 - Cas d’usage B2B applicables dans le cadre la Réforme Facture Électronique en France. ANNEXE A (normative) :,"XP Z12-014 - Cas d’usage B2B applicables dans le cadre la Réforme Facture Électronique en France. ANNEXE A (normative) : Description des principaux cas d’usage spécifiques Page 38/108 La description ci-dessous respecte bien le principe de non-exportation de la complexité aux contreparties. En effet, l’ACHETEUR traite la facture et les statuts comme n’importe quelle autre facture. C’est le VENDEUR, et le cas échéant sa PDP-E, qui sert de pivot de partage ou réplication avec l’Affactureur. La répl"
docs_tech/afnor/afnor_xp_z12_014_annexe_a_cas_usage_b2b.pdf,39,/docs_tech/afnor/afnor_xp_z12_014_annexe_a_cas_usage_b2b.pdf#page=39,XP Z12-014 - Cas d’usage B2B applicables dans le cadre la Réforme Facture Électronique en France. ANNEXE A (normative) :,XP Z12-014 - Cas d’usage B2B applicables dans le cadre la Réforme Facture Électronique en France. ANNEXE A (normative) : Description des principaux cas d’usage spécifiques Page 39/108 Etape Nom de l’étape Acteur responsable Description 5d Transmission / partage du statut « Paiement Transmis » VENDEUR / PDP-E OD/PDP Affactureur Le VENDEUR partage / transmet le statut « Paiement Transmis » à l’Affactureur. Fonctionnalité additionnelle optionnelle de la PDP-E : organiser le partage / la réplication
docs_tech/afnor/afnor_xp_z12_014_annexe_a_cas_usage_b2b.pdf,40,/docs_tech/afnor/afnor_xp_z12_014_annexe_a_cas_usage_b2b.pdf#page=40,XP Z12-014 - Cas d’usage B2B applicables dans le cadre la Réforme Facture Électronique en France. ANNEXE A (normative) :,"XP Z12-014 - Cas d’usage B2B applicables dans le cadre la Réforme Facture Électronique en France. ANNEXE A (normative) : Description des principaux cas d’usage spécifiques Page 40/108 Obligations du VENDEUR : Ø Créer la facture avec les champs identifiant l’Affactureur, ses coordonnées bancaires et la mention de subrogation. Ø Répliquer / Partager la facture et les statuts de cycle de vie avec l’Affactureur. Obligations de l’Affactureur : Ø Permettre au VENDEUR d’avoir accès aux informations d’e"
docs_tech/afnor/afnor_xp_z12_014_annexe_a_cas_usage_b2b.pdf,41,/docs_tech/afnor/afnor_xp_z12_014_annexe_a_cas_usage_b2b.pdf#page=41,XP Z12-014 - Cas d’usage B2B applicables dans le cadre la Réforme Facture Électronique en France. ANNEXE A (normative) :,"XP Z12-014 - Cas d’usage B2B applicables dans le cadre la Réforme Facture Électronique en France. ANNEXE A (normative) : Description des principaux cas d’usage spécifiques Page 41/108 Étape Nom de l’étape Acteur responsable Description 2a Transmission des données du flux 1 PDP-E La PDP-E ayant effectué les contrôles réglementaires de conformité, y compris les contrôles de doublons et d’existence d’une adresse de facturation électronique du destinataire active, DOIT transmettre les données requis"
docs_tech/afnor/afnor_xp_z12_014_annexe_a_cas_usage_b2b.pdf,42,/docs_tech/afnor/afnor_xp_z12_014_annexe_a_cas_usage_b2b.pdf#page=42,XP Z12-014 - Cas d’usage B2B applicables dans le cadre la Réforme Facture Électronique en France. ANNEXE A (normative) :,XP Z12-014 - Cas d’usage B2B applicables dans le cadre la Réforme Facture Électronique en France. ANNEXE A (normative) : Description des principaux cas d’usage spécifiques Page 42/108 Étape Nom de l’étape Acteur responsable Description 6b Réception de l’information d’encaissement VENDEUR Le VENDEUR reçoit ou a accès à l’information de l’Encaissement de sa facture par le Bénéficiaire (l’Affactureur). 6c Émission du statut « Encaissée » VENDEUR Si la TVA de la facture est exigible à l’encaissement
docs_tech/afnor/afnor_xp_z12_014_annexe_a_cas_usage_b2b.pdf,43,/docs_tech/afnor/afnor_xp_z12_014_annexe_a_cas_usage_b2b.pdf#page=43,XP Z12-014 - Cas d’usage B2B applicables dans le cadre la Réforme Facture Électronique en France. ANNEXE A (normative) :,"XP Z12-014 - Cas d’usage B2B applicables dans le cadre la Réforme Facture Électronique en France. ANNEXE A (normative) : Description des principaux cas d’usage spécifiques Page 43/108 § MDT-214 : nouvelle donnée à prendre en compte (IBAN, Nom du titulaire du compte, BIC respectivement). ü Le statut « Affacturée » : § MDT-77 : 23 (phase traitement) § MDT-88 : 5 (signifie « Information seulement ») § MDT-105 (Code statut traitement) : code 2xx à créer § MDT-106 (Libellé statut traitement) : « Affa"
docs_tech/afnor/afnor_xp_z12_014_annexe_a_cas_usage_b2b.pdf,44,/docs_tech/afnor/afnor_xp_z12_014_annexe_a_cas_usage_b2b.pdf#page=44,XP Z12-014 - Cas d’usage B2B applicables dans le cadre la Réforme Facture Électronique en France. ANNEXE A (normative) :,"XP Z12-014 - Cas d’usage B2B applicables dans le cadre la Réforme Facture Électronique en France. ANNEXE A (normative) : Description des principaux cas d’usage spécifiques Page 44/108 • Historique de statuts : utiliser le bloc de détail de statuts (MDG-37), répétable, avec les informations relatives au code et à la date de statuts renseignées ci-dessous : ü MDT-110 : date et heure du statut ü MDT-111 : code Statut standard (MDT-88 dans le message de statut échangé et répliqué ici) ü MDT-115 : co"
docs_tech/afnor/afnor_xp_z12_014_annexe_a_cas_usage_b2b.pdf,45,/docs_tech/afnor/afnor_xp_z12_014_annexe_a_cas_usage_b2b.pdf#page=45,XP Z12-014 - Cas d’usage B2B applicables dans le cadre la Réforme Facture Électronique en France. ANNEXE A (normative) :,"XP Z12-014 - Cas d’usage B2B applicables dans le cadre la Réforme Facture Électronique en France. ANNEXE A (normative) : Description des principaux cas d’usage spécifiques Page 45/108 choisisse la même PDP que son tiers gestionnaire de façon à ce que celui-ci puisse avoir accès aux factures de l’ACHETEUR pour traitement pour son compte. La désignation de ces adresses peut se faire directement par le Tiers Gestionnaire, dans la mesure où il s’engage à recevoir mandat de la part de ses clients ACH"
docs_tech/afnor/afnor_xp_z12_014_annexe_a_cas_usage_b2b.pdf,46,/docs_tech/afnor/afnor_xp_z12_014_annexe_a_cas_usage_b2b.pdf#page=46,XP Z12-014 - Cas d’usage B2B applicables dans le cadre la Réforme Facture Électronique en France. ANNEXE A (normative) :,"XP Z12-014 - Cas d’usage B2B applicables dans le cadre la Réforme Facture Électronique en France. ANNEXE A (normative) : Description des principaux cas d’usage spécifiques Page 46/108 Étape Nom de l’étape Acteur responsable Description 2 Transmission du flux 1, de la facture (flux 2) et des statuts afférents PDP-E La PDP-E ayant effectué les contrôles réglementaires de conformité, y compris les contrôles de doublons et d’existence d’une adresse de facturation électronique du destinataire active,"
docs_tech/afnor/afnor_xp_z12_014_annexe_a_cas_usage_b2b.pdf,47,/docs_tech/afnor/afnor_xp_z12_014_annexe_a_cas_usage_b2b.pdf#page=47,XP Z12-014 - Cas d’usage B2B applicables dans le cadre la Réforme Facture Électronique en France. ANNEXE A (normative) :,XP Z12-014 - Cas d’usage B2B applicables dans le cadre la Réforme Facture Électronique en France. ANNEXE A (normative) : Description des principaux cas d’usage spécifiques Page 47/108 Étape Nom de l’étape Acteur responsable Description 7 Réception du statut « Encaissée » par le CdD PPF CdD PPF Le Concentrateur des Données du PPF (CdD PPF) reçoit le statut « Encaissée ». Figure 16 : Facture devant être traitée par un Tiers gestionnaire différent de l’ACHETEUR Obligations des PDP-E et PDP-R : Ø Sa
docs_tech/afnor/afnor_xp_z12_014_annexe_a_cas_usage_b2b.pdf,48,/docs_tech/afnor/afnor_xp_z12_014_annexe_a_cas_usage_b2b.pdf#page=48,XP Z12-014 - Cas d’usage B2B applicables dans le cadre la Réforme Facture Électronique en France. ANNEXE A (normative) :,XP Z12-014 - Cas d’usage B2B applicables dans le cadre la Réforme Facture Électronique en France. ANNEXE A (normative) : Description des principaux cas d’usage spécifiques Page 48/108 Tiers uniquement s’il est nommé dans la facture (par exemple un Tiers PAYEUR ne peut avoir accès à la facture et son cycle de vie que s’il est nommé dans la facture en tant que Tiers PAYEUR). Ø Mettre en place un service de réplication / partage des factures et cycle de vie avec les ACHETEURS dont les factures sont
docs_tech/afnor/afnor_xp_z12_014_annexe_a_cas_usage_b2b.pdf,49,/docs_tech/afnor/afnor_xp_z12_014_annexe_a_cas_usage_b2b.pdf#page=49,XP Z12-014 - Cas d’usage B2B applicables dans le cadre la Réforme Facture Électronique en France. ANNEXE A (normative) :,"XP Z12-014 - Cas d’usage B2B applicables dans le cadre la Réforme Facture Électronique en France. ANNEXE A (normative) : Description des principaux cas d’usage spécifiques Page 49/108 Les étapes du cas n°12, illustrées par le schéma ci-dessous, sont les suivantes : Étape Nom de l’étape Acteur responsable Description 1 Création de la facture à destination de l’ACHETEUR VENDEUR Suite à une transaction commerciale (commande / livraison, contrat de service, achat spot, …), le VENDEUR crée la facture"
docs_tech/afnor/afnor_xp_z12_014_annexe_a_cas_usage_b2b.pdf,50,/docs_tech/afnor/afnor_xp_z12_014_annexe_a_cas_usage_b2b.pdf#page=50,XP Z12-014 - Cas d’usage B2B applicables dans le cadre la Réforme Facture Électronique en France. ANNEXE A (normative) :,"XP Z12-014 - Cas d’usage B2B applicables dans le cadre la Réforme Facture Électronique en France. ANNEXE A (normative) : Description des principaux cas d’usage spécifiques Page 50/108 Étape Nom de l’étape Acteur responsable Description 6b Émission du statut « Encaissée » VENDEUR / PDP-E Si la TVA de la facture est exigible à l’encaissement, le VENDEUR crée le statut « Encaissée » et le transmet au CdD PPF au travers de sa PDP-E. La PDP-E transmet aussi le statut « Encaissée » à la PDP-TR à l’att"
docs_tech/afnor/afnor_xp_z12_014_annexe_a_cas_usage_b2b.pdf,51,/docs_tech/afnor/afnor_xp_z12_014_annexe_a_cas_usage_b2b.pdf#page=51,XP Z12-014 - Cas d’usage B2B applicables dans le cadre la Réforme Facture Électronique en France. ANNEXE A (normative) :,"XP Z12-014 - Cas d’usage B2B applicables dans le cadre la Réforme Facture Électronique en France. ANNEXE A (normative) : Description des principaux cas d’usage spécifiques Page 51/108 Obligations du VENDEUR : Ø Le cas échéant, utiliser le profil EXTENDED-CTC-FR et renseigner « l’AGENT d’ACHETEUR » (EXT-FR-FE-BG-01), voire « l’ADRESSÉ À » (EXT-FR-FE-BG-04). Obligations de l’ACHETEUR : Ø Veiller à confier la gestion de ses factures dans un cadre de délégation maîtrisé, par exemple au travers d’un "
docs_tech/afnor/afnor_xp_z12_014_annexe_a_cas_usage_b2b.pdf,52,/docs_tech/afnor/afnor_xp_z12_014_annexe_a_cas_usage_b2b.pdf#page=52,XP Z12-014 - Cas d’usage B2B applicables dans le cadre la Réforme Facture Électronique en France. ANNEXE A (normative) :,"XP Z12-014 - Cas d’usage B2B applicables dans le cadre la Réforme Facture Électronique en France. ANNEXE A (normative) : Description des principaux cas d’usage spécifiques Page 52/108 Le présent document décrit le fonctionnement en B2B, et rappelle le fonctionnement en B2G actuel, tel que décrit dans les spécifications ChorusPro. 3.2.12.2 Cas n°13 : Facture à payer par un tiers : cas de sous-traitance avec paiement direct ou délégation de paiement Le cas de gestion n°13 couvre le cas métier d’un"
docs_tech/afnor/afnor_xp_z12_014_annexe_a_cas_usage_b2b.pdf,53,/docs_tech/afnor/afnor_xp_z12_014_annexe_a_cas_usage_b2b.pdf#page=53,XP Z12-014 - Cas d’usage B2B applicables dans le cadre la Réforme Facture Électronique en France. ANNEXE A (normative) :,"XP Z12-014 - Cas d’usage B2B applicables dans le cadre la Réforme Facture Électronique en France. ANNEXE A (normative) : Description des principaux cas d’usage spécifiques Page 53/108 • BG-7 (ACHETEUR) : ACHETEUR FINAL ; • Montant total de la Facture (BT-112) : montant de la prestation réalisée par le TITULAIRE ET son (ses) SOUS-TRAITANT(s) ; • BT-23 : S1 (Dépôt d'une facture de prestation de service), mais il serait préférable d’avoir un Cadre de Facturation qui signifie que cette facture doit "
docs_tech/afnor/afnor_xp_z12_014_annexe_a_cas_usage_b2b.pdf,54,/docs_tech/afnor/afnor_xp_z12_014_annexe_a_cas_usage_b2b.pdf#page=54,XP Z12-014 - Cas d’usage B2B applicables dans le cadre la Réforme Facture Électronique en France. ANNEXE A (normative) :,"XP Z12-014 - Cas d’usage B2B applicables dans le cadre la Réforme Facture Électronique en France. ANNEXE A (normative) : Description des principaux cas d’usage spécifiques Page 54/108 • LE TITULAIRE peut transmettre un statut de cycle de vie de Paiement au SOUS-TRAITANT, correspondant à ce qu’il a reçu de l’ACHETEUR final pour le paiement de la facture F1. • Le SOUS-TRAITANT peut transmettre son statut de cycle de vie d’Encaissement de la facture F2. • Le TITULAIRE peut alors créer ses messages "
docs_tech/afnor/afnor_xp_z12_014_annexe_a_cas_usage_b2b.pdf,55,/docs_tech/afnor/afnor_xp_z12_014_annexe_a_cas_usage_b2b.pdf#page=55,XP Z12-014 - Cas d’usage B2B applicables dans le cadre la Réforme Facture Électronique en France. ANNEXE A (normative) :,"XP Z12-014 - Cas d’usage B2B applicables dans le cadre la Réforme Facture Électronique en France. ANNEXE A (normative) : Description des principaux cas d’usage spécifiques Page 55/108 • Ensuite, s’agissant de la facture F2 : Étape Nom de l’étape Acteur responsable Description 1 Création de la facture F2 à destination de l’ACHETEUR TITULAIRE Le TITULAIRE crée la facture (flux 2) via son système d’information. Il peut en confier la création à un OD ou à sa PDP-TE. Il la transmet à sa PDP-TE pour t"
docs_tech/afnor/afnor_xp_z12_014_annexe_a_cas_usage_b2b.pdf,56,/docs_tech/afnor/afnor_xp_z12_014_annexe_a_cas_usage_b2b.pdf#page=56,XP Z12-014 - Cas d’usage B2B applicables dans le cadre la Réforme Facture Électronique en France. ANNEXE A (normative) :,XP Z12-014 - Cas d’usage B2B applicables dans le cadre la Réforme Facture Électronique en France. ANNEXE A (normative) : Description des principaux cas d’usage spécifiques Page 56/108 Étape Nom de l’étape Acteur responsable Description 7 Réception du statut « Encaissée » par le CdD PPF pour F2 CdD PPF Le Concentrateur des Données du PPF (CdD PPF) reçoit le statut « Encaissée » pour la facture F2 à hauteur du montant Net à payer de F2 (Montant TTC F2 – Montant TTC F1). • Pour poursuivre sur le tr
docs_tech/afnor/afnor_xp_z12_014_annexe_a_cas_usage_b2b.pdf,57,/docs_tech/afnor/afnor_xp_z12_014_annexe_a_cas_usage_b2b.pdf#page=57,XP Z12-014 - Cas d’usage B2B applicables dans le cadre la Réforme Facture Électronique en France. ANNEXE A (normative) :,"XP Z12-014 - Cas d’usage B2B applicables dans le cadre la Réforme Facture Électronique en France. ANNEXE A (normative) : Description des principaux cas d’usage spécifiques Page 57/108 Figure 18 : Facture de sous-traitance (F1) à payer par un tiers et Facture principale F2 du TITULAIRE à l’ACHETEUR final (cas de sous-traitance avec délégation de paiement). Obligations du SOUS-TRAITANT : Ø Le cas échéant, utiliser le profil EXTENDED-CTC-FR et renseigner l’ACHETEUR Final dans le bloc « Tiers PAYEUR"
docs_tech/afnor/afnor_xp_z12_014_annexe_a_cas_usage_b2b.pdf,58,/docs_tech/afnor/afnor_xp_z12_014_annexe_a_cas_usage_b2b.pdf#page=58,XP Z12-014 - Cas d’usage B2B applicables dans le cadre la Réforme Facture Électronique en France. ANNEXE A (normative) :,XP Z12-014 - Cas d’usage B2B applicables dans le cadre la Réforme Facture Électronique en France. ANNEXE A (normative) : Description des principaux cas d’usage spécifiques Page 58/108 Obligations de la PDP-TR de réception de factures du TITULAIRE : Ø Savoir traiter les formats et profils du socle minimum (facture et CDAR). Obligations de la PDP-TE d’émission de factures du TITULAIRE : Ø Savoir traiter les formats et profils du socle minimum (facture et CDAR). Obligations du TITULAIRE : Ø Créer u
docs_tech/afnor/afnor_xp_z12_014_annexe_a_cas_usage_b2b.pdf,59,/docs_tech/afnor/afnor_xp_z12_014_annexe_a_cas_usage_b2b.pdf#page=59,XP Z12-014 - Cas d’usage B2B applicables dans le cadre la Réforme Facture Électronique en France. ANNEXE A (normative) :,XP Z12-014 - Cas d’usage B2B applicables dans le cadre la Réforme Facture Électronique en France. ANNEXE A (normative) : Description des principaux cas d’usage spécifiques Page 59/108 ð pas de e-reporting de paiement (les informations concernant la TVA seront transmises à partir de la facture entre le SOUS-TRAITANT et l’entreprise principale / TITULAIRE). • BG-4 : sous-traitant ; • BG-7 : acheteur (destinataire public) ; • EXT-FR-FE-BG-03 (AGENT DE VENDEUR) : entreprise principale/titulaire ; • 
docs_tech/afnor/afnor_xp_z12_014_annexe_a_cas_usage_b2b.pdf,60,/docs_tech/afnor/afnor_xp_z12_014_annexe_a_cas_usage_b2b.pdf#page=60,XP Z12-014 - Cas d’usage B2B applicables dans le cadre la Réforme Facture Électronique en France. ANNEXE A (normative) :,"XP Z12-014 - Cas d’usage B2B applicables dans le cadre la Réforme Facture Électronique en France. ANNEXE A (normative) : Description des principaux cas d’usage spécifiques Page 60/108 Les spécificités des données et règles de gestion de la facture F2 sont les mêmes que celles de la facture F1, avec, si exigé par l’ACHETEUR ou jugé nécessaire par le MANDATAIRE, une pièce jointe ajoutée (BG-24), correspondant au document récapitulatif à destination de l’ACHETEUR. Le qualifiant de cette pièce joint"
docs_tech/afnor/afnor_xp_z12_014_annexe_a_cas_usage_b2b.pdf,61,/docs_tech/afnor/afnor_xp_z12_014_annexe_a_cas_usage_b2b.pdf#page=61,XP Z12-014 - Cas d’usage B2B applicables dans le cadre la Réforme Facture Électronique en France. ANNEXE A (normative) :,"XP Z12-014 - Cas d’usage B2B applicables dans le cadre la Réforme Facture Électronique en France. ANNEXE A (normative) : Description des principaux cas d’usage spécifiques Page 61/108 Étape Nom de l’étape Acteur responsable Description 2 (F2) Transmission du flux 1, de la facture (flux 2) et des statuts afférents PDP-ME La PDP-ME ayant effectué les contrôles réglementaires de conformité, y compris les contrôles de doublons et d’existence d’une adresse de facturation électronique du destinataire "
docs_tech/afnor/afnor_xp_z12_014_annexe_a_cas_usage_b2b.pdf,62,/docs_tech/afnor/afnor_xp_z12_014_annexe_a_cas_usage_b2b.pdf#page=62,XP Z12-014 - Cas d’usage B2B applicables dans le cadre la Réforme Facture Électronique en France. ANNEXE A (normative) :,XP Z12-014 - Cas d’usage B2B applicables dans le cadre la Réforme Facture Électronique en France. ANNEXE A (normative) : Description des principaux cas d’usage spécifiques Page 62/108 Étape Nom de l’étape Acteur responsable Description 7 (F1 et F2) Réception du statut « Encaissée » par le CdD PPF CdD PPF Le Concentrateur des Données du PPF (CdD PPF) reçoit les statuts « Encaissée » pour F1 et F2. Figure 19 : Facture à payer par un tiers (cas de co-traitance en B2B) Obligations du CO-TRAITANT : Ø
docs_tech/afnor/afnor_xp_z12_014_annexe_a_cas_usage_b2b.pdf,63,/docs_tech/afnor/afnor_xp_z12_014_annexe_a_cas_usage_b2b.pdf#page=63,XP Z12-014 - Cas d’usage B2B applicables dans le cadre la Réforme Facture Électronique en France. ANNEXE A (normative) :,"XP Z12-014 - Cas d’usage B2B applicables dans le cadre la Réforme Facture Électronique en France. ANNEXE A (normative) : Description des principaux cas d’usage spécifiques Page 63/108 Obligations de l’ACHETEUR Final : Ø Savoir traiter le profil EXTENDED-CTC-FR, et les factures F2 avec le document récapitulatif joint. Ø En cas d’intervention d’une MOE, permettre son accès sur la PDP-R, quitte à dédier une adresse de facturation électronique de réception de factures pour le traitement de ces factu"
docs_tech/afnor/afnor_xp_z12_014_annexe_a_cas_usage_b2b.pdf,64,/docs_tech/afnor/afnor_xp_z12_014_annexe_a_cas_usage_b2b.pdf#page=64,XP Z12-014 - Cas d’usage B2B applicables dans le cadre la Réforme Facture Électronique en France. ANNEXE A (normative) :,"XP Z12-014 - Cas d’usage B2B applicables dans le cadre la Réforme Facture Électronique en France. ANNEXE A (normative) : Description des principaux cas d’usage spécifiques Page 64/108 Dès lors que l’ACHETEUR a dédié une adresse à la réception de ses factures et a choisi une PDP-RT sur laquelle l’AGENT d’ACHETEUR (l’Agence Media) a délégation, les spécificités du cas n°15 sont les suivantes : • BG-4 : le VENDEUR (Régie Publicitaire) ; • BG-7 : ACHETEUR (Annonceur), avec en BT-49 l’adresse de fact"
docs_tech/afnor/afnor_xp_z12_014_annexe_a_cas_usage_b2b.pdf,65,/docs_tech/afnor/afnor_xp_z12_014_annexe_a_cas_usage_b2b.pdf#page=65,XP Z12-014 - Cas d’usage B2B applicables dans le cadre la Réforme Facture Électronique en France. ANNEXE A (normative) :,"XP Z12-014 - Cas d’usage B2B applicables dans le cadre la Réforme Facture Électronique en France. ANNEXE A (normative) : Description des principaux cas d’usage spécifiques Page 65/108 Étape Nom de l’étape Acteur responsable Description 5e Paiement de la facture Création et transmission du statut « Paiement transmis) AGENT d’ACHETEUR (Tiers PAYEUR / PDP-RT L’AGENT d’ACHETEUR (tiers PAYEUR) paye la facture au VENDEUR, pour le compte de l’ACHETEUR. Il peut transmettre un statut « Paiement Transmis "
docs_tech/afnor/afnor_xp_z12_014_annexe_a_cas_usage_b2b.pdf,66,/docs_tech/afnor/afnor_xp_z12_014_annexe_a_cas_usage_b2b.pdf#page=66,XP Z12-014 - Cas d’usage B2B applicables dans le cadre la Réforme Facture Électronique en France. ANNEXE A (normative) :,"XP Z12-014 - Cas d’usage B2B applicables dans le cadre la Réforme Facture Électronique en France. ANNEXE A (normative) : Description des principaux cas d’usage spécifiques Page 66/108 Obligations du VENDEUR : Ø Le cas échéant, utiliser le profil EXTENDED-CTC-FR et renseigner le tiers en charge de la commande et de la gestion des factures dans le bloc « AGENT D’ACHETEUR » (EXT-FR-FE-BG-03) de la Facture. Obligations de la PDP-E VENDEUR (Régie) : Ø Savoir traiter les formats et profils du socle mi"
docs_tech/afnor/afnor_xp_z12_014_annexe_a_cas_usage_b2b.pdf,67,/docs_tech/afnor/afnor_xp_z12_014_annexe_a_cas_usage_b2b.pdf#page=67,XP Z12-014 - Cas d’usage B2B applicables dans le cadre la Réforme Facture Électronique en France. ANNEXE A (normative) :,"XP Z12-014 - Cas d’usage B2B applicables dans le cadre la Réforme Facture Électronique en France. ANNEXE A (normative) : Description des principaux cas d’usage spécifiques Page 67/108 3.2.14 Cas n°16 : Facture de débours pour remboursement de la facture de vente payée par le tiers Ces factures sont en dehors du champ de la réforme de la facturation électronique. Elles ne sont donc pas soumises à l’obligation de facture électronique, mais elles peuvent être échangées entre Plateformes (PDP ou OD "
docs_tech/afnor/afnor_xp_z12_014_annexe_a_cas_usage_b2b.pdf,68,/docs_tech/afnor/afnor_xp_z12_014_annexe_a_cas_usage_b2b.pdf#page=68,XP Z12-014 - Cas d’usage B2B applicables dans le cadre la Réforme Facture Électronique en France. ANNEXE A (normative) :,"XP Z12-014 - Cas d’usage B2B applicables dans le cadre la Réforme Facture Électronique en France. ANNEXE A (normative) : Description des principaux cas d’usage spécifiques Page 68/108 6b Émission du statut « Encaissée » VENDEUR / PDP-E Si la TVA de la facture est exigible à l’encaissement, le VENDEUR crée le statut « Encaissé » et le transmet au CdD-PPF au travers de sa PDP-E. La PDP-E transmet aussi le statut « Encaissée » à la PDP-R à l’attention de l’ACHETEUR. 6c Réception du statut « Encaiss"
docs_tech/afnor/afnor_xp_z12_014_annexe_a_cas_usage_b2b.pdf,69,/docs_tech/afnor/afnor_xp_z12_014_annexe_a_cas_usage_b2b.pdf#page=69,XP Z12-014 - Cas d’usage B2B applicables dans le cadre la Réforme Facture Électronique en France. ANNEXE A (normative) :,"XP Z12-014 - Cas d’usage B2B applicables dans le cadre la Réforme Facture Électronique en France. ANNEXE A (normative) : Description des principaux cas d’usage spécifiques Page 69/108 Figure 21 : Facture à payer à un tiers, intermédiaire de paiement Les spécificités des données et règles de gestion associées pour les factures F1 et F2 sont : • Cadre de facturation « Dépôt d'une facture déjà payée » (B2/S2/M2) ou cadre de facturation B1/S1/M1 (voir règle de gestion BR-FR-08 de la Norme XP Z12-012"
docs_tech/afnor/afnor_xp_z12_014_annexe_a_cas_usage_b2b.pdf,70,/docs_tech/afnor/afnor_xp_z12_014_annexe_a_cas_usage_b2b.pdf#page=70,XP Z12-014 - Cas d’usage B2B applicables dans le cadre la Réforme Facture Électronique en France. ANNEXE A (normative) :,"XP Z12-014 - Cas d’usage B2B applicables dans le cadre la Réforme Facture Électronique en France. ANNEXE A (normative) : Description des principaux cas d’usage spécifiques Page 70/108 3.2.16 Cas n°17b : Facture à payer à un tiers, intermédiaire de paiement et tiers facturant sous mandat de facturation Ce cas d’usage est le même que le cas 17a, sauf que le tiers intermédiaire prend aussi en charge la création et transmission de la Facture F1 pour le compte du VENDEUR. Il doit disposer pour cela d"
docs_tech/afnor/afnor_xp_z12_014_annexe_a_cas_usage_b2b.pdf,71,/docs_tech/afnor/afnor_xp_z12_014_annexe_a_cas_usage_b2b.pdf#page=71,XP Z12-014 - Cas d’usage B2B applicables dans le cadre la Réforme Facture Électronique en France. ANNEXE A (normative) :,XP Z12-014 - Cas d’usage B2B applicables dans le cadre la Réforme Facture Électronique en France. ANNEXE A (normative) : Description des principaux cas d’usage spécifiques Page 71/108 7 Réception du statut « Encaissée » de la Facture F1 par le CdD-PPF CdD PPF Le Concentrateur des Données du PPF (CdD-PPF) reçoit le statut « Encaissée » de la Facture F1. 5b (F1) 5 (F2) Reversement au VENDEUR du produit de sa Vente diminuée des frais de l’intermédiaire Intermédiaire de paiement La plateforme de l’i
docs_tech/afnor/afnor_xp_z12_014_annexe_a_cas_usage_b2b.pdf,72,/docs_tech/afnor/afnor_xp_z12_014_annexe_a_cas_usage_b2b.pdf#page=72,XP Z12-014 - Cas d’usage B2B applicables dans le cadre la Réforme Facture Électronique en France. ANNEXE A (normative) :,"XP Z12-014 - Cas d’usage B2B applicables dans le cadre la Réforme Facture Électronique en France. ANNEXE A (normative) : Description des principaux cas d’usage spécifiques Page 72/108 Figure 22 : Facture à payer à un tiers, intermédiaire de paiement et tiers Facturant sous mandat de facturation. Les spécificités des données et règles de gestion associées sont : • Pour la facture F1 : ü Cadre de facturation « Dépôt d'une facture déjà payée » (B2/S2/M2) ou cadre de facturation B1/S1/M1 (voir règle"
docs_tech/afnor/afnor_xp_z12_014_annexe_a_cas_usage_b2b.pdf,73,/docs_tech/afnor/afnor_xp_z12_014_annexe_a_cas_usage_b2b.pdf#page=73,XP Z12-014 - Cas d’usage B2B applicables dans le cadre la Réforme Facture Électronique en France. ANNEXE A (normative) :,XP Z12-014 - Cas d’usage B2B applicables dans le cadre la Réforme Facture Électronique en France. ANNEXE A (normative) : Description des principaux cas d’usage spécifiques Page 73/108 Obligations du Vendeur et de sa PDP-RV : Ø Savoir traiter les formats et profils du socle minimum (facture et CDAR). Obligations de l’intermédiaire de paiement / Tiers Facturant : Ø Savoir traiter les formats et profils du socle minimum (facture et CDAR). Ø Transmettre les informations relatives à la facture F1 et 
docs_tech/afnor/afnor_xp_z12_014_annexe_a_cas_usage_b2b.pdf,74,/docs_tech/afnor/afnor_xp_z12_014_annexe_a_cas_usage_b2b.pdf#page=74,XP Z12-014 - Cas d’usage B2B applicables dans le cadre la Réforme Facture Électronique en France. ANNEXE A (normative) :,"XP Z12-014 - Cas d’usage B2B applicables dans le cadre la Réforme Facture Électronique en France. ANNEXE A (normative) : Description des principaux cas d’usage spécifiques Page 74/108 il crée des factures en auto-facturation). La circulation des factures se fait de l’ACHETEUR vers le VENDEUR, ce qui impacte les processus de traitement des PDP, puisque dans tous les autres cas la facture est toujours émise par un VENDEUR ou un tiers qui le représente à destination de l’ACHETEUR. Dans tous les cas"
docs_tech/afnor/afnor_xp_z12_014_annexe_a_cas_usage_b2b.pdf,75,/docs_tech/afnor/afnor_xp_z12_014_annexe_a_cas_usage_b2b.pdf#page=75,XP Z12-014 - Cas d’usage B2B applicables dans le cadre la Réforme Facture Électronique en France. ANNEXE A (normative) :,"XP Z12-014 - Cas d’usage B2B applicables dans le cadre la Réforme Facture Électronique en France. ANNEXE A (normative) : Description des principaux cas d’usage spécifiques Page 75/108 Étape Nom de l’étape Acteur responsable Description 0 Mandat de facturation Mandataire Facturant et VENDEUR Le Mandataire Facturant et le Vendeur (Mandant) concluent un Mandat de Facturation. 1 Création de la facture à destination de l’ACHETEUR Mandataire Facturant, pour le compte du VENDEUR Suite à une transaction"
docs_tech/afnor/afnor_xp_z12_014_annexe_a_cas_usage_b2b.pdf,76,/docs_tech/afnor/afnor_xp_z12_014_annexe_a_cas_usage_b2b.pdf#page=76,XP Z12-014 - Cas d’usage B2B applicables dans le cadre la Réforme Facture Électronique en France. ANNEXE A (normative) :,"XP Z12-014 - Cas d’usage B2B applicables dans le cadre la Réforme Facture Électronique en France. ANNEXE A (normative) : Description des principaux cas d’usage spécifiques Page 76/108 Figure 23 : Facture émise avec mandat de facturation (option 1) Comme le VENDEUR a accès à la PDP-E, le VENDEUR et le Mandataire Facturant ont tous les deux accès à la facture émise et à ses statuts de cycle de vie. Obligations de l’ACHETEUR et de sa PDP-R : Ø Savoir traiter les formats et profils du socle minimum "
docs_tech/afnor/afnor_xp_z12_014_annexe_a_cas_usage_b2b.pdf,77,/docs_tech/afnor/afnor_xp_z12_014_annexe_a_cas_usage_b2b.pdf#page=77,XP Z12-014 - Cas d’usage B2B applicables dans le cadre la Réforme Facture Électronique en France. ANNEXE A (normative) :,"XP Z12-014 - Cas d’usage B2B applicables dans le cadre la Réforme Facture Électronique en France. ANNEXE A (normative) : Description des principaux cas d’usage spécifiques Page 77/108 Enfin, le VENDEUR doit informer le Mandataire de l’encaissement de la facture pour que celui-ci crée et transmette le statut « Encaissée », même s’il est envisageable que ce statut soit transmis directement par le VENDEUR. Figure 24 : Facture émise avec mandat de facturation (option 2) Obligations de l’ACHETEUR et "
docs_tech/afnor/afnor_xp_z12_014_annexe_a_cas_usage_b2b.pdf,78,/docs_tech/afnor/afnor_xp_z12_014_annexe_a_cas_usage_b2b.pdf#page=78,XP Z12-014 - Cas d’usage B2B applicables dans le cadre la Réforme Facture Électronique en France. ANNEXE A (normative) :,"XP Z12-014 - Cas d’usage B2B applicables dans le cadre la Réforme Facture Électronique en France. ANNEXE A (normative) : Description des principaux cas d’usage spécifiques Page 78/108 Les factures auto-facturées doivent être transmises par l’ACHETEUR au VENDEUR. Par conséquent l’ACHETEUR doit comptabiliser des factures d’achat qu’il émet (au lieu de les recevoir), et le VENDEUR doit comptabiliser des factures de vente qu’il reçoit au lieu de les émettre. Pour les factures dans le périmètre de la"
docs_tech/afnor/afnor_xp_z12_014_annexe_a_cas_usage_b2b.pdf,79,/docs_tech/afnor/afnor_xp_z12_014_annexe_a_cas_usage_b2b.pdf#page=79,XP Z12-014 - Cas d’usage B2B applicables dans le cadre la Réforme Facture Électronique en France. ANNEXE A (normative) :,"XP Z12-014 - Cas d’usage B2B applicables dans le cadre la Réforme Facture Électronique en France. ANNEXE A (normative) : Description des principaux cas d’usage spécifiques Page 79/108 • L’adresse électronique de réception des statuts retour est l’adresse présente dans le bloc ACHETEUR en BT-49. La PDP-E et la PDP-R peuvent organiser les échanges pour que les statuts soient échangés entre elles tout au long du cycle de vie, ou bien pour qu’ils soient échangés entre les Plateformes en charge des a"
docs_tech/afnor/afnor_xp_z12_014_annexe_a_cas_usage_b2b.pdf,80,/docs_tech/afnor/afnor_xp_z12_014_annexe_a_cas_usage_b2b.pdf#page=80,XP Z12-014 - Cas d’usage B2B applicables dans le cadre la Réforme Facture Électronique en France. ANNEXE A (normative) :,"XP Z12-014 - Cas d’usage B2B applicables dans le cadre la Réforme Facture Électronique en France. ANNEXE A (normative) : Description des principaux cas d’usage spécifiques Page 80/108 Étape Nom de l’étape Acteur responsable Description 6b Émission du statut « Encaissée » VENDEUR / PDP-R Si la TVA de la facture est exigible à l’encaissement, le VENDEUR crée le statut « Encaissé » et le transmet au CdD PPF au travers de sa PDP-E. La PDP-E transmet aussi le statut « Encaissée » à la PDP-E à l’atten"
docs_tech/afnor/afnor_xp_z12_014_annexe_a_cas_usage_b2b.pdf,81,/docs_tech/afnor/afnor_xp_z12_014_annexe_a_cas_usage_b2b.pdf#page=81,XP Z12-014 - Cas d’usage B2B applicables dans le cadre la Réforme Facture Électronique en France. ANNEXE A (normative) :,"XP Z12-014 - Cas d’usage B2B applicables dans le cadre la Réforme Facture Électronique en France. ANNEXE A (normative) : Description des principaux cas d’usage spécifiques Page 81/108 Ø Savoir traiter les auto-factures, c’est-à-dire traiter une auto-facture pour le compte d’un ACHETEUR référencé sur sa plateforme à destination du VENDEUR identifié dans la facture dans le bloc BG-4, puis gérer les échanges de cycle de vie en partie inversés. Obligations du VENDEUR : Ø Savoir traiter les formats e"
docs_tech/afnor/afnor_xp_z12_014_annexe_a_cas_usage_b2b.pdf,82,/docs_tech/afnor/afnor_xp_z12_014_annexe_a_cas_usage_b2b.pdf#page=82,XP Z12-014 - Cas d’usage B2B applicables dans le cadre la Réforme Facture Électronique en France. ANNEXE A (normative) :,"XP Z12-014 - Cas d’usage B2B applicables dans le cadre la Réforme Facture Électronique en France. ANNEXE A (normative) : Description des principaux cas d’usage spécifiques Page 82/108 ü Quantité : -1 ü Prix unitaire Brut et Net (BT-148 / BT-146) : montant de l’acompte repris ü Référence à facture antérieure (EXT-FR-FE-BG-06) : la référence à la facture d’acompte, numéro, date, et surtout le codetype (EXT-FR-FE-137), égal à 386 qui permet de repérer cette ligne comme étant une reprise d’acompte p"
docs_tech/afnor/afnor_xp_z12_014_annexe_a_cas_usage_b2b.pdf,83,/docs_tech/afnor/afnor_xp_z12_014_annexe_a_cas_usage_b2b.pdf#page=83,XP Z12-014 - Cas d’usage B2B applicables dans le cadre la Réforme Facture Électronique en France. ANNEXE A (normative) :,XP Z12-014 - Cas d’usage B2B applicables dans le cadre la Réforme Facture Électronique en France. ANNEXE A (normative) : Description des principaux cas d’usage spécifiques Page 83/108 Les étapes du cas n°20 (facture d’acompte) et 21 (facture définitive / finale) sont les suivantes pour une facture d’acompte déjà payée (les phases 4 de traitement des factures et statuts étant masquées) : Étape Nom de l’étape Acteur responsable Description 5 Versement de l’acompte par l’ACHETEUR ACHETEUR L’ACHETEU
docs_tech/afnor/afnor_xp_z12_014_annexe_a_cas_usage_b2b.pdf,84,/docs_tech/afnor/afnor_xp_z12_014_annexe_a_cas_usage_b2b.pdf#page=84,XP Z12-014 - Cas d’usage B2B applicables dans le cadre la Réforme Facture Électronique en France. ANNEXE A (normative) :,XP Z12-014 - Cas d’usage B2B applicables dans le cadre la Réforme Facture Électronique en France. ANNEXE A (normative) : Description des principaux cas d’usage spécifiques Page 84/108 Étape Nom de l’étape Acteur responsable Description 5 Traitement de la facture définitive (finale) et paiement du solde ACHETEUR L’ACHETEUR traite la facture et la paye au VENDEUR. 6a Encaissement de la facture VENDEUR Le VENDEUR encaisse la facture définitive (finale) (hors circuit). 6b Émission du statut « Encais
docs_tech/afnor/afnor_xp_z12_014_annexe_a_cas_usage_b2b.pdf,85,/docs_tech/afnor/afnor_xp_z12_014_annexe_a_cas_usage_b2b.pdf#page=85,XP Z12-014 - Cas d’usage B2B applicables dans le cadre la Réforme Facture Électronique en France. ANNEXE A (normative) :,"XP Z12-014 - Cas d’usage B2B applicables dans le cadre la Réforme Facture Électronique en France. ANNEXE A (normative) : Description des principaux cas d’usage spécifiques Page 85/108 FR-CO-07 de la Norme XP Z12-012). Toutefois, même si la date d’échéance est renseignée avec la date de paiement de l’acompte, un statut « Encaissée » DOIT également être transmis pour répondre à l’obligation du e-reporting de paiement, lorsqu’elle s’applique. NOTE : dans certains cas, une livraison ou une prestatio"
docs_tech/afnor/afnor_xp_z12_014_annexe_a_cas_usage_b2b.pdf,86,/docs_tech/afnor/afnor_xp_z12_014_annexe_a_cas_usage_b2b.pdf#page=86,XP Z12-014 - Cas d’usage B2B applicables dans le cadre la Réforme Facture Électronique en France. ANNEXE A (normative) :,XP Z12-014 - Cas d’usage B2B applicables dans le cadre la Réforme Facture Électronique en France. ANNEXE A (normative) : Description des principaux cas d’usage spécifiques Page 86/108 Obligations du VENDEUR : Ø Savoir traiter les formats et profils du socle minimum (facture et CDAR). Ø Savoir créer des factures d’acomptes et des factures définitives (finale). Obligations de la PDP-R du VENDEUR : Ø Savoir traiter les formats et profils du socle minimum (facture et CDAR). 3.2.20 Cas n°22a : Factur
docs_tech/afnor/afnor_xp_z12_014_annexe_a_cas_usage_b2b.pdf,87,/docs_tech/afnor/afnor_xp_z12_014_annexe_a_cas_usage_b2b.pdf#page=87,XP Z12-014 - Cas d’usage B2B applicables dans le cadre la Réforme Facture Électronique en France. ANNEXE A (normative) :,"XP Z12-014 - Cas d’usage B2B applicables dans le cadre la Réforme Facture Électronique en France. ANNEXE A (normative) : Description des principaux cas d’usage spécifiques Page 87/108 Étape Nom de l’étape Acteur responsable Description 2 Transmission du flux 1, de la facture (flux 2) et des statuts afférents PDP-E La PDP-E ayant effectué les contrôles réglementaires de conformité, y compris les contrôles de doublons et d’existence d’une adresse de facturation électronique du destinataire active,"
docs_tech/afnor/afnor_xp_z12_014_annexe_a_cas_usage_b2b.pdf,88,/docs_tech/afnor/afnor_xp_z12_014_annexe_a_cas_usage_b2b.pdf#page=88,XP Z12-014 - Cas d’usage B2B applicables dans le cadre la Réforme Facture Électronique en France. ANNEXE A (normative) :,XP Z12-014 - Cas d’usage B2B applicables dans le cadre la Réforme Facture Électronique en France. ANNEXE A (normative) : Description des principaux cas d’usage spécifiques Page 88/108 Obligations des PDP-E et PDP-R : Ø Savoir traiter les formats et profils du socle minimum (facture et CDAR). Obligations du VENDEUR : Ø Transmettre un statut « Encaissée » à hauteur du montant encaissé. Obligations de l’ACHETEUR : Ø Aucune. Il peut transmettre un statut « Paiement Transmis » pour accompagner le pai
docs_tech/afnor/afnor_xp_z12_014_annexe_a_cas_usage_b2b.pdf,89,/docs_tech/afnor/afnor_xp_z12_014_annexe_a_cas_usage_b2b.pdf#page=89,XP Z12-014 - Cas d’usage B2B applicables dans le cadre la Réforme Facture Électronique en France. ANNEXE A (normative) :,XP Z12-014 - Cas d’usage B2B applicables dans le cadre la Réforme Facture Électronique en France. ANNEXE A (normative) : Description des principaux cas d’usage spécifiques Page 89/108 § La base d’imposition (BT-116) est égale au montant de l’escompte § Le code type TVA (BT-118) est « E » § Le code VATEX (BT-121) est égal à VATEX-FR-CNWVAT § Le montant de TVA (BT-117) est égal à 0 ü En totaux de pied § Le total HT (BT-109) est égal au montant de l’escompte § Le total TVA (BT-110) est égal à 0 § L
docs_tech/afnor/afnor_xp_z12_014_annexe_a_cas_usage_b2b.pdf,90,/docs_tech/afnor/afnor_xp_z12_014_annexe_a_cas_usage_b2b.pdf#page=90,XP Z12-014 - Cas d’usage B2B applicables dans le cadre la Réforme Facture Électronique en France. ANNEXE A (normative) :,"XP Z12-014 - Cas d’usage B2B applicables dans le cadre la Réforme Facture Électronique en France. ANNEXE A (normative) : Description des principaux cas d’usage spécifiques Page 90/108 Figure 29 : Facture payée avec escompte (cas de livraison de biens, ou de prestation de services avec TVA sur les débits) Obligations des PDP-E et PDP-R : Ø Savoir traiter les formats et profils du socle minimum (facture et CDAR). Obligations du VENDEUR : Ø Aucune. Il peut créer un avoir à hauteur du montant de l’e"
docs_tech/afnor/afnor_xp_z12_014_annexe_a_cas_usage_b2b.pdf,91,/docs_tech/afnor/afnor_xp_z12_014_annexe_a_cas_usage_b2b.pdf#page=91,XP Z12-014 - Cas d’usage B2B applicables dans le cadre la Réforme Facture Électronique en France. ANNEXE A (normative) :,"XP Z12-014 - Cas d’usage B2B applicables dans le cadre la Réforme Facture Électronique en France. ANNEXE A (normative) : Description des principaux cas d’usage spécifiques Page 91/108 3.2.23 Cas n°24 : Gestion des arrhes Les arrhes sont définies comme les sommes versées à titre de dédit (article 1590 du code civil) : l’ACHETEUR peut dans ce cas annuler la vente, renoncer à son achat en abandonnant cette somme. Si les arrhes constituent une indemnité, c’est à dire ne constituent pas la rétributio"
docs_tech/afnor/afnor_xp_z12_014_annexe_a_cas_usage_b2b.pdf,92,/docs_tech/afnor/afnor_xp_z12_014_annexe_a_cas_usage_b2b.pdf#page=92,XP Z12-014 - Cas d’usage B2B applicables dans le cadre la Réforme Facture Électronique en France. ANNEXE A (normative) :,"XP Z12-014 - Cas d’usage B2B applicables dans le cadre la Réforme Facture Électronique en France. ANNEXE A (normative) : Description des principaux cas d’usage spécifiques Page 92/108 • Le fournisseur de prestation de services ou de livraison de biens facture l’émetteur du BUU suite à son utilisation. • L’Émetteur du BUU facture le fournisseur pour sa commission ou ses frais de gestion, si applicable. La TVA afférente à cette opération sera exigible dans les mêmes conditions que l’opération sous"
docs_tech/afnor/afnor_xp_z12_014_annexe_a_cas_usage_b2b.pdf,93,/docs_tech/afnor/afnor_xp_z12_014_annexe_a_cas_usage_b2b.pdf#page=93,XP Z12-014 - Cas d’usage B2B applicables dans le cadre la Réforme Facture Électronique en France. ANNEXE A (normative) :,"XP Z12-014 - Cas d’usage B2B applicables dans le cadre la Réforme Facture Électronique en France. ANNEXE A (normative) : Description des principaux cas d’usage spécifiques Page 93/108 Étape 2 - Utilisation du bon cadeau à usages multiples : L’utilisation du bon à usages multiples par son bénéficiaire (porteur du bon) en échange d’une livraison de biens ou d’une prestation de services est soumise à la TVA. Si le bénéficiaire du bon est un particulier, il s’agit d’une opération entre un assujetti "
docs_tech/afnor/afnor_xp_z12_014_annexe_a_cas_usage_b2b.pdf,94,/docs_tech/afnor/afnor_xp_z12_014_annexe_a_cas_usage_b2b.pdf#page=94,XP Z12-014 - Cas d’usage B2B applicables dans le cadre la Réforme Facture Électronique en France. ANNEXE A (normative) :,"XP Z12-014 - Cas d’usage B2B applicables dans le cadre la Réforme Facture Électronique en France. ANNEXE A (normative) : Description des principaux cas d’usage spécifiques Page 94/108 En cas de livraisons de biens ou prestations de service avec option du paiement de la TVA sur les débits, la TVA est au débit, donc à l’émission de la facture : • En l’absence de e-reporting des données de paiement, cette retenue n’a pas d’impact à la TVA jusqu’à ce qu’elle devienne définitive. • La mise en œuvre d"
docs_tech/afnor/afnor_xp_z12_014_annexe_a_cas_usage_b2b.pdf,95,/docs_tech/afnor/afnor_xp_z12_014_annexe_a_cas_usage_b2b.pdf#page=95,XP Z12-014 - Cas d’usage B2B applicables dans le cadre la Réforme Facture Électronique en France. ANNEXE A (normative) :,"XP Z12-014 - Cas d’usage B2B applicables dans le cadre la Réforme Facture Électronique en France. ANNEXE A (normative) : Description des principaux cas d’usage spécifiques Page 95/108 Obligations des PDP : Ø Savoir traiter les formats et profils du socle minimum (facture et CDAR), et le e-reporting (flux 10). 3.2.27 Cas n°28 : Gestion des notes de restaurant émises par un VENDEUR assujetti établi en France En principe, les notes de restaurant à un assujetti entrent dans le champ de la facturatio"
docs_tech/afnor/afnor_xp_z12_014_annexe_a_cas_usage_b2b.pdf,96,/docs_tech/afnor/afnor_xp_z12_014_annexe_a_cas_usage_b2b.pdf#page=96,XP Z12-014 - Cas d’usage B2B applicables dans le cadre la Réforme Facture Électronique en France. ANNEXE A (normative) :,"XP Z12-014 - Cas d’usage B2B applicables dans le cadre la Réforme Facture Électronique en France. ANNEXE A (normative) : Description des principaux cas d’usage spécifiques Page 96/108 Gestion d’une note dont le client est assujetti mais n’est pas déterminé en tant que tel au moment de la transaction, ou note inférieure à 150€ HT : Figure 33 : Déclaration de données de transaction pour notes inférieures à 150 euros Dans le cas où le client demande une facture a posteriori et que le restaurateur d"
docs_tech/afnor/afnor_xp_z12_014_annexe_a_cas_usage_b2b.pdf,97,/docs_tech/afnor/afnor_xp_z12_014_annexe_a_cas_usage_b2b.pdf#page=97,XP Z12-014 - Cas d’usage B2B applicables dans le cadre la Réforme Facture Électronique en France. ANNEXE A (normative) :,"XP Z12-014 - Cas d’usage B2B applicables dans le cadre la Réforme Facture Électronique en France. ANNEXE A (normative) : Description des principaux cas d’usage spécifiques Page 97/108 Obligations des PDP : Ø Savoir traiter les formats et profils du socle minimum (facture et CDAR), et le e-reporting (flux 10). Obligations du VENDEUR : Ø Savoir créer une facture B2B pour une note de restaurant, soit avec cadre de facturation (BT-23) égal à S7, B7, M7 en conservant la vente en e-reporting (flux 10."
docs_tech/afnor/afnor_xp_z12_014_annexe_a_cas_usage_b2b.pdf,98,/docs_tech/afnor/afnor_xp_z12_014_annexe_a_cas_usage_b2b.pdf#page=98,XP Z12-014 - Cas d’usage B2B applicables dans le cadre la Réforme Facture Électronique en France. ANNEXE A (normative) :,XP Z12-014 - Cas d’usage B2B applicables dans le cadre la Réforme Facture Électronique en France. ANNEXE A (normative) : Description des principaux cas d’usage spécifiques Page 98/108 Le décorateur floral réalise une transaction B2C payée en espèces. Le ticket Z issu de sa journée d’activité fait référence à l’ensemble des transactions réalisées ce jour. Le décorateur floral transmet via un flux e-reporting ses données cumulées de transactions (flux 10.3) et s’il n’a pas opté pour le paiement de
docs_tech/afnor/afnor_xp_z12_014_annexe_a_cas_usage_b2b.pdf,99,/docs_tech/afnor/afnor_xp_z12_014_annexe_a_cas_usage_b2b.pdf#page=99,XP Z12-014 - Cas d’usage B2B applicables dans le cadre la Réforme Facture Électronique en France. ANNEXE A (normative) :,"XP Z12-014 - Cas d’usage B2B applicables dans le cadre la Réforme Facture Électronique en France. ANNEXE A (normative) : Description des principaux cas d’usage spécifiques Page 99/108 Obligations des PDP : Ø Savoir traiter les formats et profils du socle minimum (facture et CDAR), et le e-reporting (flux 10). Obligations du VENDEUR : Ø Savoir créer une facture B2B avec cadre de facturation (BT-23) égal à S7, B7, M7 en conservant la vente en e-reporting (flux 10.3 et 10.4). Ø Veiller à ne pas com"
docs_tech/afnor/afnor_xp_z12_014_annexe_a_cas_usage_b2b.pdf,100,/docs_tech/afnor/afnor_xp_z12_014_annexe_a_cas_usage_b2b.pdf#page=100,XP Z12-014 - Cas d’usage B2B applicables dans le cadre la Réforme Facture Électronique en France. ANNEXE A (normative) :,"XP Z12-014 - Cas d’usage B2B applicables dans le cadre la Réforme Facture Électronique en France. ANNEXE A (normative) : Description des principaux cas d’usage spécifiques Page 100/108 • Si un client souhaite faire retoucher un vêtement (acheté dans le cadre d’une autre transaction), alors cette retouche sera considérée comme principale, et donc de catégorie « Prestation de Services ». Elle devra donc faire l’objet d’une déclaration e-reporting de paiement à hauteur des services facturés (hors o"
docs_tech/afnor/afnor_xp_z12_014_annexe_a_cas_usage_b2b.pdf,101,/docs_tech/afnor/afnor_xp_z12_014_annexe_a_cas_usage_b2b.pdf#page=101,XP Z12-014 - Cas d’usage B2B applicables dans le cadre la Réforme Facture Électronique en France. ANNEXE A (normative) :,XP Z12-014 - Cas d’usage B2B applicables dans le cadre la Réforme Facture Électronique en France. ANNEXE A (normative) : Description des principaux cas d’usage spécifiques Page 101/108 ü TT-78 : Code Devise ü TT-80 : Option paiement TVA (si option pour les débits pour les ventes de prestations de services) ü TT-81 (Catégorie des transactions) : § TLB1 : Livraisons de biens soumises à la taxe sur la valeur ajoutée ; § TPS1 : Prestations de services soumises à la taxe sur la valeur ajoutée ; § TNT
docs_tech/afnor/afnor_xp_z12_014_annexe_a_cas_usage_b2b.pdf,102,/docs_tech/afnor/afnor_xp_z12_014_annexe_a_cas_usage_b2b.pdf#page=102,XP Z12-014 - Cas d’usage B2B applicables dans le cadre la Réforme Facture Électronique en France. ANNEXE A (normative) :,"XP Z12-014 - Cas d’usage B2B applicables dans le cadre la Réforme Facture Électronique en France. ANNEXE A (normative) : Description des principaux cas d’usage spécifiques Page 102/108 En cas de vente B2C, ou en cas d’absence de factures, ces mensualités doivent être déclarées par le biais d’un e-reporting de transaction (correspondant à une livraison de biens ou à une prestation de service soumises à TVA) complété d’un e-reporting de paiement si exigible. Lors de l’édition de la facture : • S’i"
docs_tech/afnor/afnor_xp_z12_014_annexe_a_cas_usage_b2b.pdf,103,/docs_tech/afnor/afnor_xp_z12_014_annexe_a_cas_usage_b2b.pdf#page=103,XP Z12-014 - Cas d’usage B2B applicables dans le cadre la Réforme Facture Électronique en France. ANNEXE A (normative) :,"XP Z12-014 - Cas d’usage B2B applicables dans le cadre la Réforme Facture Électronique en France. ANNEXE A (normative) : Description des principaux cas d’usage spécifiques Page 103/108 Les spécificités de transmission des données de facturation/transaction et paiement sont : • Transmission d’un e-reporting des données cumulées sur la période de transactions (flux 10.3) et des paiements (flux 10.4) relatives aux mensualités perçues, le cas échéant ; • Émission d’une facture de régularisation avec"
docs_tech/afnor/afnor_xp_z12_014_annexe_a_cas_usage_b2b.pdf,104,/docs_tech/afnor/afnor_xp_z12_014_annexe_a_cas_usage_b2b.pdf#page=104,XP Z12-014 - Cas d’usage B2B applicables dans le cadre la Réforme Facture Électronique en France. ANNEXE A (normative) :,"XP Z12-014 - Cas d’usage B2B applicables dans le cadre la Réforme Facture Électronique en France. ANNEXE A (normative) : Description des principaux cas d’usage spécifiques Page 104/108 Dès lors que le fournisseur a opté pour le paiement de la TVA sur les débits, il n’a pas à transmettre les données de paiement, contrairement au cas 1-a. Cas 2a : Le VENDEUR n’a pas opté pour les débits ET la facture de régularisation fait état d’un trop-perçu : Figure 40 : Paiements mensuels et trop perçu final d"
docs_tech/afnor/afnor_xp_z12_014_annexe_a_cas_usage_b2b.pdf,105,/docs_tech/afnor/afnor_xp_z12_014_annexe_a_cas_usage_b2b.pdf#page=105,XP Z12-014 - Cas d’usage B2B applicables dans le cadre la Réforme Facture Électronique en France. ANNEXE A (normative) :,"XP Z12-014 - Cas d’usage B2B applicables dans le cadre la Réforme Facture Électronique en France. ANNEXE A (normative) : Description des principaux cas d’usage spécifiques Page 105/108 Cas 2b : Le VENDEUR a opté pour les débits ET la facture de régularisation fait état d’un trop-perçu) : Figure 41 : Paiements mensuels et trop perçu final dans le cadre d’une transaction B2C, option pour les débits (cas 2b) Si le fournisseur a opté pour le paiement de la TVA sur les débits : la facture de régulari"
docs_tech/afnor/afnor_xp_z12_014_annexe_a_cas_usage_b2b.pdf,106,/docs_tech/afnor/afnor_xp_z12_014_annexe_a_cas_usage_b2b.pdf#page=106,XP Z12-014 - Cas d’usage B2B applicables dans le cadre la Réforme Facture Électronique en France. ANNEXE A (normative) :,"XP Z12-014 - Cas d’usage B2B applicables dans le cadre la Réforme Facture Électronique en France. ANNEXE A (normative) : Description des principaux cas d’usage spécifiques Page 106/108 Le régime de la TVA sur la marge s’applique aux opérations visées au e) du 1 de l’article 266 [agences et organisateurs de voyages] et aux articles 268 [terrain à bâtir] et 297 A [biens d’occasion, œuvres d’art, objets de collection ou d’antiquité] du code général des impôts. Exemple 1 : Une agence de voyages fact"
docs_tech/afnor/afnor_xp_z12_014_annexe_a_cas_usage_b2b.pdf,107,/docs_tech/afnor/afnor_xp_z12_014_annexe_a_cas_usage_b2b.pdf#page=107,XP Z12-014 - Cas d’usage B2B applicables dans le cadre la Réforme Facture Électronique en France. ANNEXE A (normative) :,"XP Z12-014 - Cas d’usage B2B applicables dans le cadre la Réforme Facture Électronique en France. ANNEXE A (normative) : Description des principaux cas d’usage spécifiques Page 107/108 ü Total TTC (BT-112) : égal à BT-109, s’il n’y a que des lignes relevant de la marge. Il n’y a pas de spécificités de transmission des données de facturation et paiement, à savoir : • Transmission de la facture (flux 2), avec flux 1 transmis au CdD PPF ; • Transmission du statut « Encaissée » du cycle de vie de la"
docs_tech/afnor/afnor_xp_z12_014_annexe_a_cas_usage_b2b.pdf,108,/docs_tech/afnor/afnor_xp_z12_014_annexe_a_cas_usage_b2b.pdf#page=108,XP Z12-014 - Cas d’usage B2B applicables dans le cadre la Réforme Facture Électronique en France. ANNEXE A (normative) :,"XP Z12-014 - Cas d’usage B2B applicables dans le cadre la Réforme Facture Électronique en France. ANNEXE A (normative) : Description des principaux cas d’usage spécifiques Page 108/108 3.2.34 Cas n°35 : Notes d’auteur Ce cas d’usage fait encore l’objet de discussions et est donc susceptible de compléments significatifs. OPÉRATIONS RÉALISÉES PAR L’AUTEUR ETABLISSEMENT PAYEUR DISPOSITIF APPLICABLE (EI / ER) Perception de droits d’auteurs Éditeurs, sociétés de perception et de répartition de droits"
docs_tech/afnor/afnor_xp_z12_014_cas_usage_b2b.pdf,1,/docs_tech/afnor/afnor_xp_z12_014_cas_usage_b2b.pdf#page=1,"XP Z12-014 JUIN 2025 Annulé le / Withdrawn on 2025-07-30 En tant que titulaire des droits d’auteurs sur ce document, aya","XP Z12-014 JUIN 2025 Annulé le / Withdrawn on 2025-07-30 En tant que titulaire des droits d’auteurs sur ce document, ayant-droit ou distributeur autorisé de ce document, AFNOR autorise la consultation et le téléchargement selon les droits qui vous sont alloués pour votre abonnement ou votre achat. Tous autres droits relatifs à ces documents sont réservés. AFNOR s’oppose expressément à toute intégration, transmission ou absorption totale ou partielle du présent document par des moteurs ou algorit"
docs_tech/afnor/afnor_xp_z12_014_cas_usage_b2b.pdf,2,/docs_tech/afnor/afnor_xp_z12_014_cas_usage_b2b.pdf#page=2,afnor_xp_z12_014_cas_usage_b2b page 2,
docs_tech/afnor/afnor_xp_z12_014_cas_usage_b2b.pdf,3,/docs_tech/afnor/afnor_xp_z12_014_cas_usage_b2b.pdf#page=3,"Le cas échéant, seules les formes verbales doit et doivent sont utilisées pour exprimer une ou des exigences qui doivent","Le cas échéant, seules les formes verbales doit et doivent sont utilisées pour exprimer une ou des exigences qui doivent être respectées pour se conformer au présent document. Pour les méthodes d’essai , l’utilisation de l’infinitif correspond à une exigence. Des informations complémentaires sont disponibles sur votre espace client AFNOR (Relati ons avec normes Européennes et internationales, indice de classement, descripteurs, Etc.) Éditée et diffusée par l’!ssociation Française de Normalisatio"
docs_tech/afnor/afnor_xp_z12_014_cas_usage_b2b.pdf,4,/docs_tech/afnor/afnor_xp_z12_014_cas_usage_b2b.pdf#page=4,XP Z12-014 2 Sommaire Avant-propos......................................................................................,XP Z12-014 2 Sommaire Avant-propos.......................................................................................................................................................................... 3 Introduction ........................................................................................................................................................................... 4 1 Domaine d'application ......................................... ........................................
docs_tech/afnor/afnor_xp_z12_014_cas_usage_b2b.pdf,5,/docs_tech/afnor/afnor_xp_z12_014_cas_usage_b2b.pdf#page=5,XP Z12-014 3 Avant-propos Le présent document est destiné à tous les organismes qui souhaitent échanger des factures éle,"XP Z12-014 3 Avant-propos Le présent document est destiné à tous les organismes qui souhaitent échanger des factures électroniques dans le contexte de la réglementation française (Réforme de la Facture Électronique telle que décrite aux article 289, 289BIS, 290 et 290A du Code Générale des Impôts), mais aussi plus largement dans le respect des dispositions de la Directive 2006-112-CE, modifiée par le Directive UE 2025/516 dite ViDA (VAT in the Digital Age). Le présent document traite des cas d’u"
docs_tech/afnor/afnor_xp_z12_014_cas_usage_b2b.pdf,6,/docs_tech/afnor/afnor_xp_z12_014_cas_usage_b2b.pdf#page=6,"XP Z12-014 4 Introduction Dans le cadre de la Réforme Facture Électronique en France, régie par les articles 289bis, 290","XP Z12-014 4 Introduction Dans le cadre de la Réforme Facture Électronique en France, régie par les articles 289bis, 290, 290 A du Code Général des Impôts, applicable à compter de septembre 2026, la Commission AFNOR Facture Électroni que s’est constituée pour prendre en charge la description des formats et profils de facture et de statuts de cycle de vie constitutifs du socle minimum que les Plateformes de Dématérialisation Partenair es (PDP) devront supporter, permettant à toute entité soumise "
docs_tech/afnor/afnor_xp_z12_014_cas_usage_b2b.pdf,7,/docs_tech/afnor/afnor_xp_z12_014_cas_usage_b2b.pdf#page=7,"XP Z12-014 5 1 Domaine d'application Le présent document vise le cycle de vie d’une facture, de sa création à son règlem","XP Z12-014 5 1 Domaine d'application Le présent document vise le cycle de vie d’une facture, de sa création à son règlement, ainsi que la façon dont les différentes étapes de l’échange et du traitement doivent s’opérer, puis à décliner ces présentations sur tous les cas d’usage mis en œuvre dans les entreprises, comme par exemple l’auto -facturation, l’affacturage, la gestion des factures d’acomptes et finales, la gestion des frais de collaborateurs, la gestion de la sous-traitance avec paiement"
docs_tech/afnor/afnor_xp_z12_014_cas_usage_b2b.pdf,8,/docs_tech/afnor/afnor_xp_z12_014_cas_usage_b2b.pdf#page=8,"XP Z12-014 6 3 Termes et définitions Pour les besoins du présent document, les termes et définitions donnés dans ce docu","XP Z12-014 6 3 Termes et définitions Pour les besoins du présent document, les termes et définitions donnés dans ce document ainsi que les termes et définitions suivants s'appliquent. 3.1 Annuaire PPF Annuaire des assujettis soumis à la Réforme Facture Électronique et destinataires de factures électroniques dans le cadre défini par cette dernière; L’annuaire des destinataires est mis en œuvre par le PPF pour les besoins de la réforme. 3.2 CIUS « Core Invoice Usage Specifiation » : Spécification "
docs_tech/afnor/afnor_xp_z12_014_cas_usage_b2b.pdf,9,/docs_tech/afnor/afnor_xp_z12_014_cas_usage_b2b.pdf#page=9,"XP Z12-014 7 3.8 Flux 1, Flux 2, Flux 3, Flux 6, Flux 8, Flux 9, Flux 10 Les Flux nomment les différents types de messag","XP Z12-014 7 3.8 Flux 1, Flux 2, Flux 3, Flux 6, Flux 8, Flux 9, Flux 10 Les Flux nomment les différents types de messages échangés dans le cadre de la réforme : ⎯ Flux 1 : correspond au message de type Facture, transmis par le PDP- E d’émission des factures au Concentrateur de Données du PPF (CdD PPF), contenant uniquement les données requises par l’Administration fiscale pour les factures relevant du périmètre « e-invoicing » (factures électroniques entre assujettis à la TVA) ⎯ Flux 2 : corres"
docs_tech/afnor/afnor_xp_z12_014_cas_usage_b2b.pdf,10,/docs_tech/afnor/afnor_xp_z12_014_cas_usage_b2b.pdf#page=10,XP Z12-014 8 D’autre part le format de statuts de cycle de vie es t implémenté dans la syntaxe UN/CEFACT CDAR (Cross Dom,"XP Z12-014 8 D’autre part le format de statuts de cycle de vie es t implémenté dans la syntaxe UN/CEFACT CDAR (Cross Domain Acknowledgement and Response), et fait aussi partie des formats et profils du socle minimum. 3.10 Réforme Facture Électronique Réforme facture électronique applicable en France à compter du 1 er septembre 2026, telle que décrite aux articles 289, 289bis, 290 et 290A du Code Général des Impôts. 3.11 PDP Plateforme de Dématérialisation Partenaire : Plateforme de facturation é"
docs_tech/afnor/afnor_xp_z12_014_cas_usage_b2b.pdf,11,/docs_tech/afnor/afnor_xp_z12_014_cas_usage_b2b.pdf#page=11,XP Z12-014 9 Le présent document distingue donc ce qui relève des obligations des PDP de ce qui relève de fonctionnalité,"XP Z12-014 9 Le présent document distingue donc ce qui relève des obligations des PDP de ce qui relève de fonctionnalités optionnelles de bonnes pratiques pour les acteurs de l’écosystème à savoir les PDP, les Éd iteurs de solutions de gestion impliqués dans la gestion des factures, les assujettis, les tiers, et plus généralement tout ce qui est compris dans le terme « OD » (Opérateur de Dématérialisation). Ce document repose sur l’utilisation des formats et profils du socle minimum tels que déc"
docs_tech/afnor/afnor_xp_z12_014_cas_usage_b2b.pdf,12,/docs_tech/afnor/afnor_xp_z12_014_cas_usage_b2b.pdf#page=12,"XP Z12-014 10 • LE BÉNÉFICIAIRE, qui est le bénéficiaire du paiement des factures lorsque ce n’est pas le VENDEUR; Il pe","XP Z12-014 10 • LE BÉNÉFICIAIRE, qui est le bénéficiaire du paiement des factures lorsque ce n’est pas le VENDEUR; Il peut arriver qu’une facture ait plusieurs BÉNÉFICIAIRES (uniquement dans le profil EXTENDED-CTC- FR). Par exemple, un Affactureur est un BÉNÉFICIAIRE. • D’autres Parties ont été jugées utiles pour adresser certains cas d’usage; Elles ne sont pas prés entes dans le modèle sémantique des données essentielles de facture EN16931, mais ont été aj outées dans le profil EXTENDED-CTC-FR "
docs_tech/afnor/afnor_xp_z12_014_cas_usage_b2b.pdf,13,/docs_tech/afnor/afnor_xp_z12_014_cas_usage_b2b.pdf#page=13,"XP Z12-014 11 • Un profil EXTENDED-CTC-FR, qui est une extension comme la Norme EN16931 le permet, qui contient des donn","XP Z12-014 11 • Un profil EXTENDED-CTC-FR, qui est une extension comme la Norme EN16931 le permet, qui contient des données additionnelles référencées au travers d’un nommage de type « EXT-FR-FE-BG-XX » pour les blocs de données et « EXT-FR-FE-XX » pour les données. De plus, certaines règles de g estion de la Norme EN16931 ont été supprimées ou remplacées par des règles plus souples pour ce profil. Il pourra aussi être fait référence aux annexes des spécifications externes en vigueur publiées s "
docs_tech/afnor/afnor_xp_z12_014_cas_usage_b2b.pdf,14,/docs_tech/afnor/afnor_xp_z12_014_cas_usage_b2b.pdf#page=14,XP Z12-014 12 • « SIREN_SUFFIXE » : si l’entreprise souhaite disposer de plusieurs adresses de facturation électroniques,"XP Z12-014 12 • « SIREN_SUFFIXE » : si l’entreprise souhaite disposer de plusieurs adresses de facturation électroniques, par exemple pour différencier des canaux d’achat, parce qu’elle a choisi plusieurs PDP (sachant qu’une adresse de facturation électronique ne peut être associée qu’à une seule PDP de réception), et ce, sans avoir à rattacher ces adresses à une organisation interne (CODE_ROUTAGE) ni à la localisation de ses équipes (SIRET); Les SUFFIXES sont libres et à la main de l’entreprise"
docs_tech/afnor/afnor_xp_z12_014_cas_usage_b2b.pdf,15,/docs_tech/afnor/afnor_xp_z12_014_cas_usage_b2b.pdf#page=15,XP Z12-014 13 Figure 1 : Illustration du cycle de vie et des différents statuts L’analyse des cas d’usage montre qu’il s,"XP Z12-014 13 Figure 1 : Illustration du cycle de vie et des différents statuts L’analyse des cas d’usage montre qu’il sera nécessaire de prévoir des statuts additionnel s complémentaires, venant soutenir le traitement, comme un statut « Affacturée », « Affacturée confidentiel », « Non Affacturée », « Demande de Paiement direct ¬, < Le traitement des factures à l’émission par la PDP -E et en réception par le PDP-R, se déroule en plusieurs étapes : • Contrôles techniques : antivirus, fichiers vid"
docs_tech/afnor/afnor_xp_z12_014_cas_usage_b2b.pdf,16,/docs_tech/afnor/afnor_xp_z12_014_cas_usage_b2b.pdf#page=16,"XP Z12-014 14 Étape Nom de l’étape Acteur responsable Description 2 Transmission du flux 1, de la facture (flux 2) et de","XP Z12-014 14 Étape Nom de l’étape Acteur responsable Description 2 Transmission du flux 1, de la facture (flux 2) et des statuts afférents PDP-E La PDP-E ayant effectué les contrôles réglementaires de conformité, y compris les contrôles de doublons et d’existence d’une adresse de facturation électronique du destinataire active, DOIT transmettre les données requises par l’Administration (le flux 1) au CdD PPF. Elle DOIT aussi transmettre la facture (flux 2 ou flux 3) à la PDP-R de l’ACHETEUR; El"
docs_tech/afnor/afnor_xp_z12_014_cas_usage_b2b.pdf,17,/docs_tech/afnor/afnor_xp_z12_014_cas_usage_b2b.pdf#page=17,"XP Z12-014 15 Le statut « Encaissée » DOIT indiquer le (ou les) montant(s) encaissé(s) par taux de TVA applicables, de l","XP Z12-014 15 Le statut « Encaissée » DOIT indiquer le (ou les) montant(s) encaissé(s) par taux de TVA applicables, de la façon suivante : • MDT-207 (Code du type de donnée) : MEN (signifiant « Montant encaissé (TTC) »). • MDT-215 (Montant) : le Montant Encaissé. • MDT-224 : le taux de TVA applicable au montant encaissé TTC. Exemple : une facture de 1 160 € TTC, dont 600 € HT à 20% de TVA (120 €) et 400 € HT à 10% (40 €) : • MDG-43 (1ère occurrence) : ✓ MDT-207 (Code du type de donnée) : MEN (si"
docs_tech/afnor/afnor_xp_z12_014_cas_usage_b2b.pdf,18,/docs_tech/afnor/afnor_xp_z12_014_cas_usage_b2b.pdf#page=18,"XP Z12-014 16 S’agissant du cycle de vie, chaque PDP a l’obligation : ➢ De créer les statuts de la phase de transmission","XP Z12-014 16 S’agissant du cycle de vie, chaque PDP a l’obligation : ➢ De créer les statuts de la phase de transmission et les tenir à disposition de leurs clien ts (Rejetée à l’émission/Déposée, Émise pour la PDP -E ; Rejetée en réception/Reçue, Mise à disposition pour la PDP-R). ➢ De transmettre les statuts de la phase de transmission à la PDP contrepartie SAUF le statut « Émise » et le statut « Rejetée ¬ à l’émission, lorsqu’il est posé par la PDP -E en charge du traitement à l’émission; ➢ D"
docs_tech/afnor/afnor_xp_z12_014_cas_usage_b2b.pdf,19,/docs_tech/afnor/afnor_xp_z12_014_cas_usage_b2b.pdf#page=19,XP Z12-014 17 Étape Nom de l’étape Acteur responsable Description Si la P-E reçoit un AVOIR faisant référence à une fact,"XP Z12-014 17 Étape Nom de l’étape Acteur responsable Description Si la P-E reçoit un AVOIR faisant référence à une facture Rejetée de la part du VENDEUR, elle NE DOIT PAS le transmettre à l’ACHETEUR, ni transmettre de flux 1 au CdD PPF. Figure 3 : Rejet à l’émission d’une facture e-invoicing Obligations de la PDP-E en cas de Rejet à l’émission : ➢ Poser le statut « Rejetée », avec un motif de rejet de la liste des motifs applicables, le transmettre au CdD PPF et le mettre à disposition du VENDE"
docs_tech/afnor/afnor_xp_z12_014_cas_usage_b2b.pdf,20,/docs_tech/afnor/afnor_xp_z12_014_cas_usage_b2b.pdf#page=20,XP Z12-014 18 Étape Nom de l’étape Acteur responsable Description 1 Création de la facture à destination de l’ACHETEUR V,"XP Z12-014 18 Étape Nom de l’étape Acteur responsable Description 1 Création de la facture à destination de l’ACHETEUR VENDEUR Suite à une transaction commerciale (commande/livraison, contrat de service, achat spot, <), le VENDEUR crée la facture (flux 2) via son système d’information; Il peut en confier la création à un OD ou à sa PDP-E. Il la transmet à sa PDP-E pour traitement. 2 Transmission du flux 1, de la facture (flux 2) et des statuts afférents PDP-E La PDP-E ayant effectué les contrôle"
docs_tech/afnor/afnor_xp_z12_014_cas_usage_b2b.pdf,21,/docs_tech/afnor/afnor_xp_z12_014_cas_usage_b2b.pdf#page=21,"XP Z12-014 19 Obligations de la PDP-R en cas de Rejet en réception : ➢ Poser le statut « Rejetée », avec un motif de rej","XP Z12-014 19 Obligations de la PDP-R en cas de Rejet en réception : ➢ Poser le statut « Rejetée », avec un motif de rejet de la liste des motifs applicables, le transmettre au CdD PPF et à la PDP-E, et le mettre à disposition de l’ACHETEUR; Obligations de la PDP-E en cas de Rejet en réception : ➢ Mettre à disposition du VENDEUR le statut « Rejetée ». Obligations du VENDEUR en cas de Rejet en réception : ➢ Annuler la comptabilisation d’une facture sur laquelle un statut « Rejetée » a été posé pa"
docs_tech/afnor/afnor_xp_z12_014_cas_usage_b2b.pdf,22,/docs_tech/afnor/afnor_xp_z12_014_cas_usage_b2b.pdf#page=22,XP Z12-014 20 Étape Nom de l’étape Acteur responsable Description 1 Création de la facture à destination de l’ACHETEUR V,"XP Z12-014 20 Étape Nom de l’étape Acteur responsable Description 1 Création de la facture à destination de l’ACHETEUR VENDEUR Suite à une transaction commerciale (commande/livraison, contrat de service, achat spot, <), le VENDEUR crée la facture (flux 2) via son système d’information; Il peut en confier la création à un OD ou à sa PDP-E. Il la transmet à sa PDP-E pour traitement. 2 Transmission du flux 1, de la facture (flux 2) et des statuts afférents PDP-E La PDP-E ayant effectué les contrôle"
docs_tech/afnor/afnor_xp_z12_014_cas_usage_b2b.pdf,23,/docs_tech/afnor/afnor_xp_z12_014_cas_usage_b2b.pdf#page=23,XP Z12-014 21 Figure 5 : Refus d’une facture par l’ACHETEUR (Destinataire de la facture) NOTE : en cas d’abus d’utilisat,"XP Z12-014 21 Figure 5 : Refus d’une facture par l’ACHETEUR (Destinataire de la facture) NOTE : en cas d’abus d’utilisation de statut « Refusée », ou dépôt de ce statut par erreur, le VENDEUR peut décider de maintenir sa facture et de ne pas l’annuler dans ses comptes; Il en informe l’ACHETEUR en dehors des échanges de cycle de vie. Ceci peut donc conduire à un contentieux entre le VENDEUR et l’ACHETEUR, ou un accord de maintenir la facture et de ne pas avoir à l’annuler en comptabilité de part "
docs_tech/afnor/afnor_xp_z12_014_cas_usage_b2b.pdf,24,/docs_tech/afnor/afnor_xp_z12_014_cas_usage_b2b.pdf#page=24,"XP Z12-014 22 Actions du VENDEUR en cas de Refus par l’ACHETEUR : ➢ Sur la base du statut de cycle de vie « Refusée », l","XP Z12-014 22 Actions du VENDEUR en cas de Refus par l’ACHETEUR : ➢ Sur la base du statut de cycle de vie « Refusée », le VENDEUR annule la comptabilisation de la facture sur laquelle le statut « Refusée » a été posé par l’ACHETEUR, par exemple au travers de la création d’un AVOIR INTERNE non transmis à la PDP -E (sauf à des fins d’archivage uniquement). Ainsi la déclaration de TVA sera alignée avec le pré-remplissage TVA proposé par l’Administration fiscale. ➢ Toutefois, le VENDEUR peut contest"
docs_tech/afnor/afnor_xp_z12_014_cas_usage_b2b.pdf,25,/docs_tech/afnor/afnor_xp_z12_014_cas_usage_b2b.pdf#page=25,XP Z12-014 23 Étape Nom de l’étape Acteur responsable Description 4a 4b Traitement de la facture et mise à jour des stat,"XP Z12-014 23 Étape Nom de l’étape Acteur responsable Description 4a 4b Traitement de la facture et mise à jour des statuts avant son paiement ACHETEUR PDP-R L’ACHETEUR traite la facture et constate un écart avec ce qui est attendu. Il pose donc un statut « en Litige », avec un motif, obligatoire, et le cas échéant une action attendue (par exemple demande d’AVOIR), à transmettre au VENDEUR au travers de la PDP-R et la PDP-E. 4c Réception des statuts de la facture VENDEUR Le VENDEUR réceptionne l"
docs_tech/afnor/afnor_xp_z12_014_cas_usage_b2b.pdf,26,/docs_tech/afnor/afnor_xp_z12_014_cas_usage_b2b.pdf#page=26,"XP Z12-014 24 Figure 6 : Facture en litige, suivie d’un AVOIR partiel ou total Obligations de la PDP-R en cas de statut ","XP Z12-014 24 Figure 6 : Facture en litige, suivie d’un AVOIR partiel ou total Obligations de la PDP-R en cas de statut « en Litige ¬ suivi d’un AVOIR partiel ou total : ➢ Transmettre le statut « En Litige » de F1 à la PDP-E, puis traiter l’AVOIR F2 comme une facture normale, avec ses statuts posés par l’ACHETEUR; Obligations de la PDP-E en cas de statut « en Litige ¬ suivi d’un AVOIR partiel ou total : ➢ Mettre à disposition du VENDEUR le statut « En Litige » de F1, avec son motif et son ac tio"
docs_tech/afnor/afnor_xp_z12_014_cas_usage_b2b.pdf,27,/docs_tech/afnor/afnor_xp_z12_014_cas_usage_b2b.pdf#page=27,XP Z12-014 25 4.2.6 Gestion d’un « Litige ¬ suivi d’une Facture Rectificative Ce cas décrit surtout comment se passe la ,"XP Z12-014 25 4.2.6 Gestion d’un « Litige ¬ suivi d’une Facture Rectificative Ce cas décrit surtout comment se passe la gestion d’une facture rectificative créée pour annuler et remplacer une facture en litige. Étape Nom de l’étape Acteur responsable Description 1 Création de la facture F1 à destination de l’ACHETEUR VENDEUR Suite à une transaction commerciale (commande / livraison, contrat de service, achat spot, <), le VENDEUR crée la facture (flux 2) via son système d’information; Il peut en "
docs_tech/afnor/afnor_xp_z12_014_cas_usage_b2b.pdf,28,/docs_tech/afnor/afnor_xp_z12_014_cas_usage_b2b.pdf#page=28,XP Z12-014 26 Étape Nom de l’étape Acteur responsable Description 5a 5b Paiement de la facture F2 Création et transmissi,"XP Z12-014 26 Étape Nom de l’étape Acteur responsable Description 5a 5b Paiement de la facture F2 Création et transmission du statut « Paiement transmis) ACHETEUR / PDP-R L’ACHETEUR paye la facture F2 au VENDEUR; Il peut transmettre un statut « Paiement Transmis » au VENDEUR au travers de la PDP-R (recommandé). 5c Réception du statut de « Paiement Transmis » VENDEUR / PDP-E Le VENDEUR reçoit le statut de « Paiement Transmis » pour F2, de sa PDP-E. 6a 6b Encaissement de la facture VENDEUR Le VEND"
docs_tech/afnor/afnor_xp_z12_014_cas_usage_b2b.pdf,29,/docs_tech/afnor/afnor_xp_z12_014_cas_usage_b2b.pdf#page=29,XP Z12-014 27 Obligations de la PDP-R en cas de statut « en Litige ¬ suivi d’une Facture Rectificative : ➢ Transmettre l,"XP Z12-014 27 Obligations de la PDP-R en cas de statut « en Litige ¬ suivi d’une Facture Rectificative : ➢ Transmettre le statut « En Litige » de la facture F1 à la PDP-E, puis traiter la Facture Rectificative F2 comme une facture normale, avec ses statuts posés par l’ACHETEUR; Obligations de la PDP-E en cas de statut « en Litige » suivi d’une Facture Rectificative : ➢ Mettre à disposition du VENDEUR le statut « En Litige » de la facture F1, avec son motif et so n action requise, puis traiter la"
docs_tech/afnor/afnor_xp_z12_014_cas_usage_b2b.pdf,30,/docs_tech/afnor/afnor_xp_z12_014_cas_usage_b2b.pdf#page=30,"XP Z12-014 28 • Comment gérer les factures qui sont traitées par un tiers mandaté par l’ACHETEUR , par exemple en interm","XP Z12-014 28 • Comment gérer les factures qui sont traitées par un tiers mandaté par l’ACHETEUR , par exemple en intermédiaire transparent commettant ACHETEUR, en utilisant la capacité de l’ACHETEUR à dédier des adresses de facturation électroniques pour certains usages et d’en confier la gestion à des tiers. • Comment gérer les frais de collaborateurs, qui payent en direct (ce qui conduit à des factures déjà payées), et doivent se faire rembourser des factures échangées par ailleurs directemen"
docs_tech/afnor/afnor_xp_z12_014_cas_usage_b2b.pdf,31,/docs_tech/afnor/afnor_xp_z12_014_cas_usage_b2b.pdf#page=31,XP Z12-014 29 (normative) Description des principaux cas d’usage spécifiques Pour l’obtention de la présente Annexe A dé,"XP Z12-014 29 (normative) Description des principaux cas d’usage spécifiques Pour l’obtention de la présente Annexe A décrivant les principaux cas d’usage spécifiques, un fichi er PDF est téléchargeable avec le présent document AFNOR XP Z12-0142025-06 (Annulé le 2025-07-30)"
docs_tech/afnor/afnor_xp_z12_014_cas_usage_b2b.pdf,32,/docs_tech/afnor/afnor_xp_z12_014_cas_usage_b2b.pdf#page=32,XP Z12-014 30 Bibliographie [1] Dossier de spécifications externes de la Facture électronique 3.0 - Dossier général - Ag,"XP Z12-014 30 Bibliographie [1] Dossier de spécifications externes de la Facture électronique 3.0 - Dossier général - Agence pour l’informatique financière de l’État; [2] Dossier de spécifications externes de la Facture électronique 2.4 - Dossier général - Agence pour l’informatique financière de l’État; [3] Documentation du format Factur-X, publié par le FNFE-MPE et le FeRD, mis à jour tous les 6 mois, les 15 mai et 15 novembre de chaque année sur le site www.fnfe-mpe.org AFNOR XP Z12-0142025-0"
docs_tech/donnees_facture_correspondance_flux.pdf,1,/docs_tech/donnees_facture_correspondance_flux.pdf#page=1,Version V1.0 du 25/11/2024 Données de facture listées à l’article 41 septies D de l’annexe IV au CGI à transmettre à l’a,"Version V1.0 du 25/11/2024 Données de facture listées à l’article 41 septies D de l’annexe IV au CGI à transmettre à l’administration en application de l’article 289 bis du même code 1. Tableau récapitulatif des données de facture à transmettre à l'administration (pour les opérations dites « domestiques », entre deux entreprises assujetties à la TVA établies en France) Attendue à compter de Référence à l’article 41 septies D de l’annexe IV au CGI Donnée de la facture Correspondance dans le flux "
docs_tech/donnees_facture_correspondance_flux.pdf,2,/docs_tech/donnees_facture_correspondance_flux.pdf#page=2,1/09/2026 Numéro individuel d'identification prévu à l'article 286 ter du CGI (n° TVA intracommunautaire ) - représentan,1/09/2026 Numéro individuel d'identification prévu à l'article 286 ter du CGI (n° TVA intracommunautaire ) - représentant fiscal de l'assujetti N° de TVA intracommunautaire du représentant fiscal le cas échéant BT-63 VENDEUR - Identifiant à la TVA du représentant fiscal du vendeur 1/09/2026 Numéro individuel d'identification prévu à l'article 286 ter du CGI (n° TVA intracommunautaire ) - client N° de TVA intracommunautaire du client BT-48 ACHETEUR – Identifiant à la TVA de l’acheteur 1/09/2026 N
docs_tech/e_reporting_donnees_paiement.pdf,1,/docs_tech/e_reporting_donnees_paiement.pdf#page=1,Version V1.1 du 08/10/2025 Données de paiement à transmettre à l’administration (article 290 A du Code général des impôt,Version V1.1 du 08/10/2025 Données de paiement à transmettre à l’administration (article 290 A du Code général des impôts (CGI)) mentionnées à l’article 242 nonies P de l’annexe II au CGI E-reporting des données de paiement uniquement sur les opérations dont la TVA est exigible à l’encaissement (par exemple les prestations de services) (hors opérations autoliquidées et option pour le paiement de la TVA sur les débits) Données à transmettre à l’administration dans tous les cas Date d’encaissement
docs_tech/e_reporting_donnees_paiement.pdf,2,/docs_tech/e_reporting_donnees_paiement.pdf#page=2,3. Si le paiement se rattache à une opération ayant été intégrée dans un flux de données agrégées par jour (opérations B,"3. Si le paiement se rattache à une opération ayant été intégrée dans un flux de données agrégées par jour (opérations BtoC) Les données de paiement sont elles aussi agrégées par jour d’encaissement et sont transmises selon la périodicité du e-reporting de paiement (mensuel ou bimensuel, voir page J’approfondis mes connaissances sur la réforme). Données liées à la transmission de e-reporting : - SIREN de l’entreprise qui encaisse le paiement et de fait redevable et déclarante du e-reporting de p"
docs_tech/e_reporting_donnees_transaction.pdf,1,/docs_tech/e_reporting_donnees_transaction.pdf#page=1,Version V1.0 du 25/11/2024 Données de transaction à transmettre à l’administration en application de l’article 290 du Co,Version V1.0 du 25/11/2024 Données de transaction à transmettre à l’administration en application de l’article 290 du Code général des impôts (CGI) E-reporting des opérations réalisées avec une personne non assujettie (Business to Consumer - BtoC) Données de transaction des opérations avec une personne non assujettie à la TVA à transmettre à l’administration (mentionnées à l’article 242 nonies M de l’annexe II au CGI) Données liées à la transmission de e-reporting SIREN du redevable du e-reporti
docs_tech/e_reporting_donnees_transaction.pdf,2,/docs_tech/e_reporting_donnees_transaction.pdf#page=2,E-reporting des opérations réalisées avec une personne assujettie à la TVA non établie en France (Business to Business -,E-reporting des opérations réalisées avec une personne assujettie à la TVA non établie en France (Business to Business -BtoB- international dont intracommunautaire) Attendue à compter de Référence au II de l’article 242 nonies M de l’annexe II (renvoi à l’article 41 septies D de l’annexe IV au CGI) Donnée de la facture Données obligatoires présentes sur toutes les factures à transmettre à l’administration 1/09/2026 Numéro d'identification mentionné au 1er alinéa de l'article R.123-221 du Code de
docs_tech/e_reporting_donnees_transaction.pdf,3,/docs_tech/e_reporting_donnees_transaction.pdf#page=3,1/09/2026 Numéro individuel d'identification prévu à l'article 286 ter du CGI (n° TVA intracommunautaire ) - client N° d,"1/09/2026 Numéro individuel d'identification prévu à l'article 286 ter du CGI (n° TVA intracommunautaire ) - client N° de TVA intracommunautaire du client, quand il est établi en France 1/09/2026 Numéro de la facture rectifiée en cas d’émission d’une facture rectificative Numéro de la facture initiale rectifiée, le cas échéant 1/09/2026 Option pour le paiement de la taxe d'après les débits Mention en cas d’option à la TVA sur les débits 1/09/2026 En cas d’exonération, la référence à la dispositi"
docs_tech/e_reporting_frequences_delais.pdf,1,/docs_tech/e_reporting_frequences_delais.pdf#page=1,Fréquences et délais de transmission des données de transaction et de paiement (e-reporting) Transmission des données de,"Fréquences et délais de transmission des données de transaction et de paiement (e-reporting) Transmission des données de transaction Transmission des données de paiement Fréquence du dépôt Délai de dépôt Fréquence du dépôt Délai de dépôt Entreprises soumises au régime réel normal mensuel Par décade Trois dépôts au titre d’un mois : - période 1 : du 1 au 10 du mois - période 2 : du 11 au 20 du mois - période 3 : du 21 à la fin du mois 10 jours après la fin de la période, soit : - période 1 : 20 d"
docs_tech/e_reporting_operations_champ.pdf,1,/docs_tech/e_reporting_operations_champ.pdf#page=1,Catégorie de l’opération Parties à l’opération Nature de l’opération Exemples Dispositif 290 I 1° Art. 262 ter I B2B INT,Catégorie de l’opération Parties à l’opération Nature de l’opération Exemples Dispositif 290 I 1° Art. 262 ter I B2B INTERNATIONAL Livraisons intracommunautaires de biens 290 I 1° Art. 262 I 1° B2B INTERNATIONAL Vente de biens et réalisation de prestations à une entreprise américaine 290 I 1° Art. 262 I 1° B2C INTERNATIONAL Vente de biens et réalisation de prestations à un foyer suisse 290 I 2° Art. 258 A I 1° B2C INTERNATIONAL 290 I 3° Art. 258 B2C INTERNATIONAL 290 I 3° Art. 258 B2B INTERNATIO
docs_tech/faq_japprofondis.pdf,1,/docs_tech/faq_japprofondis.pdf#page=1,Foire aux questions – J’approfondis la facturation électronique 1. Questions communes à la facturation électronique et a,Foire aux questions – J’approfondis la facturation électronique 1. Questions communes à la facturation électronique et au e-reporting 1.1 Comment apprécie-t-on la taille de l’entreprise et à quelle date ? 1.2 Les opérations réalisées avec une association sont-elles dans le champ de la facturation électronique ou dans le e-reporting ? 1.3 Je ne facture pas de TVA car je réalise des opérations soumises au régime de la TVA sur la marge (un des régimes prévus au e du 1 de l’article 266 ou aux articl
docs_tech/faq_japprofondis.pdf,2,/docs_tech/faq_japprofondis.pdf#page=2,2.9 Je suis une entreprise établie dans les COM. Suis-je concernée par la facturation électronique ? 3. Transmission des,2.9 Je suis une entreprise établie dans les COM. Suis-je concernée par la facturation électronique ? 3. Transmission des données de transaction (e-reporting de transactions) 3.1 Je suis un assujetti non établi en France. Pour quelles opérations suis-je concerné par la transmission d’information à l’administration ? 3.2 Quel est le calendrier pour les entreprises non établies en France ? 3. 3 Est-ce que je dois envoyer mes données de transaction tous les jours ? 4. Transmission des données de pai
docs_tech/faq_japprofondis.pdf,3,/docs_tech/faq_japprofondis.pdf#page=3,"La taille de l’entreprise s’apprécie au 1er janvier 2025 , sur la base du dernier exercice clos avant cette date ou, en ","La taille de l’entreprise s’apprécie au 1er janvier 2025 , sur la base du dernier exercice clos avant cette date ou, en l’absence d’un tel exercice, sur celle du premier exercice clos à compter de cette date. 1.2 Les opérations réalisées avec une association sont-elles dans le champ de la facturation électronique ou dans le e-reporting (transmission des données de transactions à l’administration) ? Si l’association est à but non lucratif et que sa gestion est désintéressée, que ses activités non"
docs_tech/faq_japprofondis.pdf,4,/docs_tech/faq_japprofondis.pdf#page=4,"Dans le cas de l’intervention d’un assujetti facilitateur prévue au 2° du V de l’article 256 du CGI, les règles de redev","Dans le cas de l’intervention d’un assujetti facilitateur prévue au 2° du V de l’article 256 du CGI, les règles de redevabilité de la TVA sont modifiées. Cependant, les obligations visées aux articles 289 bis, 290 et 290 A du CGI portent sur l’assujetti utilisateur de la plateforme au sens de l’article 256 A du CGI, dans la mesure où c’est lui qui effectue de manière indépendante des activités économiques. 1.5 Entreprise établie en France, je réalise une transaction avec un autre assujetti établ"
docs_tech/faq_japprofondis.pdf,5,/docs_tech/faq_japprofondis.pdf#page=5,2. Facturation électronique 2.1 J’utilise un prestataire pour la gestion de mes factures fournisseurs et éventuellement ,"2. Facturation électronique 2.1 J’utilise un prestataire pour la gestion de mes factures fournisseurs et éventuellement leurs paiements. Comment et à qui seront transmises mes factures électroniques ? Dans ce cas, la facture du fournisseur est libellée au nom de l'acheteur (le vôtre) mais est adressée à votre prestataire. Pour que le prestataire reçoive la facture électronique pour votre compte, la facture devra être complétée d’un bloc « INVOICEE » ( adressée à) permettant, le cas échéant, d’in"
docs_tech/faq_japprofondis.pdf,6,/docs_tech/faq_japprofondis.pdf#page=6,2.6 J’ai des clients dans les DROM. Suis-je concerné par la facturation électronique ? Je suis un fournisseur (livraison,"2.6 J’ai des clients dans les DROM. Suis-je concerné par la facturation électronique ? Je suis un fournisseur (livraison de biens ou prestations de services) établi en métropole qui réalise des opérations au profit d’un preneur assujetti établi en Guadeloupe, en Martinique ou à La Réunion : mes opérations seront soumises à l’obligation de facturation électronique. En revanche, toutes mes opérations réalisées avec des clients en Guyane ou à Mayotte, où la TVA n’est pas applicable, entrent dans le"
docs_tech/faq_japprofondis.pdf,7,/docs_tech/faq_japprofondis.pdf#page=7,opérations réputées situées en France soumises à TVA au sens du II de l’article 290 du code général des impôts. 3. Trans,opérations réputées situées en France soumises à TVA au sens du II de l’article 290 du code général des impôts. 3. Transmission des données de transaction (e-reporting) 3.1 Je suis un assujetti non établi en France. Pour quelles opérations suis-je concerné par la transmission d’informations à l’administration ? Les assujettis non établis en France (au sens de la TVA) ne sont pas concernés par l’obligation de e-invoicing. Ils sont concernés par l'obligation de transmission des données de transact
docs_tech/faq_japprofondis.pdf,8,/docs_tech/faq_japprofondis.pdf#page=8,"salariés, total du bilan / chiffre d’affaires) s’apprécient au niveau de l’établissement étranger dans sa globalité (peu","salariés, total du bilan / chiffre d’affaires) s’apprécient au niveau de l’établissement étranger dans sa globalité (peu importe ce qui a été réalisé en France). 3.3 Est-ce que je dois envoyer mes données de transaction tous les jours ? Les données de transaction qui concernent les opérations internationales entre assujettis ou toutes les opérations avec un non-assujetti, doivent être envoyées au titre d’une période donnée à une fréquence qui dépend du régime d’imposition de TVA de l’entreprise."
docs_tpe/fiche_0_preambule_tpe_pme.pdf,1,/docs_tpe/fiche_0_preambule_tpe_pme.pdf#page=1,"Préambule Grâce à la réforme, en une seule opération , vous pourrez envoyer la facture à votre client, automatiquement a","Préambule Grâce à la réforme, en une seule opération , vous pourrez envoyer la facture à votre client, automatiquement alimenter votre comptabilité et enfin, directement transmettre les données nécessaires à l’administration fiscale. Les bénéfices de la réforme 1. Renforcer la compétitivité des entreprises grâce aux gains de la dématérialisation : elle va permettre d’automatiser certaines tâches, allégeant le travail de gestion des factures. La facturation électronique offre un gain de productiv"
docs_tpe/fiche_0_preambule_tpe_pme.pdf,2,/docs_tpe/fiche_0_preambule_tpe_pme.pdf#page=2,Le public de ces fiches : les PME et les micro-entreprises En vertu de l’ article 51 de la loi n°2008-776 du 4 août 2008,"Le public de ces fiches : les PME et les micro-entreprises En vertu de l’ article 51 de la loi n°2008-776 du 4 août 2008 de modernisation de l’économie (LME) les entreprises sont classées en quatre catégories : les microentreprises, les petites et moyennes entreprises (PME), les entreprises de taille intermédiaire (ETI) et les grandes entreprises. Le décret n° 2008-1354 du 18 décembre 2008 précise les critères permettant de déterminer l’appartenance à une catégorie d'entreprises : ➢ une microent"
docs_tpe/fiche_0_preambule_tpe_pme.pdf,3,/docs_tpe/fiche_0_preambule_tpe_pme.pdf#page=3,"Le terme e-reporting peut recouvrir 2 obligations : d’une part, la transmission des données de transaction (fiche 7) ; d","Le terme e-reporting peut recouvrir 2 obligations : d’une part, la transmission des données de transaction (fiche 7) ; d’autre part, la transmission des données de paiement (fiche 8). Les deux dispositifs sont distincts, le e-reporting de paiement pouvant compléter une facture électronique ou le e-reporting des transactions. La facturation électronique déjà en vigueur à destination de l’État, ses établissements publics ou les collectivités locales et les établissements publics locaux (« B2G ») d"
docs_tpe/fiche_0_preambule_tpe_pme.pdf,4,/docs_tpe/fiche_0_preambule_tpe_pme.pdf#page=4,Sommaire Fiche 1 : Que va-t-il se passer pour mon entreprise en matière de facturation ? Fiche 2 : Mon entreprise sera-t,Sommaire Fiche 1 : Que va-t-il se passer pour mon entreprise en matière de facturation ? Fiche 2 : Mon entreprise sera-t-elle obligée de facturer électroniquement ? Fiche 3 : À partir de quelle date mon entreprise doit-elle être prête à recevoir des factures électroniques ? Et à émettre ? Fiche 4 : Quelles sont les premières étapes pour mon entreprise en matière de facturation électronique ? Fiche 5 : Quelle documentation est disponible ? / Où trouver de plus amples informations ? Fiche 6 : À co
docs_tpe/fiche_10_facturation_entites_publiques.pdf,1,/docs_tpe/fiche_10_facturation_entites_publiques.pdf#page=1,Fiche 10 Comment mon entreprise va-t-elle facturer les entités publiques ? La facturation électronique existe déjà dans ,"Fiche 10 Comment mon entreprise va-t-elle facturer les entités publiques ? La facturation électronique existe déjà dans la sphère publique. Depuis 2017 , les administrations publiques se sont dotées de la plateforme Chorus Pro pour la réception des factures. Les fournisseurs sont donc tenus obligatoirement d ’adresser les factures à destination des entités publiques via cette plateforme. À l’occasion du déploiement de la réforme, deux solutions sont proposées aux fournisseurs qui adressent des f"
docs_tpe/fiche_1_que_va_t_il_se_passer.pdf,1,/docs_tpe/fiche_1_que_va_t_il_se_passer.pdf#page=1,"Fiche 1 Que va-t-il se passer pour mon entreprise en matière de facturation ? À compter du 1er septembre 2026, votre ent","Fiche 1 Que va-t-il se passer pour mon entreprise en matière de facturation ? À compter du 1er septembre 2026, votre entreprise devra être en mesure de recevoir des factures sous format électronique adressées par les grandes entreprises et les entreprises de taille intermédiaires, soumises à l’obligation d’émission de toutes leurs factures sous format électronique, mais aussi par les entreprises volontaires . Il peut s’agir de votre fournisseur d’électricité, votre fournisseur d’accès téléphone "
docs_tpe/fiche_1_que_va_t_il_se_passer.pdf,2,/docs_tpe/fiche_1_que_va_t_il_se_passer.pdf#page=2,Bon à savoir Les auto-entrepreneurs ou les micro-entreprises qui bénéficient de la franchise en base de TVA (article 293,"Bon à savoir Les auto-entrepreneurs ou les micro-entreprises qui bénéficient de la franchise en base de TVA (article 293 B du Code général des impôts) auront aussi l’obligation de recevoir et d’émettre des factures électroniques. À partir du 1er septembre 2026, qu’est-ce qu’une facture électronique ? La nouveauté, c ’est que les factures émises entre professionnels en France devront être électroniques. Cela signifie que la facture devra : • respecter une forme électronique normée ; • comporter, "
docs_tpe/fiche_1_que_va_t_il_se_passer.pdf,3,/docs_tpe/fiche_1_que_va_t_il_se_passer.pdf#page=3,"Au 1er septembre 2027 , votre entreprise 5 devra elle-même être en mesure d’émettre des factures au format électronique.","Au 1er septembre 2027 , votre entreprise 5 devra elle-même être en mesure d’émettre des factures au format électronique. Ainsi, vous ne pourrez plus adresser une facture directement à votre client assujetti6 (agissant à titre professionnel). Vous êtes déjà équipés d’une solution logicielle ? Prenez contact avec votre éditeur afin de connaître son positionnement au regard de la réforme ou s’il s’est déjà connecté à une plateforme agréée pour la transmission des factures. Vous n’avez pas de logici"
docs_tpe/fiche_2_obligation_facturation_electronique.pdf,1,/docs_tpe/fiche_2_obligation_facturation_electronique.pdf#page=1,Fiche 2 Mon entreprise sera-t-elle obligée de facturer électroniquement ? Votre entreprise devra émettre des factures él,"Fiche 2 Mon entreprise sera-t-elle obligée de facturer électroniquement ? Votre entreprise devra émettre des factures électroniques pour ses opérations avec les autres assujettis ayant leur siège social en France dans les cas suivants : 1. Vous êtes une entreprise assujettie à la TVA Par « assujettie à la TVA », on entend une personne physique ou morale qui exerce de manière indépendante, une activité économique à titre habituel. Toutes les entreprises assujetties à la TVA devront être en capaci"
docs_tpe/fiche_2_obligation_facturation_electronique.pdf,2,/docs_tpe/fiche_2_obligation_facturation_electronique.pdf#page=2,"Ainsi, tous les micro-entrepreneurs (auto-entrepreneurs) sont concernés par la réforme : • Vous avez une boutique de vêt","Ainsi, tous les micro-entrepreneurs (auto-entrepreneurs) sont concernés par la réforme : • Vous avez une boutique de vêtements et bijoux divers, vous réalisez moins de 85 000€ de chiffre d’affaires (seuil prévu à l’article 293 B du CGI en 2025), ou vous êtes artisan-plombier, vous réalisez moins de 37 500€ de chiffre d’affaires, vous devrez, au plus tard en 2027, être en capacité d’émettre des factures au format électronique par l’intermédiaire d’une plateforme pour les ventes / prestations de s"
docs_tpe/fiche_2_obligation_facturation_electronique.pdf,3,/docs_tpe/fiche_2_obligation_facturation_electronique.pdf#page=3,"Si vous disposez déjà d’un logiciel (facturation, caisse, métier,…), assurez-vous qu’il soit solution compatible, ainsi ","Si vous disposez déjà d’un logiciel (facturation, caisse, métier,…), assurez-vous qu’il soit solution compatible, ainsi vous pourrez continuer à l’utiliser charge à lui de se connecter à une plateforme agréée pour le transport de vos factures. Par exemple un médecin généraliste qui consulte à son cabinet, est dispensé de facturation, car son activité entre dans le périmètre des activités exonérées. En revanche, il devra choisir une plateforme pour recevoir les factures au format électronique dès"
docs_tpe/fiche_3_a_partir_de_quand.pdf,1,/docs_tpe/fiche_3_a_partir_de_quand.pdf#page=1,Fiche 3 À partir de quelle date mon entreprise doit-elle être prête à recevoir des factures électroniques ? Et à en émet,"Fiche 3 À partir de quelle date mon entreprise doit-elle être prête à recevoir des factures électroniques ? Et à en émettre ? 1. La réception des factures électroniques ➢ Au plus tard le 1er septembre 2026 : vous devez avoir fait le choix d’une plateforme agréée pour la réception des factures électroniques de vos fournisseurs. À compter du 1 er septembre 2026, votre entreprise devra être en mesure de recevoir des factures sous format électronique adressées par les grandes entreprises et les entr"
docs_tpe/fiche_3_a_partir_de_quand.pdf,2,/docs_tpe/fiche_3_a_partir_de_quand.pdf#page=2,2. L’émission de factures électroniques ➢ Au plus tard le 1er septembre 2027 : vous devez être en capacité d’adresser à ,"2. L’émission de factures électroniques ➢ Au plus tard le 1er septembre 2027 : vous devez être en capacité d’adresser à vos clients des factures électroniques Au 1er septembre 2027, votre entreprise 1 devra être en mesure d’émettre à destination des professionnels établis en France des factures sous forme électronique par l’intermédiaire d’une plateforme agréée. Vous devrez donc choisir une plateforme intermédiaire aussi pour l’émission de vos factures. Il peut s’agir de la même plateforme que c"
docs_tpe/fiche_4_premieres_etapes.pdf,1,/docs_tpe/fiche_4_premieres_etapes.pdf#page=1,Fiche 4 Quelles sont les premières étapes pour mon entreprise en matière de facturation électronique ? 1. S’informer et ,"Fiche 4 Quelles sont les premières étapes pour mon entreprise en matière de facturation électronique ? 1. S’informer et constituer un groupe de travail au sein de votre entreprise Avant toute chose, il convient de vous informer sur la réforme de la facturation à l’aide de la documentation disponible sur le site impots.gouv.fr. Ensuite, il est pertinent d’identifier les fonctions au sein de votre entreprise qui vont participer à la mutation de la facturation : direction générale, direction juridi"
docs_tpe/fiche_4_premieres_etapes.pdf,2,/docs_tpe/fiche_4_premieres_etapes.pdf#page=2,"3. Recenser vos besoins dans le cadre de la réforme, notamment par rapport aux factures que vous émettez Il convient de ","3. Recenser vos besoins dans le cadre de la réforme, notamment par rapport aux factures que vous émettez Il convient de recenser le matériel disponible dans l’entreprise pour la facturation : ordinateurs, tablettes, smartphones, connexion wifi, ADSL, etc. L’investissement, ou non, dans un équipement spécifique dépendra des outils que vous avez déjà (logiciels de caisse, facturation, métier, ERP,...), de la nature des opérations que vous réalisez et du nombre de transactions que vous effectuez. S"
docs_tpe/fiche_5_documentation_disponible.pdf,1,/docs_tpe/fiche_5_documentation_disponible.pdf#page=1,Fiche 5 Quelle documentation est disponible ? Où trouver de plus amples informations ? Pour vous informer sur la réforme,"Fiche 5 Quelle documentation est disponible ? Où trouver de plus amples informations ? Pour vous informer sur la réforme de la facturation, vous pouvez vous rendre sur la page impots.gouv.fr > Professionnel > Comment faire pour… - Gérer mon entreprise/association > Je passe à la facturation électronique et consulter la documentation mise à disposition. Celle-ci est régulièrement mise à jour et enrichie. Vous y trouverez : ➢ Une rubrique « je découvre la facturat ion électronique » qui vous perme"
docs_tpe/fiche_6_reception_factures.pdf,1,/docs_tpe/fiche_6_reception_factures.pdf#page=1,"Fiche 6 À compter du 1er septembre 2026, comment mon entreprise va- t-elle recevoir les factures électroniques de ses fo","Fiche 6 À compter du 1er septembre 2026, comment mon entreprise va- t-elle recevoir les factures électroniques de ses fournisseurs ? Réception des factures fournisseurs Les fournisseurs, plus particulièrement les grandes entreprises (par exemple secteur de l’énergie, de la téléphonie, fournisseur d ’accès internet) et les entreprises de taille intermédiaire seront dans l ’obligation d’émettre des factures électroniques dès le 1er septembre 2026. Ils adresseront ces factures sur la plateforme agr"
docs_tpe/fiche_6_reception_factures.pdf,2,/docs_tpe/fiche_6_reception_factures.pdf#page=2,"Suivi de la facture Le suivi des factures sera facilité par l’accès, sur votre plateforme agréée, aux « statuts » de la ","Suivi de la facture Le suivi des factures sera facilité par l’accès, sur votre plateforme agréée, aux « statuts » de la facture. Ils indiqueront à quelle étape de traitement en est une facture dans le circuit de transmission. Vous aurez toujours la possibilité de «refuser» une facture si elle ne correspond pas aux termes du contrat ou qu’elle comporte des erreurs (par exemple, non conforme à la commande, à la livraison ou à la prestation, ou toute autre raison). Le refus est motivé et cette acti"
docs_tpe/fiche_7_e_reporting_transactions.pdf,1,/docs_tpe/fiche_7_e_reporting_transactions.pdf#page=1,Fiche 7 Transmission des données de transaction (ou e-reporting de transaction) : mon entreprise est-elle concernée ? Qu,"Fiche 7 Transmission des données de transaction (ou e-reporting de transaction) : mon entreprise est-elle concernée ? Quand, quoi et comment ? Le dispositif de facturation électronique vise les opérations avec vos fournisseurs et clients professionnels assujettis établis en France. Il est complété par deux autres volets : • la transmission des données de transactions (ou e-reporting de transactions) • la transmission des données de paiement (ou e-reporting de paiement)  Mon entreprise sera-t-el"
docs_tpe/fiche_7_e_reporting_transactions.pdf,2,/docs_tpe/fiche_7_e_reporting_transactions.pdf#page=2,"Quelles données seront à transmettre ? Seules les données utiles à l’administration, et non l’intégralité des données de","Quelles données seront à transmettre ? Seules les données utiles à l’administration, et non l’intégralité des données des opérations, sont attendues. ➢ Si vous réalisez des ventes et/ou des prestations de service au profit de personnes non assujetties , il vous sera demandé votre chiffre d’affaires réalisé par jour (à répartir par taux de TVA si nécessaire). ➢ Si vous effectuez des achats ou ventes de biens ou de prestations de services avec des fournisseurs ou des clients assujettis établis dan"
docs_tpe/fiche_8_e_reporting_paiements.pdf,1,/docs_tpe/fiche_8_e_reporting_paiements.pdf#page=1,Fiche 8 Transmission des données de paiement (ou e-reporting de paiement) Mon entreprise doit-elle transmettre les donné,"Fiche 8 Transmission des données de paiement (ou e-reporting de paiement) Mon entreprise doit-elle transmettre les données de paiement sur toutes les opérations qu’elle réalise (achat/vente, prestations de service/livraisons de biens) ? Dans le cadre du dispositif, les entreprises...  réalisant des prestations de service en France ou à l’étranger,  faisant l’objet d’une facture électronique ou pas,  à destination de professionnels ou de clients non assujettis … devront transmettre à l’adminis"
docs_tpe/fiche_8_e_reporting_paiements.pdf,2,/docs_tpe/fiche_8_e_reporting_paiements.pdf#page=2,Quelles données transmettre ? Ces données de paiement sont : - votre numéro de SIREN en tant que founisseur de la presta,"Quelles données transmettre ? Ces données de paiement sont : - votre numéro de SIREN en tant que founisseur de la prestation de services - la date d’encaissement - le montant encaissé - la période au titre de laquelle la transmission est effectuée (déterminée selon le régime de TVA de l’entreprise) Bon à savoir 1. En cas de factures ou opérations incluant plusieurs taux de TVA, le montant encaissé devra être réparti selon les taux de TVA appliqués. 2. En cas de paiement partiel, c’est ce montant"
docs_tpe/fiche_9_equipement_logiciel.pdf,1,/docs_tpe/fiche_9_equipement_logiciel.pdf#page=1,Fiche 9 De quel équipement / logiciel mon entreprise aura-t-elle besoin pour la facturation électronique et/ou le e-repo,"Fiche 9 De quel équipement / logiciel mon entreprise aura-t-elle besoin pour la facturation électronique et/ou le e-reporting ? Votre besoin d’équipement sera déterminé par plusieurs critères : votre activité, votre clientèle, le nombre d’opérations que vous réalisez quotidiennement et/ou de factures que vous émettez.  Si vous utilisez déjà un logiciel (caisse, facturation, métier, ERP…) pour l’ensemble de vos opérations, même avec des clients non assujettis à la TVA, il devrait vous permettre "
